[2026-06-09 13:40:52Z INFO HostContext] No proxy settings were found based on environmental variables (http_proxy/https_proxy/HTTP_PROXY/HTTPS_PROXY)
[2026-06-09 13:40:52Z INFO HostContext] Well known directory 'Bin': 'C:\Users\vvaka\VisualStudio\repos\WorldBank.Automation.Solution\src\Automation.Framework\actions-runner\actions-runner-win-x64-2.334.0\bin'
[2026-06-09 13:40:52Z INFO HostContext] Well known directory 'Root': 'C:\Users\vvaka\VisualStudio\repos\WorldBank.Automation.Solution\src\Automation.Framework\actions-runner\actions-runner-win-x64-2.334.0'
[2026-06-09 13:40:52Z INFO HostContext] Well known config file 'Credentials': 'C:\Users\vvaka\VisualStudio\repos\WorldBank.Automation.Solution\src\Automation.Framework\actions-runner\actions-runner-win-x64-2.334.0\.credentials'
[2026-06-09 13:40:52Z INFO HostContext] Well known directory 'Bin': 'C:\Users\vvaka\VisualStudio\repos\WorldBank.Automation.Solution\src\Automation.Framework\actions-runner\actions-runner-win-x64-2.334.0\bin'
[2026-06-09 13:40:52Z INFO HostContext] Well known directory 'Root': 'C:\Users\vvaka\VisualStudio\repos\WorldBank.Automation.Solution\src\Automation.Framework\actions-runner\actions-runner-win-x64-2.334.0'
[2026-06-09 13:40:52Z INFO HostContext] Well known config file 'Runner': 'C:\Users\vvaka\VisualStudio\repos\WorldBank.Automation.Solution\src\Automation.Framework\actions-runner\actions-runner-win-x64-2.334.0\.runner'
[2026-06-09 13:40:52Z INFO Worker] Version: 2.334.0
[2026-06-09 13:40:52Z INFO Worker] Commit: f1995ede5d885c997d13d8eca5467c4ce97fe69c
[2026-06-09 13:40:52Z INFO Worker] Culture: en-US
[2026-06-09 13:40:52Z INFO Worker] UI Culture: en-US
[2026-06-09 13:40:52Z INFO Worker] Waiting to receive the job message from the channel.
[2026-06-09 13:40:52Z INFO ProcessChannel] Receiving message of length 25665, with hash 'cc70e526a68916ff4a72af43b8efa029d31b9d0832d7514b3129dfa67d962bc8'
[2026-06-09 13:40:52Z INFO Worker] Message received.
[2026-06-09 13:40:52Z INFO Worker] Job message:
 {
  "environmentVariables": [
    {
      "type": 2,
      "file": 1,
      "line": 23,
      "col": 7,
      "map": [
        {
          "key": {
            "type": 0,
            "file": 1,
            "line": 23,
            "col": 7,
            "lit": "CI"
          },
          "value": {
            "type": 0,
            "file": 1,
            "line": 23,
            "col": 11,
            "lit": "true"
          }
        }
      ]
    }
  ],
  "fileTable": [
    ".github/workflows/playwright.yml"
  ],
  "mask": [
    {
      "type": "regex",
      "value": "***"
    },
    {
      "type": "regex",
      "value": "***"
    },
    {
      "type": "regex",
      "value": "***"
    },
    {
      "type": "regex",
      "value": "***"
    },
    {
      "type": "regex",
      "value": "***"
    },
    {
      "type": "regex",
      "value": "***"
    },
    {
      "type": "regex",
      "value": "***"
    },
    {
      "type": "regex",
      "value": "***"
    },
    {
      "type": "regex",
      "value": "***"
    },
    {
      "type": "regex",
      "value": "***"
    },
    {
      "type": "regex",
      "value": "***"
    },
    {
      "type": "regex",
      "value": "***"
    },
    {
      "type": "regex",
      "value": "***"
    },
    {
      "type": "regex",
      "value": "***"
    },
    {
      "type": "regex",
      "value": "***"
    },
    {
      "type": "regex",
      "value": "***"
    },
    {
      "type": "regex",
      "value": "***"
    },
    {
      "type": "regex",
      "value": "***"
    },
    {
      "type": "regex",
      "value": "***"
    },
    {
      "type": "regex",
      "value": "***"
    },
    {
      "type": "regex",
      "value": "***"
    },
    {
      "type": "regex",
      "value": "***"
    },
    {
      "type": "regex",
      "value": "***"
    },
    {
      "type": "regex",
      "value": "***"
    }
  ],
  "steps": [
    {
      "type": "action",
      "reference": {
        "type": "repository",
        "name": "actions/checkout",
        "ref": "v4",
        "repositoryType": "GitHub"
      },
      "displayNameToken": {
        "type": 0,
        "file": 1,
        "line": 26,
        "col": 15,
        "lit": "📥 Checkout Repository"
      },
      "contextName": "__actions_checkout",
      "condition": "success()",
      "id": "a0176d91-81ce-42d8-9e6e-82628dafab82",
      "name": "__actions_checkout"
    },
    {
      "type": "action",
      "reference": {
        "type": "repository",
        "name": "actions/setup-dotnet",
        "ref": "v4",
        "repositoryType": "GitHub"
      },
      "displayNameToken": {
        "type": 0,
        "file": 1,
        "line": 29,
        "col": 15,
        "lit": "⚙️ Setup .NET SDK"
      },
      "contextName": "__actions_setup-dotnet",
      "inputs": {
        "type": 2,
        "file": 1,
        "line": 32,
        "col": 11,
        "map": [
          {
            "key": {
              "type": 0,
              "file": 1,
              "line": 32,
              "col": 11,
              "lit": "dotnet-version"
            },
            "value": {
              "type": 0,
              "file": 1,
              "line": 32,
              "col": 27,
              "lit": "10.0.x"
            }
          }
        ]
      },
      "condition": "success()",
      "id": "136db6e3-e8a0-46a1-886f-8c5405a1f681",
      "name": "__actions_setup-dotnet"
    },
    {
      "type": "action",
      "reference": {
        "type": "script"
      },
      "displayNameToken": {
        "type": 0,
        "file": 1,
        "line": 34,
        "col": 15,
        "lit": "🏗️ Build Framework"
      },
      "contextName": "__run",
      "inputs": {
        "type": 2,
        "map": [
          {
            "key": "script",
            "value": {
              "type": 0,
              "file": 1,
              "line": 35,
              "col": 14,
              "lit": "dotnet build src/ --configuration Release"
            }
          }
        ]
      },
      "condition": "success()",
      "id": "e485854f-f96e-4e32-bfe5-c6a788bada68",
      "name": "__run"
    },
    {
      "type": "action",
      "reference": {
        "type": "script"
      },
      "displayNameToken": {
        "type": 0,
        "file": 1,
        "line": 37,
        "col": 15,
        "lit": "🌐 Install Playwright Browsers & OS Dependencies"
      },
      "contextName": "__run_2",
      "inputs": {
        "type": 2,
        "map": [
          {
            "key": "script",
            "value": {
              "type": 0,
              "file": 1,
              "line": 39,
              "col": 14,
              "lit": "pwsh src/bin/Release/net10.0/playwright.ps1 install --with-deps"
            }
          }
        ]
      },
      "condition": "success()",
      "id": "97ebbde5-51db-4db8-a8bd-adfbbfd303b4",
      "name": "__run_2"
    },
    {
      "type": "action",
      "reference": {
        "type": "script"
      },
      "displayNameToken": {
        "type": 0,
        "file": 1,
        "line": 41,
        "col": 15,
        "lit": "🧪 Execute UI Test Suite"
      },
      "contextName": "__run_3",
      "inputs": {
        "type": 2,
        "map": [
          {
            "key": "script",
            "value": {
              "type": 0,
              "file": 1,
              "line": 43,
              "col": 14,
              "lit": "dotnet test src/ --configuration Release --no-build --verbosity normal --logger:\"trx;LogFileName=TestResults.trx\" --results-directory ./TestResults"
            }
          }
        ]
      },
      "condition": "success()",
      "id": "88df8991-1701-4a5d-b97f-f12b4d634a33",
      "name": "__run_3"
    },
    {
      "type": "action",
      "reference": {
        "type": "repository",
        "name": "simple-elf/allure-report-action",
        "ref": "master",
        "repositoryType": "GitHub"
      },
      "displayNameToken": {
        "type": 0,
        "file": 1,
        "line": 45,
        "col": 15,
        "lit": "📊 Generate Allure Report"
      },
      "contextName": "allure-report",
      "inputs": {
        "type": 2,
        "file": 1,
        "line": 51,
        "col": 11,
        "map": [
          {
            "key": {
              "type": 0,
              "file": 1,
              "line": 51,
              "col": 11,
              "lit": "allure_results"
            },
            "value": {
              "type": 0,
              "file": 1,
              "line": 51,
              "col": 27,
              "lit": "src/bin/Release/net10.0/allure-results"
            }
          },
          {
            "key": {
              "type": 0,
              "file": 1,
              "line": 52,
              "col": 11,
              "lit": "gh_pages"
            },
            "value": {
              "type": 0,
              "file": 1,
              "line": 52,
              "col": 21,
              "lit": "gh-pages"
            }
          },
          {
            "key": {
              "type": 0,
              "file": 1,
              "line": 53,
              "col": 11,
              "lit": "allure_report"
            },
            "value": {
              "type": 0,
              "file": 1,
              "line": 53,
              "col": 26,
              "lit": "allure-report"
            }
          },
          {
            "key": {
              "type": 0,
              "file": 1,
              "line": 54,
              "col": 11,
              "lit": "allure_history"
            },
            "value": {
              "type": 0,
              "file": 1,
              "line": 54,
              "col": 27,
              "lit": "allure-history"
            }
          }
        ]
      },
      "condition": "always()",
      "id": "b51d1b4a-151b-4dfe-855b-f8ee9a790a7e",
      "name": "allure-report"
    },
    {
      "type": "action",
      "reference": {
        "type": "repository",
        "name": "peaceiris/actions-gh-pages",
        "ref": "v3",
        "repositoryType": "GitHub"
      },
      "displayNameToken": {
        "type": 0,
        "file": 1,
        "line": 56,
        "col": 15,
        "lit": "🚀 Deploy Allure Report to GitHub Pages"
      },
      "contextName": "__peaceiris_actions-gh-pages",
      "inputs": {
        "type": 2,
        "file": 1,
        "line": 60,
        "col": 11,
        "map": [
          {
            "key": {
              "type": 0,
              "file": 1,
              "line": 60,
              "col": 11,
              "lit": "github_token"
            },
            "value": {
              "type": 3,
              "file": 1,
              "line": 60,
              "col": 25,
              "expr": "secrets.GITHUB_TOKEN"
            }
          },
          {
            "key": {
              "type": 0,
              "file": 1,
              "line": 61,
              "col": 11,
              "lit": "publish_branch"
            },
            "value": {
              "type": 0,
              "file": 1,
              "line": 61,
              "col": 27,
              "lit": "gh-pages"
            }
          },
          {
            "key": {
              "type": 0,
              "file": 1,
              "line": 62,
              "col": 11,
              "lit": "publish_dir"
            },
            "value": {
              "type": 0,
              "file": 1,
              "line": 62,
              "col": 24,
              "lit": "allure-history"
            }
          }
        ]
      },
      "condition": "always()",
      "id": "dd813047-a591-4b9d-b17e-50824162ae7c",
      "name": "__peaceiris_actions-gh-pages"
    },
    {
      "type": "action",
      "reference": {
        "type": "repository",
        "name": "actions/upload-artifact",
        "ref": "v4",
        "repositoryType": "GitHub"
      },
      "displayNameToken": {
        "type": 0,
        "file": 1,
        "line": 64,
        "col": 15,
        "lit": "📊 Upload Test Results (On Failure)"
      },
      "contextName": "__actions_upload-artifact",
      "inputs": {
        "type": 2,
        "file": 1,
        "line": 69,
        "col": 11,
        "map": [
          {
            "key": {
              "type": 0,
              "file": 1,
              "line": 69,
              "col": 11,
              "lit": "name"
            },
            "value": {
              "type": 0,
              "file": 1,
              "line": 69,
              "col": 17,
              "lit": "nunit-test-results"
            }
          },
          {
            "key": {
              "type": 0,
              "file": 1,
              "line": 70,
              "col": 11,
              "lit": "path"
            },
            "value": {
              "type": 0,
              "file": 1,
              "line": 70,
              "col": 17,
              "lit": "**/TestResults/*.trx"
            }
          },
          {
            "key": {
              "type": 0,
              "file": 1,
              "line": 71,
              "col": 11,
              "lit": "retention-days"
            },
            "value": {
              "type": 0,
              "file": 1,
              "line": 71,
              "col": 27,
              "lit": "7"
            }
          }
        ]
      },
      "condition": "always()",
      "id": "a807ddf6-dbd3-46e6-b65a-6a23ba7180af",
      "name": "__actions_upload-artifact"
    }
  ],
  "variables": {
    "Actions.EnableHttpRedirects": {
      "value": "true"
    },
    "DistributedTask.AddWarningToNode12Action": {
      "value": "true"
    },
    "DistributedTask.AddWarningToNode16Action": {
      "value": "true"
    },
    "DistributedTask.AllowRunnerContainerHooks": {
      "value": "true"
    },
    "DistributedTask.DeprecateStepOutputCommands": {
      "value": "true"
    },
    "DistributedTask.DetailUntarFailure": {
      "value": "true"
    },
    "DistributedTask.EnableCompositeActions": {
      "value": "true"
    },
    "DistributedTask.EnableJobServerQueueTelemetry": {
      "value": "true"
    },
    "DistributedTask.EnhancedAnnotations": {
      "value": "true"
    },
    "DistributedTask.ForceGithubJavascriptActionsToNode16": {
      "value": "true"
    },
    "DistributedTask.ForceGithubJavascriptActionsToNode20": {
      "value": "true"
    },
    "DistributedTask.LogTemplateErrorsAsDebugMessages": {
      "value": "true"
    },
    "DistributedTask.MarkJobAsFailedOnWorkerCrash": {
      "value": "true"
    },
    "DistributedTask.NewActionMetadata": {
      "value": "true"
    },
    "DistributedTask.UploadStepSummary": {
      "value": "true"
    },
    "DistributedTask.UseActionArchiveCache": {
      "value": "true"
    },
    "DistributedTask.UseWhich2": {
      "value": "true"
    },
    "RunService.FixEmbeddedIssues": {
      "value": "true"
    },
    "actions.runner.requirenode24": {
      "value": "false"
    },
    "actions.runner.usenode24bydefault": {
      "value": "false"
    },
    "actions.runner.warnonnode20": {
      "value": "true"
    },
    "actions_add_check_run_id_to_job_context": {
      "value": "true"
    },
    "actions_batch_action_resolution": {
      "value": "false"
    },
    "actions_container_action_runner_temp": {
      "value": "true"
    },
    "actions_display_helpful_actions_download_errors": {
      "value": "true"
    },
    "actions_runner_compare_workflow_parser": {
      "value": "false"
    },
    "actions_runner_deprecate_linux_arm32": {
      "value": "false"
    },
    "actions_runner_emit_composite_markers": {
      "value": "false"
    },
    "actions_runner_kill_linux_arm32": {
      "value": "false"
    },
    "actions_runner_node20_removal_date": {
      "value": ""
    },
    "actions_runner_node24_default_date": {
      "value": "June 16th, 2026"
    },
    "actions_service_container_command": {
      "value": "true"
    },
    "actions_set_orchestration_id_env_for_actions": {
      "value": "true"
    },
    "actions_skip_retry_complete_job_upon_known_errors": {
      "value": "true"
    },
    "actions_snapshot_preflight_hosted_runner_check": {
      "value": "false"
    },
    "actions_snapshot_preflight_image_gen_pool_check": {
      "value": "false"
    },
    "actions_use_bearer_token_for_codeload": {
      "value": "false"
    },
    "actions_uses_cache_service_v2": {
      "value": "true"
    },
    "github_token": {
      "value": "***",
      "isSecret": true
    },
    "system.from_run_service": {
      "value": "true"
    },
    "system.github.job": {
      "value": "playwright-tests"
    },
    "system.github.launch_endpoint": {
      "value": "https://launch.actions.githubusercontent.com"
    },
    "system.github.results_endpoint": {
      "value": "https://results-receiver.actions.githubusercontent.com/"
    },
    "system.github.results_upload_with_sdk": {
      "value": "true"
    },
    "system.github.token": {
      "value": "***",
      "isSecret": true
    },
    "system.github.token.permissions": {
      "value": "{\"Contents\":\"write\",\"Metadata\":\"read\"}"
    },
    "system.orchestrationId": {
      "value": "8ea6133f-daed-44ff-a4f2-b2d6af1bbd07.playwright-tests.__default"
    },
    "system.phaseDisplayName": {
      "value": "playwright-tests"
    },
    "system.runner.lowdiskspacethreshold": {
      "value": "100"
    },
    "system.runnerEnvironment": {
      "value": "self-hosted"
    },
    "system.runnerGroupName": {
      "value": "Default"
    }
  },
  "messageType": "RunnerJobRequest",
  "plan": {
    "scopeIdentifier": "00000000-0000-0000-0000-000000000000",
    "planType": "actions",
    "version": 0,
    "planId": "8ea6133f-daed-44ff-a4f2-b2d6af1bbd07",
    "planGroup": null,
    "artifactUri": null,
    "artifactLocation": null,
    "definition": null,
    "owner": null
  },
  "timeline": {
    "id": "8ea6133f-daed-44ff-a4f2-b2d6af1bbd07",
    "changeId": 0,
    "location": null
  },
  "jobId": "3831458a-9941-56d6-a170-0d163c229210",
  "jobDisplayName": "playwright-tests",
  "jobName": "__default",
  "requestId": 0,
  "lockedUntil": "0001-01-01T00:00:00",
  "resources": {
    "endpoints": [
      {
        "data": {
          "ServerId": "",
          "ServerName": "",
          "CacheServerUrl": "https://artifactcache.actions.githubusercontent.com/C5Yqq7pk47k0t6JeP5CJzmKbW01XgyzXfxxYEL5K3dDpanzavo/",
          "FeedStreamUrl": "wss://results-receiver.actions.githubusercontent.com/_ws/ingest.sock",
          "ResultsServiceUrl": "https://results-receiver.actions.githubusercontent.com/",
          "PipelinesServiceUrl": "https://pipelinesghubeus15.actions.githubusercontent.com/C5Yqq7pk47k0t6JeP5CJzmKbW01XgyzXfxxYEL5K3dDpanzavo/",
          "GenerateIdTokenUrl": "",
          "ConnectivityChecks": "[\"https://broker.actions.githubusercontent.com/health\",\"https://token.actions.githubusercontent.com/ready\",\"https://run.actions.githubusercontent.com/health\"]"
        },
        "name": "SystemVssConnection",
        "url": "https://run-actions-2-azure-eastus.actions.githubusercontent.com/69/",
        "authorization": {
          "parameters": {
            "AccessToken": "***"
          },
          "scheme": "OAuth"
        },
        "isShared": false,
        "isReady": true
      }
    ]
  },
  "contextData": {
    "github": {
      "t": 2,
      "d": [
        {
          "k": "ref",
          "v": "refs/heads/main"
        },
        {
          "k": "sha",
          "v": "15e23f30c7145f5f786afc1b94d54384d0324901"
        },
        {
          "k": "repository",
          "v": "ViktorVakareev/WorldBank-Core-Automation-Playwrite"
        },
        {
          "k": "repository_owner",
          "v": "ViktorVakareev"
        },
        {
          "k": "repository_owner_id",
          "v": "79919124"
        },
        {
          "k": "repositoryUrl",
          "v": "git://github.com/ViktorVakareev/WorldBank-Core-Automation-Playwrite.git"
        },
        {
          "k": "run_id",
          "v": "27209747855"
        },
        {
          "k": "run_number",
          "v": "7"
        },
        {
          "k": "retention_days",
          "v": "90"
        },
        {
          "k": "run_attempt",
          "v": "1"
        },
        {
          "k": "artifact_cache_size_limit",
          "v": "10"
        },
        {
          "k": "repository_visibility",
          "v": "public"
        },
        {
          "k": "actor_id",
          "v": "79919124"
        },
        {
          "k": "actor",
          "v": "ViktorVakareev"
        },
        {
          "k": "workflow",
          "v": "E2E Quality Gate"
        },
        {
          "k": "head_ref",
          "v": ""
        },
        {
          "k": "base_ref",
          "v": ""
        },
        {
          "k": "event_name",
          "v": "workflow_dispatch"
        },
        {
          "k": "server_url",
          "v": "https://github.com"
        },
        {
          "k": "api_url",
          "v": "https://api.github.com"
        },
        {
          "k": "graphql_url",
          "v": "https://api.github.com/graphql"
        },
        {
          "k": "ref_name",
          "v": "main"
        },
        {
          "k": "ref_protected",
          "v": false
        },
        {
          "k": "ref_type",
          "v": "branch"
        },
        {
          "k": "secret_source",
          "v": "Actions"
        },
        {
          "k": "event",
          "v": {
            "t": 2,
            "d": [
              {
                "k": "ref",
                "v": "refs/heads/main"
              },
              {
                "k": "workflow",
                "v": ".github/workflows/playwright.yml"
              },
              {
                "k": "inputs",
                "v": null
              },
              {
                "k": "repository",
                "v": {
                  "t": 2,
                  "d": [
                    {
                      "k": "id",
                      "v": 1247090621.0
                    },
                    {
                      "k": "node_id",
                      "v": "R_kgDOSlUXvQ"
                    },
                    {
                      "k": "name",
                      "v": "WorldBank-Core-Automation-Playwrite"
                    },
                    {
                      "k": "full_name",
                      "v": "ViktorVakareev/WorldBank-Core-Automation-Playwrite"
                    },
                    {
                      "k": "private",
                      "v": false
                    },
                    {
                      "k": "owner",
                      "v": {
                        "t": 2,
                        "d": [
                          {
                            "k": "login",
                            "v": "ViktorVakareev"
                          },
                          {
                            "k": "id",
                            "v": 79919124.0
                          },
                          {
                            "k": "node_id",
                            "v": "MDQ6VXNlcjc5OTE5MTI0"
                          },
                          {
                            "k": "avatar_url",
                            "v": "https://avatars.githubusercontent.com/u/79919124?v=4"
                          },
                          {
                            "k": "gravatar_id",
                            "v": ""
                          },
                          {
                            "k": "url",
                            "v": "https://api.github.com/users/ViktorVakareev"
                          },
                          {
                            "k": "html_url",
                            "v": "https://github.com/ViktorVakareev"
                          },
                          {
                            "k": "followers_url",
                            "v": "https://api.github.com/users/ViktorVakareev/followers"
                          },
                          {
                            "k": "following_url",
                            "v": "https://api.github.com/users/ViktorVakareev/following{/other_user}"
                          },
                          {
                            "k": "gists_url",
                            "v": "https://api.github.com/users/ViktorVakareev/gists{/gist_id}"
                          },
                          {
                            "k": "starred_url",
                            "v": "https://api.github.com/users/ViktorVakareev/starred{/owner}{/repo}"
                          },
                          {
                            "k": "subscriptions_url",
                            "v": "https://api.github.com/users/ViktorVakareev/subscriptions"
                          },
                          {
                            "k": "organizations_url",
                            "v": "https://api.github.com/users/ViktorVakareev/orgs"
                          },
                          {
                            "k": "repos_url",
                            "v": "https://api.github.com/users/ViktorVakareev/repos"
                          },
                          {
                            "k": "events_url",
                            "v": "https://api.github.com/users/ViktorVakareev/events{/privacy}"
                          },
                          {
                            "k": "received_events_url",
                            "v": "https://api.github.com/users/ViktorVakareev/received_events"
                          },
                          {
                            "k": "type",
                            "v": "User"
                          },
                          {
                            "k": "user_view_type",
                            "v": "public"
                          },
                          {
                            "k": "site_admin",
                            "v": false
                          }
                        ]
                      }
                    },
                    {
                      "k": "html_url",
                      "v": "https://github.com/ViktorVakareev/WorldBank-Core-Automation-Playwrite"
                    },
                    {
                      "k": "description",
                      "v": null
                    },
                    {
                      "k": "fork",
                      "v": false
                    },
                    {
                      "k": "url",
                      "v": "https://api.github.com/repos/ViktorVakareev/WorldBank-Core-Automation-Playwrite"
                    },
                    {
                      "k": "forks_url",
                      "v": "https://api.github.com/repos/ViktorVakareev/WorldBank-Core-Automation-Playwrite/forks"
                    },
                    {
                      "k": "keys_url",
                      "v": "https://api.github.com/repos/ViktorVakareev/WorldBank-Core-Automation-Playwrite/keys{/key_id}"
                    },
                    {
                      "k": "collaborators_url",
                      "v": "https://api.github.com/repos/ViktorVakareev/WorldBank-Core-Automation-Playwrite/collaborators{/collaborator}"
                    },
                    {
                      "k": "teams_url",
                      "v": "https://api.github.com/repos/ViktorVakareev/WorldBank-Core-Automation-Playwrite/teams"
                    },
                    {
                      "k": "hooks_url",
                      "v": "https://api.github.com/repos/ViktorVakareev/WorldBank-Core-Automation-Playwrite/hooks"
                    },
                    {
                      "k": "issue_events_url",
                      "v": "https://api.github.com/repos/ViktorVakareev/WorldBank-Core-Automation-Playwrite/issues/events{/number}"
                    },
                    {
                      "k": "events_url",
                      "v": "https://api.github.com/repos/ViktorVakareev/WorldBank-Core-Automation-Playwrite/events"
                    },
                    {
                      "k": "assignees_url",
                      "v": "https://api.github.com/repos/ViktorVakareev/WorldBank-Core-Automation-Playwrite/assignees{/user}"
                    },
                    {
                      "k": "branches_url",
                      "v": "https://api.github.com/repos/ViktorVakareev/WorldBank-Core-Automation-Playwrite/branches{/branch}"
                    },
                    {
                      "k": "tags_url",
                      "v": "https://api.github.com/repos/ViktorVakareev/WorldBank-Core-Automation-Playwrite/tags"
                    },
                    {
                      "k": "blobs_url",
                      "v": "https://api.github.com/repos/ViktorVakareev/WorldBank-Core-Automation-Playwrite/git/blobs{/sha}"
                    },
                    {
                      "k": "git_tags_url",
                      "v": "https://api.github.com/repos/ViktorVakareev/WorldBank-Core-Automation-Playwrite/git/tags{/sha}"
                    },
                    {
                      "k": "git_refs_url",
                      "v": "https://api.github.com/repos/ViktorVakareev/WorldBank-Core-Automation-Playwrite/git/refs{/sha}"
                    },
                    {
                      "k": "trees_url",
                      "v": "https://api.github.com/repos/ViktorVakareev/WorldBank-Core-Automation-Playwrite/git/trees{/sha}"
                    },
                    {
                      "k": "statuses_url",
                      "v": "https://api.github.com/repos/ViktorVakareev/WorldBank-Core-Automation-Playwrite/statuses/{sha}"
                    },
                    {
                      "k": "languages_url",
                      "v": "https://api.github.com/repos/ViktorVakareev/WorldBank-Core-Automation-Playwrite/languages"
                    },
                    {
                      "k": "stargazers_url",
                      "v": "https://api.github.com/repos/ViktorVakareev/WorldBank-Core-Automation-Playwrite/stargazers"
                    },
                    {
                      "k": "contributors_url",
                      "v": "https://api.github.com/repos/ViktorVakareev/WorldBank-Core-Automation-Playwrite/contributors"
                    },
                    {
                      "k": "subscribers_url",
                      "v": "https://api.github.com/repos/ViktorVakareev/WorldBank-Core-Automation-Playwrite/subscribers"
                    },
                    {
                      "k": "subscription_url",
                      "v": "https://api.github.com/repos/ViktorVakareev/WorldBank-Core-Automation-Playwrite/subscription"
                    },
                    {
                      "k": "commits_url",
                      "v": "https://api.github.com/repos/ViktorVakareev/WorldBank-Core-Automation-Playwrite/commits{/sha}"
                    },
                    {
                      "k": "git_commits_url",
                      "v": "https://api.github.com/repos/ViktorVakareev/WorldBank-Core-Automation-Playwrite/git/commits{/sha}"
                    },
                    {
                      "k": "comments_url",
                      "v": "https://api.github.com/repos/ViktorVakareev/WorldBank-Core-Automation-Playwrite/comments{/number}"
                    },
                    {
                      "k": "issue_comment_url",
                      "v": "https://api.github.com/repos/ViktorVakareev/WorldBank-Core-Automation-Playwrite/issues/comments{/number}"
                    },
                    {
                      "k": "contents_url",
                      "v": "https://api.github.com/repos/ViktorVakareev/WorldBank-Core-Automation-Playwrite/contents/{+path}"
                    },
                    {
                      "k": "compare_url",
                      "v": "https://api.github.com/repos/ViktorVakareev/WorldBank-Core-Automation-Playwrite/compare/{base}...{head}"
                    },
                    {
                      "k": "merges_url",
                      "v": "https://api.github.com/repos/ViktorVakareev/WorldBank-Core-Automation-Playwrite/merges"
                    },
                    {
                      "k": "archive_url",
                      "v": "https://api.github.com/repos/ViktorVakareev/WorldBank-Core-Automation-Playwrite/{archive_format}{/ref}"
                    },
                    {
                      "k": "downloads_url",
                      "v": "https://api.github.com/repos/ViktorVakareev/WorldBank-Core-Automation-Playwrite/downloads"
                    },
                    {
                      "k": "issues_url",
                      "v": "https://api.github.com/repos/ViktorVakareev/WorldBank-Core-Automation-Playwrite/issues{/number}"
                    },
                    {
                      "k": "pulls_url",
                      "v": "https://api.github.com/repos/ViktorVakareev/WorldBank-Core-Automation-Playwrite/pulls{/number}"
                    },
                    {
                      "k": "milestones_url",
                      "v": "https://api.github.com/repos/ViktorVakareev/WorldBank-Core-Automation-Playwrite/milestones{/number}"
                    },
                    {
                      "k": "notifications_url",
                      "v": "https://api.github.com/repos/ViktorVakareev/WorldBank-Core-Automation-Playwrite/notifications{?since,all,participating}"
                    },
                    {
                      "k": "labels_url",
                      "v": "https://api.github.com/repos/ViktorVakareev/WorldBank-Core-Automation-Playwrite/labels{/name}"
                    },
                    {
                      "k": "releases_url",
                      "v": "https://api.github.com/repos/ViktorVakareev/WorldBank-Core-Automation-Playwrite/releases{/id}"
                    },
                    {
                      "k": "deployments_url",
                      "v": "https://api.github.com/repos/ViktorVakareev/WorldBank-Core-Automation-Playwrite/deployments"
                    },
                    {
                      "k": "created_at",
                      "v": "2026-05-22T22:25:56Z"
                    },
                    {
                      "k": "updated_at",
                      "v": "2026-06-09T13:22:43Z"
                    },
                    {
                      "k": "pushed_at",
                      "v": "2026-06-09T13:16:59Z"
                    },
                    {
                      "k": "git_url",
                      "v": "git://github.com/ViktorVakareev/WorldBank-Core-Automation-Playwrite.git"
                    },
                    {
                      "k": "ssh_url",
                      "v": "git@github.com:ViktorVakareev/WorldBank-Core-Automation-Playwrite.git"
                    },
                    {
                      "k": "clone_url",
                      "v": "https://github.com/ViktorVakareev/WorldBank-Core-Automation-Playwrite.git"
                    },
                    {
                      "k": "svn_url",
                      "v": "https://github.com/ViktorVakareev/WorldBank-Core-Automation-Playwrite"
                    },
                    {
                      "k": "homepage",
                      "v": null
                    },
                    {
                      "k": "size",
                      "v": 32.0
                    },
                    {
                      "k": "stargazers_count",
                      "v": 0.0
                    },
                    {
                      "k": "watchers_count",
                      "v": 0.0
                    },
                    {
                      "k": "language",
                      "v": "TypeScript"
                    },
                    {
                      "k": "has_issues",
                      "v": true
                    },
                    {
                      "k": "has_projects",
                      "v": true
                    },
                    {
                      "k": "has_downloads",
                      "v": true
                    },
                    {
                      "k": "has_wiki",
                      "v": true
                    },
                    {
                      "k": "has_pages",
                      "v": false
                    },
                    {
                      "k": "has_discussions",
                      "v": false
                    },
                    {
                      "k": "forks_count",
                      "v": 0.0
                    },
                    {
                      "k": "mirror_url",
                      "v": null
                    },
                    {
                      "k": "archived",
                      "v": false
                    },
                    {
                      "k": "disabled",
                      "v": false
                    },
                    {
                      "k": "open_issues_count",
                      "v": 0.0
                    },
                    {
                      "k": "license",
                      "v": null
                    },
                    {
                      "k": "allow_forking",
                      "v": true
                    },
                    {
                      "k": "is_template",
                      "v": false
                    },
                    {
                      "k": "web_commit_signoff_required",
                      "v": false
                    },
                    {
                      "k": "has_pull_requests",
                      "v": true
                    },
                    {
                      "k": "pull_request_creation_policy",
                      "v": "all"
                    },
                    {
                      "k": "topics",
                      "v": {
                        "t": 1
                      }
                    },
                    {
                      "k": "visibility",
                      "v": "public"
                    },
                    {
                      "k": "forks",
                      "v": 0.0
                    },
                    {
                      "k": "open_issues",
                      "v": 0.0
                    },
                    {
                      "k": "watchers",
                      "v": 0.0
                    },
                    {
                      "k": "default_branch",
                      "v": "main"
                    }
                  ]
                }
              },
              {
                "k": "sender",
                "v": {
                  "t": 2,
                  "d": [
                    {
                      "k": "login",
                      "v": "ViktorVakareev"
                    },
                    {
                      "k": "id",
                      "v": 79919124.0
                    },
                    {
                      "k": "node_id",
                      "v": "MDQ6VXNlcjc5OTE5MTI0"
                    },
                    {
                      "k": "avatar_url",
                      "v": "https://avatars.githubusercontent.com/u/79919124?v=4"
                    },
                    {
                      "k": "gravatar_id",
                      "v": ""
                    },
                    {
                      "k": "url",
                      "v": "https://api.github.com/users/ViktorVakareev"
                    },
                    {
                      "k": "html_url",
                      "v": "https://github.com/ViktorVakareev"
                    },
                    {
                      "k": "followers_url",
                      "v": "https://api.github.com/users/ViktorVakareev/followers"
                    },
                    {
                      "k": "following_url",
                      "v": "https://api.github.com/users/ViktorVakareev/following{/other_user}"
                    },
                    {
                      "k": "gists_url",
                      "v": "https://api.github.com/users/ViktorVakareev/gists{/gist_id}"
                    },
                    {
                      "k": "starred_url",
                      "v": "https://api.github.com/users/ViktorVakareev/starred{/owner}{/repo}"
                    },
                    {
                      "k": "subscriptions_url",
                      "v": "https://api.github.com/users/ViktorVakareev/subscriptions"
                    },
                    {
                      "k": "organizations_url",
                      "v": "https://api.github.com/users/ViktorVakareev/orgs"
                    },
                    {
                      "k": "repos_url",
                      "v": "https://api.github.com/users/ViktorVakareev/repos"
                    },
                    {
                      "k": "events_url",
                      "v": "https://api.github.com/users/ViktorVakareev/events{/privacy}"
                    },
                    {
                      "k": "received_events_url",
                      "v": "https://api.github.com/users/ViktorVakareev/received_events"
                    },
                    {
                      "k": "type",
                      "v": "User"
                    },
                    {
                      "k": "user_view_type",
                      "v": "public"
                    },
                    {
                      "k": "site_admin",
                      "v": false
                    }
                  ]
                }
              }
            ]
          }
        },
        {
          "k": "workflow_ref",
          "v": "ViktorVakareev/WorldBank-Core-Automation-Playwrite/.github/workflows/playwright.yml@refs/heads/main"
        },
        {
          "k": "workflow_sha",
          "v": "15e23f30c7145f5f786afc1b94d54384d0324901"
        },
        {
          "k": "repository_id",
          "v": "1247090621"
        },
        {
          "k": "triggering_actor",
          "v": "ViktorVakareev"
        }
      ]
    },
    "inputs": {
      "t": 2
    },
    "job": {
      "t": 2,
      "d": [
        {
          "k": "check_run_id",
          "v": 80335199639.0
        },
        {
          "k": "workflow_ref",
          "v": "ViktorVakareev/WorldBank-Core-Automation-Playwrite/.github/workflows/playwright.yml@refs/heads/main"
        },
        {
          "k": "workflow_sha",
          "v": "15e23f30c7145f5f786afc1b94d54384d0324901"
        },
        {
          "k": "workflow_repository",
          "v": "ViktorVakareev/WorldBank-Core-Automation-Playwrite"
        },
        {
          "k": "workflow_file_path",
          "v": ".github/workflows/playwright.yml"
        }
      ]
    },
    "matrix": null,
    "needs": {
      "t": 2
    },
    "strategy": {
      "t": 2,
      "d": [
        {
          "k": "fail-fast",
          "v": true
        },
        {
          "k": "job-index",
          "v": 0.0
        },
        {
          "k": "job-total",
          "v": 1.0
        },
        {
          "k": "max-parallel",
          "v": 1.0
        }
      ]
    },
    "vars": {
      "t": 2
    }
  },
  "billingOwnerId": "U_kgDOBMN4FA"
}
[2026-06-09 13:40:52Z INFO JobRunner] Job ID 3831458a-9941-56d6-a170-0d163c229210
[2026-06-09 13:40:52Z INFO ConfigurationStore] currentAssemblyLocation: C:\Users\vvaka\VisualStudio\repos\WorldBank.Automation.Solution\src\Automation.Framework\actions-runner\actions-runner-win-x64-2.334.0\bin\Runner.Worker.dll
[2026-06-09 13:40:52Z INFO HostContext] Well known directory 'Bin': 'C:\Users\vvaka\VisualStudio\repos\WorldBank.Automation.Solution\src\Automation.Framework\actions-runner\actions-runner-win-x64-2.334.0\bin'
[2026-06-09 13:40:52Z INFO ConfigurationStore] binPath: C:\Users\vvaka\VisualStudio\repos\WorldBank.Automation.Solution\src\Automation.Framework\actions-runner\actions-runner-win-x64-2.334.0\bin
[2026-06-09 13:40:52Z INFO HostContext] Well known directory 'Bin': 'C:\Users\vvaka\VisualStudio\repos\WorldBank.Automation.Solution\src\Automation.Framework\actions-runner\actions-runner-win-x64-2.334.0\bin'
[2026-06-09 13:40:52Z INFO HostContext] Well known directory 'Root': 'C:\Users\vvaka\VisualStudio\repos\WorldBank.Automation.Solution\src\Automation.Framework\actions-runner\actions-runner-win-x64-2.334.0'
[2026-06-09 13:40:52Z INFO ConfigurationStore] RootFolder: C:\Users\vvaka\VisualStudio\repos\WorldBank.Automation.Solution\src\Automation.Framework\actions-runner\actions-runner-win-x64-2.334.0
[2026-06-09 13:40:52Z INFO HostContext] Well known directory 'Bin': 'C:\Users\vvaka\VisualStudio\repos\WorldBank.Automation.Solution\src\Automation.Framework\actions-runner\actions-runner-win-x64-2.334.0\bin'
[2026-06-09 13:40:52Z INFO HostContext] Well known directory 'Root': 'C:\Users\vvaka\VisualStudio\repos\WorldBank.Automation.Solution\src\Automation.Framework\actions-runner\actions-runner-win-x64-2.334.0'
[2026-06-09 13:40:52Z INFO HostContext] Well known config file 'Runner': 'C:\Users\vvaka\VisualStudio\repos\WorldBank.Automation.Solution\src\Automation.Framework\actions-runner\actions-runner-win-x64-2.334.0\.runner'
[2026-06-09 13:40:52Z INFO ConfigurationStore] ConfigFilePath: C:\Users\vvaka\VisualStudio\repos\WorldBank.Automation.Solution\src\Automation.Framework\actions-runner\actions-runner-win-x64-2.334.0\.runner
[2026-06-09 13:40:52Z INFO HostContext] Well known directory 'Bin': 'C:\Users\vvaka\VisualStudio\repos\WorldBank.Automation.Solution\src\Automation.Framework\actions-runner\actions-runner-win-x64-2.334.0\bin'
[2026-06-09 13:40:52Z INFO HostContext] Well known directory 'Root': 'C:\Users\vvaka\VisualStudio\repos\WorldBank.Automation.Solution\src\Automation.Framework\actions-runner\actions-runner-win-x64-2.334.0'
[2026-06-09 13:40:52Z INFO HostContext] Well known config file 'MigratedRunner': 'C:\Users\vvaka\VisualStudio\repos\WorldBank.Automation.Solution\src\Automation.Framework\actions-runner\actions-runner-win-x64-2.334.0\.runner_migrated'
[2026-06-09 13:40:52Z INFO ConfigurationStore] MigratedConfigFilePath: C:\Users\vvaka\VisualStudio\repos\WorldBank.Automation.Solution\src\Automation.Framework\actions-runner\actions-runner-win-x64-2.334.0\.runner_migrated
[2026-06-09 13:40:52Z INFO HostContext] Well known directory 'Bin': 'C:\Users\vvaka\VisualStudio\repos\WorldBank.Automation.Solution\src\Automation.Framework\actions-runner\actions-runner-win-x64-2.334.0\bin'
[2026-06-09 13:40:52Z INFO HostContext] Well known directory 'Root': 'C:\Users\vvaka\VisualStudio\repos\WorldBank.Automation.Solution\src\Automation.Framework\actions-runner\actions-runner-win-x64-2.334.0'
[2026-06-09 13:40:52Z INFO HostContext] Well known config file 'Credentials': 'C:\Users\vvaka\VisualStudio\repos\WorldBank.Automation.Solution\src\Automation.Framework\actions-runner\actions-runner-win-x64-2.334.0\.credentials'
[2026-06-09 13:40:52Z INFO ConfigurationStore] CredFilePath: C:\Users\vvaka\VisualStudio\repos\WorldBank.Automation.Solution\src\Automation.Framework\actions-runner\actions-runner-win-x64-2.334.0\.credentials
[2026-06-09 13:40:52Z INFO HostContext] Well known directory 'Bin': 'C:\Users\vvaka\VisualStudio\repos\WorldBank.Automation.Solution\src\Automation.Framework\actions-runner\actions-runner-win-x64-2.334.0\bin'
[2026-06-09 13:40:52Z INFO HostContext] Well known directory 'Root': 'C:\Users\vvaka\VisualStudio\repos\WorldBank.Automation.Solution\src\Automation.Framework\actions-runner\actions-runner-win-x64-2.334.0'
[2026-06-09 13:40:52Z INFO HostContext] Well known config file 'MigratedCredentials': 'C:\Users\vvaka\VisualStudio\repos\WorldBank.Automation.Solution\src\Automation.Framework\actions-runner\actions-runner-win-x64-2.334.0\.credentials_migrated'
[2026-06-09 13:40:52Z INFO ConfigurationStore] MigratedCredFilePath: C:\Users\vvaka\VisualStudio\repos\WorldBank.Automation.Solution\src\Automation.Framework\actions-runner\actions-runner-win-x64-2.334.0\.credentials_migrated
[2026-06-09 13:40:52Z INFO HostContext] Well known directory 'Bin': 'C:\Users\vvaka\VisualStudio\repos\WorldBank.Automation.Solution\src\Automation.Framework\actions-runner\actions-runner-win-x64-2.334.0\bin'
[2026-06-09 13:40:52Z INFO HostContext] Well known directory 'Root': 'C:\Users\vvaka\VisualStudio\repos\WorldBank.Automation.Solution\src\Automation.Framework\actions-runner\actions-runner-win-x64-2.334.0'
[2026-06-09 13:40:52Z INFO HostContext] Well known config file 'Service': 'C:\Users\vvaka\VisualStudio\repos\WorldBank.Automation.Solution\src\Automation.Framework\actions-runner\actions-runner-win-x64-2.334.0\.service'
[2026-06-09 13:40:52Z INFO ConfigurationStore] ServiceConfigFilePath: C:\Users\vvaka\VisualStudio\repos\WorldBank.Automation.Solution\src\Automation.Framework\actions-runner\actions-runner-win-x64-2.334.0\.service
[2026-06-09 13:40:52Z INFO ConfigurationStore] Read setting file: 425 chars
[2026-06-09 13:40:52Z INFO JobRunner] Initializing launch client
[2026-06-09 13:40:52Z INFO JobServerQueue] Initializing results client
[2026-06-09 13:40:52Z INFO ResultServer] Creating websocket client ...wss://results-receiver.actions.githubusercontent.com/_ws/ingest.sock
[2026-06-09 13:40:52Z INFO ResultServer] Attempting to start websocket client with delay 00:00:00.
[2026-06-09 13:40:52Z INFO JobServerQueue] Start process web console line queue.
[2026-06-09 13:40:52Z INFO JobServerQueue] Start process file upload queue.
[2026-06-09 13:40:52Z INFO JobServerQueue] Start results file upload queue.
[2026-06-09 13:40:52Z INFO JobServerQueue] Starting results-based upload queue...
[2026-06-09 13:40:52Z INFO JobServerQueue] Start process timeline update queue.
[2026-06-09 13:40:52Z INFO ExecutionContext] Initializing Job context
[2026-06-09 13:40:52Z INFO ExecutionContext] Initialize GitHub context
[2026-06-09 13:40:52Z INFO ExecutionContext] Initialize Env context
[2026-06-09 13:40:52Z INFO HostContext] Well known directory 'Bin': 'C:\Users\vvaka\VisualStudio\repos\WorldBank.Automation.Solution\src\Automation.Framework\actions-runner\actions-runner-win-x64-2.334.0\bin'
[2026-06-09 13:40:52Z INFO HostContext] Well known directory 'Root': 'C:\Users\vvaka\VisualStudio\repos\WorldBank.Automation.Solution\src\Automation.Framework\actions-runner\actions-runner-win-x64-2.334.0'
[2026-06-09 13:40:52Z INFO HostContext] Well known directory 'Diag': 'C:\Users\vvaka\VisualStudio\repos\WorldBank.Automation.Solution\src\Automation.Framework\actions-runner\actions-runner-win-x64-2.334.0\_diag'
[2026-06-09 13:40:52Z INFO HostContext] Well known directory 'Bin': 'C:\Users\vvaka\VisualStudio\repos\WorldBank.Automation.Solution\src\Automation.Framework\actions-runner\actions-runner-win-x64-2.334.0\bin'
[2026-06-09 13:40:52Z INFO HostContext] Well known directory 'Root': 'C:\Users\vvaka\VisualStudio\repos\WorldBank.Automation.Solution\src\Automation.Framework\actions-runner\actions-runner-win-x64-2.334.0'
[2026-06-09 13:40:52Z INFO HostContext] Well known directory 'Diag': 'C:\Users\vvaka\VisualStudio\repos\WorldBank.Automation.Solution\src\Automation.Framework\actions-runner\actions-runner-win-x64-2.334.0\_diag'
[2026-06-09 13:40:52Z INFO JobRunner] Starting the job execution context.
[2026-06-09 13:40:52Z INFO HostContext] Well known directory 'Bin': 'C:\Users\vvaka\VisualStudio\repos\WorldBank.Automation.Solution\src\Automation.Framework\actions-runner\actions-runner-win-x64-2.334.0\bin'
[2026-06-09 13:40:52Z INFO HostContext] Well known directory 'Root': 'C:\Users\vvaka\VisualStudio\repos\WorldBank.Automation.Solution\src\Automation.Framework\actions-runner\actions-runner-win-x64-2.334.0'
[2026-06-09 13:40:52Z INFO HostContext] Well known directory 'Work': 'C:\Users\vvaka\VisualStudio\repos\WorldBank.Automation.Solution\src\Automation.Framework\actions-runner\actions-runner-win-x64-2.334.0\_work'
[2026-06-09 13:40:52Z INFO JobRunner] Validating directory permissions for: 'C:\Users\vvaka\VisualStudio\repos\WorldBank.Automation.Solution\src\Automation.Framework\actions-runner\actions-runner-win-x64-2.334.0\_work'
[2026-06-09 13:40:52Z INFO HostContext] Well known directory 'Bin': 'C:\Users\vvaka\VisualStudio\repos\WorldBank.Automation.Solution\src\Automation.Framework\actions-runner\actions-runner-win-x64-2.334.0\bin'
[2026-06-09 13:40:52Z INFO HostContext] Well known directory 'Root': 'C:\Users\vvaka\VisualStudio\repos\WorldBank.Automation.Solution\src\Automation.Framework\actions-runner\actions-runner-win-x64-2.334.0'
[2026-06-09 13:40:52Z INFO HostContext] Well known directory 'Work': 'C:\Users\vvaka\VisualStudio\repos\WorldBank.Automation.Solution\src\Automation.Framework\actions-runner\actions-runner-win-x64-2.334.0\_work'
[2026-06-09 13:40:52Z INFO HostContext] Well known directory 'Tools': 'C:\Users\vvaka\VisualStudio\repos\WorldBank.Automation.Solution\src\Automation.Framework\actions-runner\actions-runner-win-x64-2.334.0\_work\_tool'
[2026-06-09 13:40:52Z INFO HostContext] Well known directory 'Bin': 'C:\Users\vvaka\VisualStudio\repos\WorldBank.Automation.Solution\src\Automation.Framework\actions-runner\actions-runner-win-x64-2.334.0\bin'
[2026-06-09 13:40:52Z INFO HostContext] Well known directory 'Root': 'C:\Users\vvaka\VisualStudio\repos\WorldBank.Automation.Solution\src\Automation.Framework\actions-runner\actions-runner-win-x64-2.334.0'
[2026-06-09 13:40:52Z INFO HostContext] Well known directory 'Work': 'C:\Users\vvaka\VisualStudio\repos\WorldBank.Automation.Solution\src\Automation.Framework\actions-runner\actions-runner-win-x64-2.334.0\_work'
[2026-06-09 13:40:52Z INFO HostContext] Well known directory 'Temp': 'C:\Users\vvaka\VisualStudio\repos\WorldBank.Automation.Solution\src\Automation.Framework\actions-runner\actions-runner-win-x64-2.334.0\_work\_temp'
[2026-06-09 13:40:52Z INFO JobRunner] Getting job extension.
[2026-06-09 13:40:52Z INFO JobRunner] Initialize job. Getting all job steps.
[2026-06-09 13:40:52Z INFO HostContext] Well known directory 'Bin': 'C:\Users\vvaka\VisualStudio\repos\WorldBank.Automation.Solution\src\Automation.Framework\actions-runner\actions-runner-win-x64-2.334.0\bin'
[2026-06-09 13:40:52Z INFO HostContext] Well known directory 'Root': 'C:\Users\vvaka\VisualStudio\repos\WorldBank.Automation.Solution\src\Automation.Framework\actions-runner\actions-runner-win-x64-2.334.0'
[2026-06-09 13:40:52Z INFO HostContext] Well known directory 'Diag': 'C:\Users\vvaka\VisualStudio\repos\WorldBank.Automation.Solution\src\Automation.Framework\actions-runner\actions-runner-win-x64-2.334.0\_diag'
[2026-06-09 13:40:52Z INFO HostContext] Well known directory 'Bin': 'C:\Users\vvaka\VisualStudio\repos\WorldBank.Automation.Solution\src\Automation.Framework\actions-runner\actions-runner-win-x64-2.334.0\bin'
[2026-06-09 13:40:52Z INFO HostContext] Well known directory 'Root': 'C:\Users\vvaka\VisualStudio\repos\WorldBank.Automation.Solution\src\Automation.Framework\actions-runner\actions-runner-win-x64-2.334.0'
[2026-06-09 13:40:52Z INFO HostContext] Well known directory 'Diag': 'C:\Users\vvaka\VisualStudio\repos\WorldBank.Automation.Solution\src\Automation.Framework\actions-runner\actions-runner-win-x64-2.334.0\_diag'
[2026-06-09 13:40:52Z INFO HostContext] Well known directory 'Bin': 'C:\Users\vvaka\VisualStudio\repos\WorldBank.Automation.Solution\src\Automation.Framework\actions-runner\actions-runner-win-x64-2.334.0\bin'
[2026-06-09 13:40:52Z INFO HostContext] Well known directory 'Root': 'C:\Users\vvaka\VisualStudio\repos\WorldBank.Automation.Solution\src\Automation.Framework\actions-runner\actions-runner-win-x64-2.334.0'
[2026-06-09 13:40:52Z INFO HostContext] Well known config file 'Credentials': 'C:\Users\vvaka\VisualStudio\repos\WorldBank.Automation.Solution\src\Automation.Framework\actions-runner\actions-runner-win-x64-2.334.0\.credentials'
[2026-06-09 13:40:52Z INFO HostContext] Well known directory 'Bin': 'C:\Users\vvaka\VisualStudio\repos\WorldBank.Automation.Solution\src\Automation.Framework\actions-runner\actions-runner-win-x64-2.334.0\bin'
[2026-06-09 13:40:52Z INFO HostContext] Well known directory 'Root': 'C:\Users\vvaka\VisualStudio\repos\WorldBank.Automation.Solution\src\Automation.Framework\actions-runner\actions-runner-win-x64-2.334.0'
[2026-06-09 13:40:52Z INFO HostContext] Well known config file 'SetupInfo': 'C:\Users\vvaka\VisualStudio\repos\WorldBank.Automation.Solution\src\Automation.Framework\actions-runner\actions-runner-win-x64-2.334.0\.setup_info'
[2026-06-09 13:40:52Z INFO HostContext] Well known directory 'Bin': 'C:\Users\vvaka\VisualStudio\repos\WorldBank.Automation.Solution\src\Automation.Framework\actions-runner\actions-runner-win-x64-2.334.0\bin'
[2026-06-09 13:40:52Z INFO HostContext] Well known directory 'Root': 'C:\Users\vvaka\VisualStudio\repos\WorldBank.Automation.Solution\src\Automation.Framework\actions-runner\actions-runner-win-x64-2.334.0'
[2026-06-09 13:40:52Z INFO HostContext] Well known directory 'Work': 'C:\Users\vvaka\VisualStudio\repos\WorldBank.Automation.Solution\src\Automation.Framework\actions-runner\actions-runner-win-x64-2.334.0\_work'
[2026-06-09 13:40:52Z INFO PipelineDirectoryManager] Loading tracking config if exists: C:\Users\vvaka\VisualStudio\repos\WorldBank.Automation.Solution\src\Automation.Framework\actions-runner\actions-runner-win-x64-2.334.0\_work\_PipelineMapping\ViktorVakareev/WorldBank-Core-Automation-Playwrite\PipelineFolder.json
[2026-06-09 13:40:52Z INFO PipelineDirectoryManager] Updating job run properties.
[2026-06-09 13:40:52Z INFO HostContext] Well known directory 'Bin': 'C:\Users\vvaka\VisualStudio\repos\WorldBank.Automation.Solution\src\Automation.Framework\actions-runner\actions-runner-win-x64-2.334.0\bin'
[2026-06-09 13:40:52Z INFO HostContext] Well known directory 'Root': 'C:\Users\vvaka\VisualStudio\repos\WorldBank.Automation.Solution\src\Automation.Framework\actions-runner\actions-runner-win-x64-2.334.0'
[2026-06-09 13:40:52Z INFO HostContext] Well known directory 'Work': 'C:\Users\vvaka\VisualStudio\repos\WorldBank.Automation.Solution\src\Automation.Framework\actions-runner\actions-runner-win-x64-2.334.0\_work'
[2026-06-09 13:40:52Z INFO HostContext] Well known directory 'Bin': 'C:\Users\vvaka\VisualStudio\repos\WorldBank.Automation.Solution\src\Automation.Framework\actions-runner\actions-runner-win-x64-2.334.0\bin'
[2026-06-09 13:40:52Z INFO HostContext] Well known directory 'Root': 'C:\Users\vvaka\VisualStudio\repos\WorldBank.Automation.Solution\src\Automation.Framework\actions-runner\actions-runner-win-x64-2.334.0'
[2026-06-09 13:40:52Z INFO HostContext] Well known directory 'Work': 'C:\Users\vvaka\VisualStudio\repos\WorldBank.Automation.Solution\src\Automation.Framework\actions-runner\actions-runner-win-x64-2.334.0\_work'
[2026-06-09 13:40:52Z INFO HostContext] Well known directory 'Bin': 'C:\Users\vvaka\VisualStudio\repos\WorldBank.Automation.Solution\src\Automation.Framework\actions-runner\actions-runner-win-x64-2.334.0\bin'
[2026-06-09 13:40:52Z INFO HostContext] Well known directory 'Root': 'C:\Users\vvaka\VisualStudio\repos\WorldBank.Automation.Solution\src\Automation.Framework\actions-runner\actions-runner-win-x64-2.334.0'
[2026-06-09 13:40:52Z INFO HostContext] Well known directory 'Work': 'C:\Users\vvaka\VisualStudio\repos\WorldBank.Automation.Solution\src\Automation.Framework\actions-runner\actions-runner-win-x64-2.334.0\_work'
[2026-06-09 13:40:52Z INFO JobExtension] Downloading actions
[2026-06-09 13:40:52Z INFO HostContext] Well known directory 'Bin': 'C:\Users\vvaka\VisualStudio\repos\WorldBank.Automation.Solution\src\Automation.Framework\actions-runner\actions-runner-win-x64-2.334.0\bin'
[2026-06-09 13:40:52Z INFO HostContext] Well known directory 'Root': 'C:\Users\vvaka\VisualStudio\repos\WorldBank.Automation.Solution\src\Automation.Framework\actions-runner\actions-runner-win-x64-2.334.0'
[2026-06-09 13:40:52Z INFO HostContext] Well known directory 'Work': 'C:\Users\vvaka\VisualStudio\repos\WorldBank.Automation.Solution\src\Automation.Framework\actions-runner\actions-runner-win-x64-2.334.0\_work'
[2026-06-09 13:40:52Z INFO HostContext] Well known directory 'Actions': 'C:\Users\vvaka\VisualStudio\repos\WorldBank.Automation.Solution\src\Automation.Framework\actions-runner\actions-runner-win-x64-2.334.0\_work\_actions'
[2026-06-09 13:40:52Z INFO Worker] Listening for cancel message from the channel.
[2026-06-09 13:40:52Z INFO Worker] Waiting for the job to complete or for a cancel message from the channel.
[2026-06-09 13:40:53Z INFO ResultServer] Successfully started websocket client.
[2026-06-09 13:40:53Z INFO JobServerQueue] Try to append 1 batches web console lines for record '50c3a994-597d-4ee8-ab54-131a0b944366', success rate: 1/1.
[2026-06-09 13:40:53Z INFO JobServerQueue] Job timeline record has been updated for the first time.
[2026-06-09 13:40:53Z INFO HostContext] Well known directory 'Bin': 'C:\Users\vvaka\VisualStudio\repos\WorldBank.Automation.Solution\src\Automation.Framework\actions-runner\actions-runner-win-x64-2.334.0\bin'
[2026-06-09 13:40:53Z INFO HostContext] Well known directory 'Root': 'C:\Users\vvaka\VisualStudio\repos\WorldBank.Automation.Solution\src\Automation.Framework\actions-runner\actions-runner-win-x64-2.334.0'
[2026-06-09 13:40:53Z INFO HostContext] Well known directory 'Work': 'C:\Users\vvaka\VisualStudio\repos\WorldBank.Automation.Solution\src\Automation.Framework\actions-runner\actions-runner-win-x64-2.334.0\_work'
[2026-06-09 13:40:53Z INFO HostContext] Well known directory 'Actions': 'C:\Users\vvaka\VisualStudio\repos\WorldBank.Automation.Solution\src\Automation.Framework\actions-runner\actions-runner-win-x64-2.334.0\_work\_actions'
[2026-06-09 13:40:53Z INFO HostContext] Well known directory 'Bin': 'C:\Users\vvaka\VisualStudio\repos\WorldBank.Automation.Solution\src\Automation.Framework\actions-runner\actions-runner-win-x64-2.334.0\bin'
[2026-06-09 13:40:53Z INFO HostContext] Well known directory 'Root': 'C:\Users\vvaka\VisualStudio\repos\WorldBank.Automation.Solution\src\Automation.Framework\actions-runner\actions-runner-win-x64-2.334.0'
[2026-06-09 13:40:53Z INFO HostContext] Well known directory 'Work': 'C:\Users\vvaka\VisualStudio\repos\WorldBank.Automation.Solution\src\Automation.Framework\actions-runner\actions-runner-win-x64-2.334.0\_work'
[2026-06-09 13:40:53Z INFO HostContext] Well known directory 'Actions': 'C:\Users\vvaka\VisualStudio\repos\WorldBank.Automation.Solution\src\Automation.Framework\actions-runner\actions-runner-win-x64-2.334.0\_work\_actions'
[2026-06-09 13:40:53Z INFO ActionManager] Save archive 'https://codeload.github.com/actions/checkout/zip/34e114876b0b11c390a56381ad16ebd13914f8d5' into C:\Users\vvaka\VisualStudio\repos\WorldBank.Automation.Solution\src\Automation.Framework\actions-runner\actions-runner-win-x64-2.334.0\_work\_actions\_temp_3cda6781-a7c5-40fe-97ed-10282f93983a\0afc7be7-f5c5-42b8-9be7-402a8c7f70a9.zip.
[2026-06-09 13:40:53Z INFO ActionManager] Using Basic token for action archive download.
[2026-06-09 13:40:53Z INFO JobServerQueue] Try to append 1 batches web console lines for record '50c3a994-597d-4ee8-ab54-131a0b944366', success rate: 1/1.
[2026-06-09 13:40:54Z INFO ActionManager] Request URL: https://codeload.github.com/actions/checkout/zip/34e114876b0b11c390a56381ad16ebd13914f8d5 X-GitHub-Request-Id: FFA0:2542B5:9475F:A0D01:6A2817E5 Http Status: OK
[2026-06-09 13:40:55Z INFO ActionManager] Finished getting action repository.
[2026-06-09 13:40:55Z INFO HostContext] Well known directory 'Bin': 'C:\Users\vvaka\VisualStudio\repos\WorldBank.Automation.Solution\src\Automation.Framework\actions-runner\actions-runner-win-x64-2.334.0\bin'
[2026-06-09 13:40:55Z INFO HostContext] Well known directory 'Root': 'C:\Users\vvaka\VisualStudio\repos\WorldBank.Automation.Solution\src\Automation.Framework\actions-runner\actions-runner-win-x64-2.334.0'
[2026-06-09 13:40:55Z INFO HostContext] Well known directory 'Work': 'C:\Users\vvaka\VisualStudio\repos\WorldBank.Automation.Solution\src\Automation.Framework\actions-runner\actions-runner-win-x64-2.334.0\_work'
[2026-06-09 13:40:55Z INFO HostContext] Well known directory 'Actions': 'C:\Users\vvaka\VisualStudio\repos\WorldBank.Automation.Solution\src\Automation.Framework\actions-runner\actions-runner-win-x64-2.334.0\_work\_actions'
[2026-06-09 13:40:55Z INFO HostContext] Well known directory 'Bin': 'C:\Users\vvaka\VisualStudio\repos\WorldBank.Automation.Solution\src\Automation.Framework\actions-runner\actions-runner-win-x64-2.334.0\bin'
[2026-06-09 13:40:55Z INFO HostContext] Well known directory 'Root': 'C:\Users\vvaka\VisualStudio\repos\WorldBank.Automation.Solution\src\Automation.Framework\actions-runner\actions-runner-win-x64-2.334.0'
[2026-06-09 13:40:55Z INFO HostContext] Well known directory 'Work': 'C:\Users\vvaka\VisualStudio\repos\WorldBank.Automation.Solution\src\Automation.Framework\actions-runner\actions-runner-win-x64-2.334.0\_work'
[2026-06-09 13:40:55Z INFO HostContext] Well known directory 'Actions': 'C:\Users\vvaka\VisualStudio\repos\WorldBank.Automation.Solution\src\Automation.Framework\actions-runner\actions-runner-win-x64-2.334.0\_work\_actions'
[2026-06-09 13:40:55Z INFO ActionManager] Save archive 'https://codeload.github.com/actions/setup-dotnet/zip/67a3573c9a986a3f9c594539f4ab511d57bb3ce9' into C:\Users\vvaka\VisualStudio\repos\WorldBank.Automation.Solution\src\Automation.Framework\actions-runner\actions-runner-win-x64-2.334.0\_work\_actions\_temp_7b2e224c-3fc6-441d-be94-ed6e021b610d\767faad5-15ff-4387-8ae1-eff5157b3ccb.zip.
[2026-06-09 13:40:55Z INFO ActionManager] Using Basic token for action archive download.
[2026-06-09 13:40:55Z INFO JobServerQueue] Try to append 1 batches web console lines for record '50c3a994-597d-4ee8-ab54-131a0b944366', success rate: 1/1.
[2026-06-09 13:40:55Z INFO ActionManager] Request URL: https://codeload.github.com/actions/setup-dotnet/zip/67a3573c9a986a3f9c594539f4ab511d57bb3ce9 X-GitHub-Request-Id: D3D3:1C52FE:994FA:A59F5:6A2817E6 Http Status: OK
[2026-06-09 13:40:57Z INFO ActionManager] Finished getting action repository.
[2026-06-09 13:40:57Z INFO HostContext] Well known directory 'Bin': 'C:\Users\vvaka\VisualStudio\repos\WorldBank.Automation.Solution\src\Automation.Framework\actions-runner\actions-runner-win-x64-2.334.0\bin'
[2026-06-09 13:40:57Z INFO HostContext] Well known directory 'Root': 'C:\Users\vvaka\VisualStudio\repos\WorldBank.Automation.Solution\src\Automation.Framework\actions-runner\actions-runner-win-x64-2.334.0'
[2026-06-09 13:40:57Z INFO HostContext] Well known directory 'Work': 'C:\Users\vvaka\VisualStudio\repos\WorldBank.Automation.Solution\src\Automation.Framework\actions-runner\actions-runner-win-x64-2.334.0\_work'
[2026-06-09 13:40:57Z INFO HostContext] Well known directory 'Actions': 'C:\Users\vvaka\VisualStudio\repos\WorldBank.Automation.Solution\src\Automation.Framework\actions-runner\actions-runner-win-x64-2.334.0\_work\_actions'
[2026-06-09 13:40:57Z INFO HostContext] Well known directory 'Bin': 'C:\Users\vvaka\VisualStudio\repos\WorldBank.Automation.Solution\src\Automation.Framework\actions-runner\actions-runner-win-x64-2.334.0\bin'
[2026-06-09 13:40:57Z INFO HostContext] Well known directory 'Root': 'C:\Users\vvaka\VisualStudio\repos\WorldBank.Automation.Solution\src\Automation.Framework\actions-runner\actions-runner-win-x64-2.334.0'
[2026-06-09 13:40:57Z INFO HostContext] Well known directory 'Work': 'C:\Users\vvaka\VisualStudio\repos\WorldBank.Automation.Solution\src\Automation.Framework\actions-runner\actions-runner-win-x64-2.334.0\_work'
[2026-06-09 13:40:57Z INFO HostContext] Well known directory 'Actions': 'C:\Users\vvaka\VisualStudio\repos\WorldBank.Automation.Solution\src\Automation.Framework\actions-runner\actions-runner-win-x64-2.334.0\_work\_actions'
[2026-06-09 13:40:57Z INFO ActionManager] Save archive 'https://codeload.github.com/simple-elf/allure-report-action/zip/e463a472d3b1d750f9544369d60589ff1964c820' into C:\Users\vvaka\VisualStudio\repos\WorldBank.Automation.Solution\src\Automation.Framework\actions-runner\actions-runner-win-x64-2.334.0\_work\_actions\_temp_4866a34c-6c82-4769-a2e1-0e35a828a6bb\0f8768f5-d3f8-4274-b697-320145ec52af.zip.
[2026-06-09 13:40:57Z INFO ActionManager] Using Basic token for action archive download.
[2026-06-09 13:40:57Z INFO JobServerQueue] Try to append 1 batches web console lines for record '50c3a994-597d-4ee8-ab54-131a0b944366', success rate: 1/1.
[2026-06-09 13:40:57Z INFO ActionManager] Request URL: https://codeload.github.com/simple-elf/allure-report-action/zip/e463a472d3b1d750f9544369d60589ff1964c820 X-GitHub-Request-Id: D3D4:224CA4:925BD:9EB23:6A2817E9 Http Status: OK
[2026-06-09 13:40:57Z INFO ActionManager] Finished getting action repository.
[2026-06-09 13:40:57Z INFO HostContext] Well known directory 'Bin': 'C:\Users\vvaka\VisualStudio\repos\WorldBank.Automation.Solution\src\Automation.Framework\actions-runner\actions-runner-win-x64-2.334.0\bin'
[2026-06-09 13:40:57Z INFO HostContext] Well known directory 'Root': 'C:\Users\vvaka\VisualStudio\repos\WorldBank.Automation.Solution\src\Automation.Framework\actions-runner\actions-runner-win-x64-2.334.0'
[2026-06-09 13:40:57Z INFO HostContext] Well known directory 'Work': 'C:\Users\vvaka\VisualStudio\repos\WorldBank.Automation.Solution\src\Automation.Framework\actions-runner\actions-runner-win-x64-2.334.0\_work'
[2026-06-09 13:40:57Z INFO HostContext] Well known directory 'Actions': 'C:\Users\vvaka\VisualStudio\repos\WorldBank.Automation.Solution\src\Automation.Framework\actions-runner\actions-runner-win-x64-2.334.0\_work\_actions'
[2026-06-09 13:40:57Z INFO HostContext] Well known directory 'Bin': 'C:\Users\vvaka\VisualStudio\repos\WorldBank.Automation.Solution\src\Automation.Framework\actions-runner\actions-runner-win-x64-2.334.0\bin'
[2026-06-09 13:40:57Z INFO HostContext] Well known directory 'Root': 'C:\Users\vvaka\VisualStudio\repos\WorldBank.Automation.Solution\src\Automation.Framework\actions-runner\actions-runner-win-x64-2.334.0'
[2026-06-09 13:40:57Z INFO HostContext] Well known directory 'Work': 'C:\Users\vvaka\VisualStudio\repos\WorldBank.Automation.Solution\src\Automation.Framework\actions-runner\actions-runner-win-x64-2.334.0\_work'
[2026-06-09 13:40:57Z INFO HostContext] Well known directory 'Actions': 'C:\Users\vvaka\VisualStudio\repos\WorldBank.Automation.Solution\src\Automation.Framework\actions-runner\actions-runner-win-x64-2.334.0\_work\_actions'
[2026-06-09 13:40:57Z INFO ActionManager] Save archive 'https://codeload.github.com/peaceiris/actions-gh-pages/zip/373f7f263a76c20808c831209c920827a82a2847' into C:\Users\vvaka\VisualStudio\repos\WorldBank.Automation.Solution\src\Automation.Framework\actions-runner\actions-runner-win-x64-2.334.0\_work\_actions\_temp_8f49862b-981e-4a2d-8765-3e1c342365d4\613c4b8d-fe73-42f5-b65f-39b5cd0cdbe7.zip.
[2026-06-09 13:40:57Z INFO ActionManager] Using Basic token for action archive download.
[2026-06-09 13:40:57Z INFO JobServerQueue] Try to append 1 batches web console lines for record '50c3a994-597d-4ee8-ab54-131a0b944366', success rate: 1/1.
[2026-06-09 13:40:58Z INFO ActionManager] Request URL: https://codeload.github.com/peaceiris/actions-gh-pages/zip/373f7f263a76c20808c831209c920827a82a2847 X-GitHub-Request-Id: 3EC3:2542B5:94A57:A100E:6A2817E9 Http Status: OK
[2026-06-09 13:40:58Z INFO ActionManager] Finished getting action repository.
[2026-06-09 13:40:58Z INFO HostContext] Well known directory 'Bin': 'C:\Users\vvaka\VisualStudio\repos\WorldBank.Automation.Solution\src\Automation.Framework\actions-runner\actions-runner-win-x64-2.334.0\bin'
[2026-06-09 13:40:58Z INFO HostContext] Well known directory 'Root': 'C:\Users\vvaka\VisualStudio\repos\WorldBank.Automation.Solution\src\Automation.Framework\actions-runner\actions-runner-win-x64-2.334.0'
[2026-06-09 13:40:58Z INFO HostContext] Well known directory 'Work': 'C:\Users\vvaka\VisualStudio\repos\WorldBank.Automation.Solution\src\Automation.Framework\actions-runner\actions-runner-win-x64-2.334.0\_work'
[2026-06-09 13:40:58Z INFO HostContext] Well known directory 'Actions': 'C:\Users\vvaka\VisualStudio\repos\WorldBank.Automation.Solution\src\Automation.Framework\actions-runner\actions-runner-win-x64-2.334.0\_work\_actions'
[2026-06-09 13:40:58Z INFO HostContext] Well known directory 'Bin': 'C:\Users\vvaka\VisualStudio\repos\WorldBank.Automation.Solution\src\Automation.Framework\actions-runner\actions-runner-win-x64-2.334.0\bin'
[2026-06-09 13:40:58Z INFO HostContext] Well known directory 'Root': 'C:\Users\vvaka\VisualStudio\repos\WorldBank.Automation.Solution\src\Automation.Framework\actions-runner\actions-runner-win-x64-2.334.0'
[2026-06-09 13:40:58Z INFO HostContext] Well known directory 'Work': 'C:\Users\vvaka\VisualStudio\repos\WorldBank.Automation.Solution\src\Automation.Framework\actions-runner\actions-runner-win-x64-2.334.0\_work'
[2026-06-09 13:40:58Z INFO HostContext] Well known directory 'Actions': 'C:\Users\vvaka\VisualStudio\repos\WorldBank.Automation.Solution\src\Automation.Framework\actions-runner\actions-runner-win-x64-2.334.0\_work\_actions'
[2026-06-09 13:40:58Z INFO ActionManager] Save archive 'https://codeload.github.com/actions/upload-artifact/zip/ea165f8d65b6e75b540449e92b4886f43607fa02' into C:\Users\vvaka\VisualStudio\repos\WorldBank.Automation.Solution\src\Automation.Framework\actions-runner\actions-runner-win-x64-2.334.0\_work\_actions\_temp_0372edf6-5f37-4f0a-a47f-b69604a7143a\9841b5c7-2382-4664-b432-2a459e021cdf.zip.
[2026-06-09 13:40:58Z INFO ActionManager] Using Basic token for action archive download.
[2026-06-09 13:40:58Z INFO JobServerQueue] Try to append 1 batches web console lines for record '50c3a994-597d-4ee8-ab54-131a0b944366', success rate: 1/1.
[2026-06-09 13:40:59Z INFO ActionManager] Request URL: https://codeload.github.com/actions/upload-artifact/zip/ea165f8d65b6e75b540449e92b4886f43607fa02 X-GitHub-Request-Id: 0501:71458:8D3EA:99A0A:6A2817EA Http Status: OK
[2026-06-09 13:41:00Z INFO ActionManager] Finished getting action repository.
[2026-06-09 13:41:00Z INFO HostContext] Well known directory 'Bin': 'C:\Users\vvaka\VisualStudio\repos\WorldBank.Automation.Solution\src\Automation.Framework\actions-runner\actions-runner-win-x64-2.334.0\bin'
[2026-06-09 13:41:00Z INFO HostContext] Well known directory 'Root': 'C:\Users\vvaka\VisualStudio\repos\WorldBank.Automation.Solution\src\Automation.Framework\actions-runner\actions-runner-win-x64-2.334.0'
[2026-06-09 13:41:00Z INFO HostContext] Well known directory 'Work': 'C:\Users\vvaka\VisualStudio\repos\WorldBank.Automation.Solution\src\Automation.Framework\actions-runner\actions-runner-win-x64-2.334.0\_work'
[2026-06-09 13:41:00Z INFO HostContext] Well known directory 'Actions': 'C:\Users\vvaka\VisualStudio\repos\WorldBank.Automation.Solution\src\Automation.Framework\actions-runner\actions-runner-win-x64-2.334.0\_work\_actions'
[2026-06-09 13:41:00Z INFO ActionManifestManagerLegacy] Load schema file with definitions: [
  "null",
  "boolean",
  "number",
  "string",
  "sequence",
  "mapping",
  "any",
  "action-root",
  "inputs",
  "input",
  "outputs",
  "output-definition",
  "runs",
  "container-runs",
  "container-runs-args",
  "container-runs-env",
  "node-runs",
  "plugin-runs",
  "composite-runs",
  "composite-steps",
  "composite-step",
  "run-step",
  "uses-step",
  "container-runs-context",
  "output-value",
  "input-default-context",
  "non-empty-string",
  "string-steps-context",
  "boolean-steps-context",
  "step-env",
  "step-if",
  "step-with"
]
[2026-06-09 13:41:00Z INFO ActionManifestManager] Load schema file with definitions: [
  "null",
  "boolean",
  "number",
  "string",
  "sequence",
  "mapping",
  "any",
  "action-root",
  "inputs",
  "input",
  "outputs",
  "output-definition",
  "runs",
  "container-runs",
  "container-runs-args",
  "container-runs-env",
  "node-runs",
  "plugin-runs",
  "composite-runs",
  "composite-steps",
  "composite-step",
  "run-step",
  "uses-step",
  "container-runs-context",
  "output-value",
  "input-default-context",
  "non-empty-string",
  "string-steps-context",
  "boolean-steps-context",
  "step-env",
  "step-if",
  "step-with"
]
[2026-06-09 13:41:00Z INFO HostContext] Well known directory 'Bin': 'C:\Users\vvaka\VisualStudio\repos\WorldBank.Automation.Solution\src\Automation.Framework\actions-runner\actions-runner-win-x64-2.334.0\bin'
[2026-06-09 13:41:00Z INFO HostContext] Well known directory 'Root': 'C:\Users\vvaka\VisualStudio\repos\WorldBank.Automation.Solution\src\Automation.Framework\actions-runner\actions-runner-win-x64-2.334.0'
[2026-06-09 13:41:00Z INFO HostContext] Well known directory 'Work': 'C:\Users\vvaka\VisualStudio\repos\WorldBank.Automation.Solution\src\Automation.Framework\actions-runner\actions-runner-win-x64-2.334.0\_work'
[2026-06-09 13:41:00Z INFO HostContext] Well known directory 'Actions': 'C:\Users\vvaka\VisualStudio\repos\WorldBank.Automation.Solution\src\Automation.Framework\actions-runner\actions-runner-win-x64-2.334.0\_work\_actions'
[2026-06-09 13:41:00Z INFO ActionManifestManagerLegacy] Loaded action.yml file: {
  "name": "Checkout",
  "description": "Checkout a Git repository at a particular version",
  "inputs": {
    "type": 2,
    "map": [
      {
        "key": {
          "type": 0,
          "file": 2,
          "line": 4,
          "col": 3,
          "lit": "repository"
        },
        "value": {
          "type": 3,
          "file": 2,
          "line": 6,
          "col": 14,
          "expr": "github.repository"
        }
      },
      {
        "key": {
          "type": 0,
          "file": 2,
          "line": 7,
          "col": 3,
          "lit": "ref"
        },
        "value": ""
      },
      {
        "key": {
          "type": 0,
          "file": 2,
          "line": 12,
          "col": 3,
          "lit": "token"
        },
        "value": {
          "type": 3,
          "file": 2,
          "line": 24,
          "col": 14,
          "expr": "github.token"
        }
      },
      {
        "key": {
          "type": 0,
          "file": 2,
          "line": 25,
          "col": 3,
          "lit": "ssh-key"
        },
        "value": ""
      },
      {
        "key": {
          "type": 0,
          "file": 2,
          "line": 37,
          "col": 3,
          "lit": "ssh-known-hosts"
        },
        "value": ""
      },
      {
        "key": {
          "type": 0,
          "file": 2,
          "line": 42,
          "col": 3,
          "lit": "ssh-strict"
        },
        "value": {
          "type": 0,
          "file": 2,
          "line": 47,
          "col": 14,
          "lit": "true"
        }
      },
      {
        "key": {
          "type": 0,
          "file": 2,
          "line": 48,
          "col": 3,
          "lit": "ssh-user"
        },
        "value": {
          "type": 0,
          "file": 2,
          "line": 51,
          "col": 14,
          "lit": "git"
        }
      },
      {
        "key": {
          "type": 0,
          "file": 2,
          "line": 52,
          "col": 3,
          "lit": "persist-credentials"
        },
        "value": {
          "type": 0,
          "file": 2,
          "line": 54,
          "col": 14,
          "lit": "true"
        }
      },
      {
        "key": {
          "type": 0,
          "file": 2,
          "line": 55,
          "col": 3,
          "lit": "path"
        },
        "value": ""
      },
      {
        "key": {
          "type": 0,
          "file": 2,
          "line": 57,
          "col": 3,
          "lit": "clean"
        },
        "value": {
          "type": 0,
          "file": 2,
          "line": 59,
          "col": 14,
          "lit": "true"
        }
      },
      {
        "key": {
          "type": 0,
          "file": 2,
          "line": 60,
          "col": 3,
          "lit": "filter"
        },
        "value": {
          "type": 0,
          "file": 2,
          "line": 64,
          "col": 14,
          "lit": ""
        }
      },
      {
        "key": {
          "type": 0,
          "file": 2,
          "line": 65,
          "col": 3,
          "lit": "sparse-checkout"
        },
        "value": {
          "type": 0,
          "file": 2,
          "line": 69,
          "col": 14,
          "lit": ""
        }
      },
      {
        "key": {
          "type": 0,
          "file": 2,
          "line": 70,
          "col": 3,
          "lit": "sparse-checkout-cone-mode"
        },
        "value": {
          "type": 0,
          "file": 2,
          "line": 73,
          "col": 14,
          "lit": "true"
        }
      },
      {
        "key": {
          "type": 0,
          "file": 2,
          "line": 74,
          "col": 3,
          "lit": "fetch-depth"
        },
        "value": {
          "type": 0,
          "file": 2,
          "line": 76,
          "col": 14,
          "lit": "1"
        }
      },
      {
        "key": {
          "type": 0,
          "file": 2,
          "line": 77,
          "col": 3,
          "lit": "fetch-tags"
        },
        "value": {
          "type": 0,
          "file": 2,
          "line": 79,
          "col": 14,
          "lit": "false"
        }
      },
      {
        "key": {
          "type": 0,
          "file": 2,
          "line": 80,
          "col": 3,
          "lit": "show-progress"
        },
        "value": {
          "type": 0,
          "file": 2,
          "line": 82,
          "col": 14,
          "lit": "true"
        }
      },
      {
        "key": {
          "type": 0,
          "file": 2,
          "line": 83,
          "col": 3,
          "lit": "lfs"
        },
        "value": {
          "type": 0,
          "file": 2,
          "line": 85,
          "col": 14,
          "lit": "false"
        }
      },
      {
        "key": {
          "type": 0,
          "file": 2,
          "line": 86,
          "col": 3,
          "lit": "submodules"
        },
        "value": {
          "type": 0,
          "file": 2,
          "line": 94,
          "col": 14,
          "lit": "false"
        }
      },
      {
        "key": {
          "type": 0,
          "file": 2,
          "line": 95,
          "col": 3,
          "lit": "set-safe-directory"
        },
        "value": {
          "type": 0,
          "file": 2,
          "line": 97,
          "col": 14,
          "lit": "true"
        }
      },
      {
        "key": {
          "type": 0,
          "file": 2,
          "line": 98,
          "col": 3,
          "lit": "github-server-url"
        },
        "value": ""
      }
    ]
  },
  "execution": {
    "executionType": "nodeJS",
    "hasPre": false,
    "hasPost": true,
    "script": "dist/index.js",
    "pre": null,
    "post": "dist/index.js",
    "nodeVersion": "node20",
    "cleanupCondition": "always()",
    "initCondition": "always()"
  },
  "deprecated": null
}
[2026-06-09 13:41:00Z INFO ActionManager] Action node.js file: dist/index.js, no more preparation.
[2026-06-09 13:41:00Z INFO HostContext] Well known directory 'Bin': 'C:\Users\vvaka\VisualStudio\repos\WorldBank.Automation.Solution\src\Automation.Framework\actions-runner\actions-runner-win-x64-2.334.0\bin'
[2026-06-09 13:41:00Z INFO HostContext] Well known directory 'Root': 'C:\Users\vvaka\VisualStudio\repos\WorldBank.Automation.Solution\src\Automation.Framework\actions-runner\actions-runner-win-x64-2.334.0'
[2026-06-09 13:41:00Z INFO HostContext] Well known directory 'Work': 'C:\Users\vvaka\VisualStudio\repos\WorldBank.Automation.Solution\src\Automation.Framework\actions-runner\actions-runner-win-x64-2.334.0\_work'
[2026-06-09 13:41:00Z INFO HostContext] Well known directory 'Actions': 'C:\Users\vvaka\VisualStudio\repos\WorldBank.Automation.Solution\src\Automation.Framework\actions-runner\actions-runner-win-x64-2.334.0\_work\_actions'
[2026-06-09 13:41:00Z INFO ActionManager] Load action that reference repository from 'C:\Users\vvaka\VisualStudio\repos\WorldBank.Automation.Solution\src\Automation.Framework\actions-runner\actions-runner-win-x64-2.334.0\_work\_actions\actions\checkout\v4'
[2026-06-09 13:41:00Z INFO HostContext] Well known directory 'Bin': 'C:\Users\vvaka\VisualStudio\repos\WorldBank.Automation.Solution\src\Automation.Framework\actions-runner\actions-runner-win-x64-2.334.0\bin'
[2026-06-09 13:41:00Z INFO HostContext] Well known directory 'Root': 'C:\Users\vvaka\VisualStudio\repos\WorldBank.Automation.Solution\src\Automation.Framework\actions-runner\actions-runner-win-x64-2.334.0'
[2026-06-09 13:41:00Z INFO HostContext] Well known directory 'Work': 'C:\Users\vvaka\VisualStudio\repos\WorldBank.Automation.Solution\src\Automation.Framework\actions-runner\actions-runner-win-x64-2.334.0\_work'
[2026-06-09 13:41:00Z INFO HostContext] Well known directory 'Actions': 'C:\Users\vvaka\VisualStudio\repos\WorldBank.Automation.Solution\src\Automation.Framework\actions-runner\actions-runner-win-x64-2.334.0\_work\_actions'
[2026-06-09 13:41:00Z INFO ActionManifestManagerLegacy] Loaded action.yml file: {
  "name": "Checkout",
  "description": "Checkout a Git repository at a particular version",
  "inputs": {
    "type": 2,
    "map": [
      {
        "key": {
          "type": 0,
          "file": 2,
          "line": 4,
          "col": 3,
          "lit": "repository"
        },
        "value": {
          "type": 3,
          "file": 2,
          "line": 6,
          "col": 14,
          "expr": "github.repository"
        }
      },
      {
        "key": {
          "type": 0,
          "file": 2,
          "line": 7,
          "col": 3,
          "lit": "ref"
        },
        "value": ""
      },
      {
        "key": {
          "type": 0,
          "file": 2,
          "line": 12,
          "col": 3,
          "lit": "token"
        },
        "value": {
          "type": 3,
          "file": 2,
          "line": 24,
          "col": 14,
          "expr": "github.token"
        }
      },
      {
        "key": {
          "type": 0,
          "file": 2,
          "line": 25,
          "col": 3,
          "lit": "ssh-key"
        },
        "value": ""
      },
      {
        "key": {
          "type": 0,
          "file": 2,
          "line": 37,
          "col": 3,
          "lit": "ssh-known-hosts"
        },
        "value": ""
      },
      {
        "key": {
          "type": 0,
          "file": 2,
          "line": 42,
          "col": 3,
          "lit": "ssh-strict"
        },
        "value": {
          "type": 0,
          "file": 2,
          "line": 47,
          "col": 14,
          "lit": "true"
        }
      },
      {
        "key": {
          "type": 0,
          "file": 2,
          "line": 48,
          "col": 3,
          "lit": "ssh-user"
        },
        "value": {
          "type": 0,
          "file": 2,
          "line": 51,
          "col": 14,
          "lit": "git"
        }
      },
      {
        "key": {
          "type": 0,
          "file": 2,
          "line": 52,
          "col": 3,
          "lit": "persist-credentials"
        },
        "value": {
          "type": 0,
          "file": 2,
          "line": 54,
          "col": 14,
          "lit": "true"
        }
      },
      {
        "key": {
          "type": 0,
          "file": 2,
          "line": 55,
          "col": 3,
          "lit": "path"
        },
        "value": ""
      },
      {
        "key": {
          "type": 0,
          "file": 2,
          "line": 57,
          "col": 3,
          "lit": "clean"
        },
        "value": {
          "type": 0,
          "file": 2,
          "line": 59,
          "col": 14,
          "lit": "true"
        }
      },
      {
        "key": {
          "type": 0,
          "file": 2,
          "line": 60,
          "col": 3,
          "lit": "filter"
        },
        "value": {
          "type": 0,
          "file": 2,
          "line": 64,
          "col": 14,
          "lit": ""
        }
      },
      {
        "key": {
          "type": 0,
          "file": 2,
          "line": 65,
          "col": 3,
          "lit": "sparse-checkout"
        },
        "value": {
          "type": 0,
          "file": 2,
          "line": 69,
          "col": 14,
          "lit": ""
        }
      },
      {
        "key": {
          "type": 0,
          "file": 2,
          "line": 70,
          "col": 3,
          "lit": "sparse-checkout-cone-mode"
        },
        "value": {
          "type": 0,
          "file": 2,
          "line": 73,
          "col": 14,
          "lit": "true"
        }
      },
      {
        "key": {
          "type": 0,
          "file": 2,
          "line": 74,
          "col": 3,
          "lit": "fetch-depth"
        },
        "value": {
          "type": 0,
          "file": 2,
          "line": 76,
          "col": 14,
          "lit": "1"
        }
      },
      {
        "key": {
          "type": 0,
          "file": 2,
          "line": 77,
          "col": 3,
          "lit": "fetch-tags"
        },
        "value": {
          "type": 0,
          "file": 2,
          "line": 79,
          "col": 14,
          "lit": "false"
        }
      },
      {
        "key": {
          "type": 0,
          "file": 2,
          "line": 80,
          "col": 3,
          "lit": "show-progress"
        },
        "value": {
          "type": 0,
          "file": 2,
          "line": 82,
          "col": 14,
          "lit": "true"
        }
      },
      {
        "key": {
          "type": 0,
          "file": 2,
          "line": 83,
          "col": 3,
          "lit": "lfs"
        },
        "value": {
          "type": 0,
          "file": 2,
          "line": 85,
          "col": 14,
          "lit": "false"
        }
      },
      {
        "key": {
          "type": 0,
          "file": 2,
          "line": 86,
          "col": 3,
          "lit": "submodules"
        },
        "value": {
          "type": 0,
          "file": 2,
          "line": 94,
          "col": 14,
          "lit": "false"
        }
      },
      {
        "key": {
          "type": 0,
          "file": 2,
          "line": 95,
          "col": 3,
          "lit": "set-safe-directory"
        },
        "value": {
          "type": 0,
          "file": 2,
          "line": 97,
          "col": 14,
          "lit": "true"
        }
      },
      {
        "key": {
          "type": 0,
          "file": 2,
          "line": 98,
          "col": 3,
          "lit": "github-server-url"
        },
        "value": ""
      }
    ]
  },
  "execution": {
    "executionType": "nodeJS",
    "hasPre": false,
    "hasPost": true,
    "script": "dist/index.js",
    "pre": null,
    "post": "dist/index.js",
    "nodeVersion": "node20",
    "cleanupCondition": "always()",
    "initCondition": "always()"
  },
  "deprecated": null
}
[2026-06-09 13:41:00Z INFO ActionManager] Action pre node.js file: N/A.
[2026-06-09 13:41:00Z INFO ActionManager] Action node.js file: dist/index.js.
[2026-06-09 13:41:00Z INFO ActionManager] Action post node.js file: dist/index.js.
[2026-06-09 13:41:00Z INFO HostContext] Well known directory 'Bin': 'C:\Users\vvaka\VisualStudio\repos\WorldBank.Automation.Solution\src\Automation.Framework\actions-runner\actions-runner-win-x64-2.334.0\bin'
[2026-06-09 13:41:00Z INFO HostContext] Well known directory 'Root': 'C:\Users\vvaka\VisualStudio\repos\WorldBank.Automation.Solution\src\Automation.Framework\actions-runner\actions-runner-win-x64-2.334.0'
[2026-06-09 13:41:00Z INFO HostContext] Well known directory 'Work': 'C:\Users\vvaka\VisualStudio\repos\WorldBank.Automation.Solution\src\Automation.Framework\actions-runner\actions-runner-win-x64-2.334.0\_work'
[2026-06-09 13:41:00Z INFO HostContext] Well known directory 'Actions': 'C:\Users\vvaka\VisualStudio\repos\WorldBank.Automation.Solution\src\Automation.Framework\actions-runner\actions-runner-win-x64-2.334.0\_work\_actions'
[2026-06-09 13:41:00Z INFO HostContext] Well known directory 'Bin': 'C:\Users\vvaka\VisualStudio\repos\WorldBank.Automation.Solution\src\Automation.Framework\actions-runner\actions-runner-win-x64-2.334.0\bin'
[2026-06-09 13:41:00Z INFO HostContext] Well known directory 'Root': 'C:\Users\vvaka\VisualStudio\repos\WorldBank.Automation.Solution\src\Automation.Framework\actions-runner\actions-runner-win-x64-2.334.0'
[2026-06-09 13:41:00Z INFO HostContext] Well known directory 'Work': 'C:\Users\vvaka\VisualStudio\repos\WorldBank.Automation.Solution\src\Automation.Framework\actions-runner\actions-runner-win-x64-2.334.0\_work'
[2026-06-09 13:41:00Z INFO HostContext] Well known directory 'Actions': 'C:\Users\vvaka\VisualStudio\repos\WorldBank.Automation.Solution\src\Automation.Framework\actions-runner\actions-runner-win-x64-2.334.0\_work\_actions'
[2026-06-09 13:41:00Z INFO ActionManifestManagerLegacy] Ignore action property author.
[2026-06-09 13:41:00Z INFO ActionManifestManagerLegacy] Ignore action property branding.
[2026-06-09 13:41:00Z INFO ActionManifestManagerLegacy] Loaded action.yml file: {
  "name": "Setup .NET Core SDK",
  "description": "Used to build and publish .NET source. Set up a specific version of the .NET and authentication to private NuGet repository",
  "inputs": {
    "type": 2,
    "map": [
      {
        "key": {
          "type": 0,
          "file": 3,
          "line": 8,
          "col": 3,
          "lit": "dotnet-version"
        },
        "value": ""
      },
      {
        "key": {
          "type": 0,
          "file": 3,
          "line": 10,
          "col": 3,
          "lit": "dotnet-quality"
        },
        "value": ""
      },
      {
        "key": {
          "type": 0,
          "file": 3,
          "line": 12,
          "col": 3,
          "lit": "global-json-file"
        },
        "value": ""
      },
      {
        "key": {
          "type": 0,
          "file": 3,
          "line": 14,
          "col": 3,
          "lit": "source-url"
        },
        "value": ""
      },
      {
        "key": {
          "type": 0,
          "file": 3,
          "line": 16,
          "col": 3,
          "lit": "owner"
        },
        "value": ""
      },
      {
        "key": {
          "type": 0,
          "file": 3,
          "line": 18,
          "col": 3,
          "lit": "config-file"
        },
        "value": ""
      },
      {
        "key": {
          "type": 0,
          "file": 3,
          "line": 20,
          "col": 3,
          "lit": "cache"
        },
        "value": {
          "type": 0,
          "file": 3,
          "line": 23,
          "col": 14,
          "lit": "false"
        }
      },
      {
        "key": {
          "type": 0,
          "file": 3,
          "line": 24,
          "col": 3,
          "lit": "cache-dependency-path"
        },
        "value": ""
      }
    ]
  },
  "execution": {
    "executionType": "nodeJS",
    "hasPre": false,
    "hasPost": true,
    "script": "dist/setup/index.js",
    "pre": null,
    "post": "dist/cache-save/index.js",
    "nodeVersion": "node20",
    "cleanupCondition": "success()",
    "initCondition": "always()"
  },
  "deprecated": null
}
[2026-06-09 13:41:00Z INFO ActionManager] Action node.js file: dist/setup/index.js, no more preparation.
[2026-06-09 13:41:00Z INFO HostContext] Well known directory 'Bin': 'C:\Users\vvaka\VisualStudio\repos\WorldBank.Automation.Solution\src\Automation.Framework\actions-runner\actions-runner-win-x64-2.334.0\bin'
[2026-06-09 13:41:00Z INFO HostContext] Well known directory 'Root': 'C:\Users\vvaka\VisualStudio\repos\WorldBank.Automation.Solution\src\Automation.Framework\actions-runner\actions-runner-win-x64-2.334.0'
[2026-06-09 13:41:00Z INFO HostContext] Well known directory 'Work': 'C:\Users\vvaka\VisualStudio\repos\WorldBank.Automation.Solution\src\Automation.Framework\actions-runner\actions-runner-win-x64-2.334.0\_work'
[2026-06-09 13:41:00Z INFO HostContext] Well known directory 'Actions': 'C:\Users\vvaka\VisualStudio\repos\WorldBank.Automation.Solution\src\Automation.Framework\actions-runner\actions-runner-win-x64-2.334.0\_work\_actions'
[2026-06-09 13:41:00Z INFO ActionManager] Load action that reference repository from 'C:\Users\vvaka\VisualStudio\repos\WorldBank.Automation.Solution\src\Automation.Framework\actions-runner\actions-runner-win-x64-2.334.0\_work\_actions\actions\setup-dotnet\v4'
[2026-06-09 13:41:00Z INFO HostContext] Well known directory 'Bin': 'C:\Users\vvaka\VisualStudio\repos\WorldBank.Automation.Solution\src\Automation.Framework\actions-runner\actions-runner-win-x64-2.334.0\bin'
[2026-06-09 13:41:00Z INFO HostContext] Well known directory 'Root': 'C:\Users\vvaka\VisualStudio\repos\WorldBank.Automation.Solution\src\Automation.Framework\actions-runner\actions-runner-win-x64-2.334.0'
[2026-06-09 13:41:00Z INFO HostContext] Well known directory 'Work': 'C:\Users\vvaka\VisualStudio\repos\WorldBank.Automation.Solution\src\Automation.Framework\actions-runner\actions-runner-win-x64-2.334.0\_work'
[2026-06-09 13:41:00Z INFO HostContext] Well known directory 'Actions': 'C:\Users\vvaka\VisualStudio\repos\WorldBank.Automation.Solution\src\Automation.Framework\actions-runner\actions-runner-win-x64-2.334.0\_work\_actions'
[2026-06-09 13:41:00Z INFO ActionManifestManagerLegacy] Ignore action property author.
[2026-06-09 13:41:00Z INFO ActionManifestManagerLegacy] Ignore action property branding.
[2026-06-09 13:41:00Z INFO ActionManifestManagerLegacy] Loaded action.yml file: {
  "name": "Setup .NET Core SDK",
  "description": "Used to build and publish .NET source. Set up a specific version of the .NET and authentication to private NuGet repository",
  "inputs": {
    "type": 2,
    "map": [
      {
        "key": {
          "type": 0,
          "file": 3,
          "line": 8,
          "col": 3,
          "lit": "dotnet-version"
        },
        "value": ""
      },
      {
        "key": {
          "type": 0,
          "file": 3,
          "line": 10,
          "col": 3,
          "lit": "dotnet-quality"
        },
        "value": ""
      },
      {
        "key": {
          "type": 0,
          "file": 3,
          "line": 12,
          "col": 3,
          "lit": "global-json-file"
        },
        "value": ""
      },
      {
        "key": {
          "type": 0,
          "file": 3,
          "line": 14,
          "col": 3,
          "lit": "source-url"
        },
        "value": ""
      },
      {
        "key": {
          "type": 0,
          "file": 3,
          "line": 16,
          "col": 3,
          "lit": "owner"
        },
        "value": ""
      },
      {
        "key": {
          "type": 0,
          "file": 3,
          "line": 18,
          "col": 3,
          "lit": "config-file"
        },
        "value": ""
      },
      {
        "key": {
          "type": 0,
          "file": 3,
          "line": 20,
          "col": 3,
          "lit": "cache"
        },
        "value": {
          "type": 0,
          "file": 3,
          "line": 23,
          "col": 14,
          "lit": "false"
        }
      },
      {
        "key": {
          "type": 0,
          "file": 3,
          "line": 24,
          "col": 3,
          "lit": "cache-dependency-path"
        },
        "value": ""
      }
    ]
  },
  "execution": {
    "executionType": "nodeJS",
    "hasPre": false,
    "hasPost": true,
    "script": "dist/setup/index.js",
    "pre": null,
    "post": "dist/cache-save/index.js",
    "nodeVersion": "node20",
    "cleanupCondition": "success()",
    "initCondition": "always()"
  },
  "deprecated": null
}
[2026-06-09 13:41:00Z INFO ActionManager] Action pre node.js file: N/A.
[2026-06-09 13:41:00Z INFO ActionManager] Action node.js file: dist/setup/index.js.
[2026-06-09 13:41:00Z INFO ActionManager] Action post node.js file: dist/cache-save/index.js.
[2026-06-09 13:41:00Z INFO HostContext] Well known directory 'Bin': 'C:\Users\vvaka\VisualStudio\repos\WorldBank.Automation.Solution\src\Automation.Framework\actions-runner\actions-runner-win-x64-2.334.0\bin'
[2026-06-09 13:41:00Z INFO HostContext] Well known directory 'Root': 'C:\Users\vvaka\VisualStudio\repos\WorldBank.Automation.Solution\src\Automation.Framework\actions-runner\actions-runner-win-x64-2.334.0'
[2026-06-09 13:41:00Z INFO HostContext] Well known directory 'Work': 'C:\Users\vvaka\VisualStudio\repos\WorldBank.Automation.Solution\src\Automation.Framework\actions-runner\actions-runner-win-x64-2.334.0\_work'
[2026-06-09 13:41:00Z INFO HostContext] Well known directory 'Actions': 'C:\Users\vvaka\VisualStudio\repos\WorldBank.Automation.Solution\src\Automation.Framework\actions-runner\actions-runner-win-x64-2.334.0\_work\_actions'
[2026-06-09 13:41:00Z INFO HostContext] Well known directory 'Bin': 'C:\Users\vvaka\VisualStudio\repos\WorldBank.Automation.Solution\src\Automation.Framework\actions-runner\actions-runner-win-x64-2.334.0\bin'
[2026-06-09 13:41:00Z INFO HostContext] Well known directory 'Root': 'C:\Users\vvaka\VisualStudio\repos\WorldBank.Automation.Solution\src\Automation.Framework\actions-runner\actions-runner-win-x64-2.334.0'
[2026-06-09 13:41:00Z INFO HostContext] Well known directory 'Work': 'C:\Users\vvaka\VisualStudio\repos\WorldBank.Automation.Solution\src\Automation.Framework\actions-runner\actions-runner-win-x64-2.334.0\_work'
[2026-06-09 13:41:00Z INFO HostContext] Well known directory 'Actions': 'C:\Users\vvaka\VisualStudio\repos\WorldBank.Automation.Solution\src\Automation.Framework\actions-runner\actions-runner-win-x64-2.334.0\_work\_actions'
[2026-06-09 13:41:00Z INFO ActionManifestManagerLegacy] Ignore action property author.
[2026-06-09 13:41:00Z INFO ActionManifestManagerLegacy] Ignore action property branding.
[2026-06-09 13:41:00Z INFO ActionManifestManagerLegacy] Loaded action.yml file: {
  "name": "Allure Report with history",
  "description": "Generate Allure Report with history",
  "inputs": {
    "type": 2,
    "map": [
      {
        "key": {
          "type": 0,
          "file": 4,
          "line": 8,
          "col": 3,
          "lit": "allure_results"
        },
        "value": {
          "type": 0,
          "file": 4,
          "line": 11,
          "col": 14,
          "lit": "allure-results"
        }
      },
      {
        "key": {
          "type": 0,
          "file": 4,
          "line": 12,
          "col": 3,
          "lit": "allure_report"
        },
        "value": {
          "type": 0,
          "file": 4,
          "line": 15,
          "col": 14,
          "lit": "allure-report"
        }
      },
      {
        "key": {
          "type": 0,
          "file": 4,
          "line": 16,
          "col": 3,
          "lit": "gh_pages"
        },
        "value": {
          "type": 0,
          "file": 4,
          "line": 19,
          "col": 14,
          "lit": "gh-pages"
        }
      },
      {
        "key": {
          "type": 0,
          "file": 4,
          "line": 20,
          "col": 3,
          "lit": "allure_history"
        },
        "value": {
          "type": 0,
          "file": 4,
          "line": 23,
          "col": 14,
          "lit": "allure-history"
        }
      },
      {
        "key": {
          "type": 0,
          "file": 4,
          "line": 24,
          "col": 3,
          "lit": "subfolder"
        },
        "value": {
          "type": 0,
          "file": 4,
          "line": 27,
          "col": 14,
          "lit": ""
        }
      },
      {
        "key": {
          "type": 0,
          "file": 4,
          "line": 28,
          "col": 3,
          "lit": "keep_reports"
        },
        "value": {
          "type": 0,
          "file": 4,
          "line": 31,
          "col": 14,
          "lit": "20"
        }
      },
      {
        "key": {
          "type": 0,
          "file": 4,
          "line": 32,
          "col": 3,
          "lit": "github_run_num"
        },
        "value": {
          "type": 3,
          "file": 4,
          "line": 35,
          "col": 14,
          "expr": "github.run_number"
        }
      },
      {
        "key": {
          "type": 0,
          "file": 4,
          "line": 36,
          "col": 3,
          "lit": "github_run_id"
        },
        "value": {
          "type": 3,
          "file": 4,
          "line": 39,
          "col": 14,
          "expr": "github.run_id"
        }
      },
      {
        "key": {
          "type": 0,
          "file": 4,
          "line": 40,
          "col": 3,
          "lit": "github_repo"
        },
        "value": {
          "type": 3,
          "file": 4,
          "line": 43,
          "col": 14,
          "expr": "github.repository"
        }
      },
      {
        "key": {
          "type": 0,
          "file": 4,
          "line": 44,
          "col": 3,
          "lit": "github_repo_owner"
        },
        "value": {
          "type": 3,
          "file": 4,
          "line": 47,
          "col": 14,
          "expr": "github.repository_owner"
        }
      },
      {
        "key": {
          "type": 0,
          "file": 4,
          "line": 48,
          "col": 3,
          "lit": "github_tests_repo"
        },
        "value": {
          "type": 3,
          "file": 4,
          "line": 51,
          "col": 14,
          "expr": "github.repository"
        }
      },
      {
        "key": {
          "type": 0,
          "file": 4,
          "line": 52,
          "col": 3,
          "lit": "report_url"
        },
        "value": {
          "type": 0,
          "file": 4,
          "line": 55,
          "col": 14,
          "lit": ""
        }
      },
      {
        "key": {
          "type": 0,
          "file": 4,
          "line": 56,
          "col": 3,
          "lit": "github_server_url"
        },
        "value": {
          "type": 3,
          "file": 4,
          "line": 59,
          "col": 14,
          "expr": "github.server_url"
        }
      },
      {
        "key": {
          "type": 0,
          "file": 4,
          "line": 60,
          "col": 3,
          "lit": "report_name"
        },
        "value": ""
      }
    ]
  },
  "execution": {
    "executionType": "container",
    "hasPre": false,
    "hasPost": false,
    "image": "Dockerfile",
    "entryPoint": null,
    "arguments": null,
    "environment": null,
    "pre": null,
    "post": null,
    "cleanupCondition": "always()",
    "initCondition": "always()"
  },
  "deprecated": null
}
[2026-06-09 13:41:00Z INFO ActionManager] Action allure-report (b51d1b4a-151b-4dfe-855b-f8ee9a790a7e) from repository 'simple-elf/allure-report-action@master' needs to build image 'C:\Users\vvaka\VisualStudio\repos\WorldBank.Automation.Solution\src\Automation.Framework\actions-runner\actions-runner-win-x64-2.334.0\_work\_actions\simple-elf\allure-report-action\master\Dockerfile'
[2026-06-09 13:41:00Z INFO HostContext] Well known directory 'Bin': 'C:\Users\vvaka\VisualStudio\repos\WorldBank.Automation.Solution\src\Automation.Framework\actions-runner\actions-runner-win-x64-2.334.0\bin'
[2026-06-09 13:41:00Z INFO HostContext] Well known directory 'Root': 'C:\Users\vvaka\VisualStudio\repos\WorldBank.Automation.Solution\src\Automation.Framework\actions-runner\actions-runner-win-x64-2.334.0'
[2026-06-09 13:41:00Z INFO HostContext] Well known directory 'Work': 'C:\Users\vvaka\VisualStudio\repos\WorldBank.Automation.Solution\src\Automation.Framework\actions-runner\actions-runner-win-x64-2.334.0\_work'
[2026-06-09 13:41:00Z INFO HostContext] Well known directory 'Actions': 'C:\Users\vvaka\VisualStudio\repos\WorldBank.Automation.Solution\src\Automation.Framework\actions-runner\actions-runner-win-x64-2.334.0\_work\_actions'
[2026-06-09 13:41:00Z INFO ActionManager] Load action that reference repository from 'C:\Users\vvaka\VisualStudio\repos\WorldBank.Automation.Solution\src\Automation.Framework\actions-runner\actions-runner-win-x64-2.334.0\_work\_actions\simple-elf\allure-report-action\master'
[2026-06-09 13:41:00Z INFO HostContext] Well known directory 'Bin': 'C:\Users\vvaka\VisualStudio\repos\WorldBank.Automation.Solution\src\Automation.Framework\actions-runner\actions-runner-win-x64-2.334.0\bin'
[2026-06-09 13:41:00Z INFO HostContext] Well known directory 'Root': 'C:\Users\vvaka\VisualStudio\repos\WorldBank.Automation.Solution\src\Automation.Framework\actions-runner\actions-runner-win-x64-2.334.0'
[2026-06-09 13:41:00Z INFO HostContext] Well known directory 'Work': 'C:\Users\vvaka\VisualStudio\repos\WorldBank.Automation.Solution\src\Automation.Framework\actions-runner\actions-runner-win-x64-2.334.0\_work'
[2026-06-09 13:41:00Z INFO HostContext] Well known directory 'Actions': 'C:\Users\vvaka\VisualStudio\repos\WorldBank.Automation.Solution\src\Automation.Framework\actions-runner\actions-runner-win-x64-2.334.0\_work\_actions'
[2026-06-09 13:41:00Z INFO ActionManifestManagerLegacy] Ignore action property author.
[2026-06-09 13:41:00Z INFO ActionManifestManagerLegacy] Ignore action property branding.
[2026-06-09 13:41:00Z INFO ActionManifestManagerLegacy] Loaded action.yml file: {
  "name": "Allure Report with history",
  "description": "Generate Allure Report with history",
  "inputs": {
    "type": 2,
    "map": [
      {
        "key": {
          "type": 0,
          "file": 4,
          "line": 8,
          "col": 3,
          "lit": "allure_results"
        },
        "value": {
          "type": 0,
          "file": 4,
          "line": 11,
          "col": 14,
          "lit": "allure-results"
        }
      },
      {
        "key": {
          "type": 0,
          "file": 4,
          "line": 12,
          "col": 3,
          "lit": "allure_report"
        },
        "value": {
          "type": 0,
          "file": 4,
          "line": 15,
          "col": 14,
          "lit": "allure-report"
        }
      },
      {
        "key": {
          "type": 0,
          "file": 4,
          "line": 16,
          "col": 3,
          "lit": "gh_pages"
        },
        "value": {
          "type": 0,
          "file": 4,
          "line": 19,
          "col": 14,
          "lit": "gh-pages"
        }
      },
      {
        "key": {
          "type": 0,
          "file": 4,
          "line": 20,
          "col": 3,
          "lit": "allure_history"
        },
        "value": {
          "type": 0,
          "file": 4,
          "line": 23,
          "col": 14,
          "lit": "allure-history"
        }
      },
      {
        "key": {
          "type": 0,
          "file": 4,
          "line": 24,
          "col": 3,
          "lit": "subfolder"
        },
        "value": {
          "type": 0,
          "file": 4,
          "line": 27,
          "col": 14,
          "lit": ""
        }
      },
      {
        "key": {
          "type": 0,
          "file": 4,
          "line": 28,
          "col": 3,
          "lit": "keep_reports"
        },
        "value": {
          "type": 0,
          "file": 4,
          "line": 31,
          "col": 14,
          "lit": "20"
        }
      },
      {
        "key": {
          "type": 0,
          "file": 4,
          "line": 32,
          "col": 3,
          "lit": "github_run_num"
        },
        "value": {
          "type": 3,
          "file": 4,
          "line": 35,
          "col": 14,
          "expr": "github.run_number"
        }
      },
      {
        "key": {
          "type": 0,
          "file": 4,
          "line": 36,
          "col": 3,
          "lit": "github_run_id"
        },
        "value": {
          "type": 3,
          "file": 4,
          "line": 39,
          "col": 14,
          "expr": "github.run_id"
        }
      },
      {
        "key": {
          "type": 0,
          "file": 4,
          "line": 40,
          "col": 3,
          "lit": "github_repo"
        },
        "value": {
          "type": 3,
          "file": 4,
          "line": 43,
          "col": 14,
          "expr": "github.repository"
        }
      },
      {
        "key": {
          "type": 0,
          "file": 4,
          "line": 44,
          "col": 3,
          "lit": "github_repo_owner"
        },
        "value": {
          "type": 3,
          "file": 4,
          "line": 47,
          "col": 14,
          "expr": "github.repository_owner"
        }
      },
      {
        "key": {
          "type": 0,
          "file": 4,
          "line": 48,
          "col": 3,
          "lit": "github_tests_repo"
        },
        "value": {
          "type": 3,
          "file": 4,
          "line": 51,
          "col": 14,
          "expr": "github.repository"
        }
      },
      {
        "key": {
          "type": 0,
          "file": 4,
          "line": 52,
          "col": 3,
          "lit": "report_url"
        },
        "value": {
          "type": 0,
          "file": 4,
          "line": 55,
          "col": 14,
          "lit": ""
        }
      },
      {
        "key": {
          "type": 0,
          "file": 4,
          "line": 56,
          "col": 3,
          "lit": "github_server_url"
        },
        "value": {
          "type": 3,
          "file": 4,
          "line": 59,
          "col": 14,
          "expr": "github.server_url"
        }
      },
      {
        "key": {
          "type": 0,
          "file": 4,
          "line": 60,
          "col": 3,
          "lit": "report_name"
        },
        "value": ""
      }
    ]
  },
  "execution": {
    "executionType": "container",
    "hasPre": false,
    "hasPost": false,
    "image": "Dockerfile",
    "entryPoint": null,
    "arguments": null,
    "environment": null,
    "pre": null,
    "post": null,
    "cleanupCondition": "always()",
    "initCondition": "always()"
  },
  "deprecated": null
}
[2026-06-09 13:41:00Z INFO ActionManager] Action container Dockerfile/image: Dockerfile.
[2026-06-09 13:41:00Z INFO HostContext] Well known directory 'Bin': 'C:\Users\vvaka\VisualStudio\repos\WorldBank.Automation.Solution\src\Automation.Framework\actions-runner\actions-runner-win-x64-2.334.0\bin'
[2026-06-09 13:41:00Z INFO HostContext] Well known directory 'Root': 'C:\Users\vvaka\VisualStudio\repos\WorldBank.Automation.Solution\src\Automation.Framework\actions-runner\actions-runner-win-x64-2.334.0'
[2026-06-09 13:41:00Z INFO HostContext] Well known directory 'Work': 'C:\Users\vvaka\VisualStudio\repos\WorldBank.Automation.Solution\src\Automation.Framework\actions-runner\actions-runner-win-x64-2.334.0\_work'
[2026-06-09 13:41:00Z INFO HostContext] Well known directory 'Actions': 'C:\Users\vvaka\VisualStudio\repos\WorldBank.Automation.Solution\src\Automation.Framework\actions-runner\actions-runner-win-x64-2.334.0\_work\_actions'
[2026-06-09 13:41:00Z INFO HostContext] Well known directory 'Bin': 'C:\Users\vvaka\VisualStudio\repos\WorldBank.Automation.Solution\src\Automation.Framework\actions-runner\actions-runner-win-x64-2.334.0\bin'
[2026-06-09 13:41:00Z INFO HostContext] Well known directory 'Root': 'C:\Users\vvaka\VisualStudio\repos\WorldBank.Automation.Solution\src\Automation.Framework\actions-runner\actions-runner-win-x64-2.334.0'
[2026-06-09 13:41:00Z INFO HostContext] Well known directory 'Work': 'C:\Users\vvaka\VisualStudio\repos\WorldBank.Automation.Solution\src\Automation.Framework\actions-runner\actions-runner-win-x64-2.334.0\_work'
[2026-06-09 13:41:00Z INFO HostContext] Well known directory 'Actions': 'C:\Users\vvaka\VisualStudio\repos\WorldBank.Automation.Solution\src\Automation.Framework\actions-runner\actions-runner-win-x64-2.334.0\_work\_actions'
[2026-06-09 13:41:00Z INFO ActionManifestManagerLegacy] Ignore action property author.
[2026-06-09 13:41:00Z INFO ActionManifestManagerLegacy] Ignore action property branding.
[2026-06-09 13:41:00Z INFO ActionManifestManagerLegacy] Loaded action.yml file: {
  "name": "GitHub Pages action",
  "description": "GitHub Actions for GitHub Pages 🚀 Deploy static files and publish your site easily. Static-Site-Generators-friendly.",
  "inputs": {
    "type": 2,
    "map": [
      {
        "key": {
          "type": 0,
          "file": 5,
          "line": 11,
          "col": 3,
          "lit": "deploy_key"
        },
        "value": ""
      },
      {
        "key": {
          "type": 0,
          "file": 5,
          "line": 14,
          "col": 3,
          "lit": "github_token"
        },
        "value": ""
      },
      {
        "key": {
          "type": 0,
          "file": 5,
          "line": 17,
          "col": 3,
          "lit": "personal_token"
        },
        "value": ""
      },
      {
        "key": {
          "type": 0,
          "file": 5,
          "line": 20,
          "col": 3,
          "lit": "publish_branch"
        },
        "value": {
          "type": 0,
          "file": 5,
          "line": 23,
          "col": 14,
          "lit": "gh-pages"
        }
      },
      {
        "key": {
          "type": 0,
          "file": 5,
          "line": 24,
          "col": 3,
          "lit": "publish_dir"
        },
        "value": {
          "type": 0,
          "file": 5,
          "line": 27,
          "col": 14,
          "lit": "public"
        }
      },
      {
        "key": {
          "type": 0,
          "file": 5,
          "line": 28,
          "col": 3,
          "lit": "destination_dir"
        },
        "value": {
          "type": 0,
          "file": 5,
          "line": 31,
          "col": 14,
          "lit": ""
        }
      },
      {
        "key": {
          "type": 0,
          "file": 5,
          "line": 32,
          "col": 3,
          "lit": "external_repository"
        },
        "value": ""
      },
      {
        "key": {
          "type": 0,
          "file": 5,
          "line": 35,
          "col": 3,
          "lit": "allow_empty_commit"
        },
        "value": {
          "type": 0,
          "file": 5,
          "line": 38,
          "col": 14,
          "lit": "false"
        }
      },
      {
        "key": {
          "type": 0,
          "file": 5,
          "line": 39,
          "col": 3,
          "lit": "keep_files"
        },
        "value": {
          "type": 0,
          "file": 5,
          "line": 42,
          "col": 14,
          "lit": "false"
        }
      },
      {
        "key": {
          "type": 0,
          "file": 5,
          "line": 43,
          "col": 3,
          "lit": "force_orphan"
        },
        "value": {
          "type": 0,
          "file": 5,
          "line": 46,
          "col": 14,
          "lit": "false"
        }
      },
      {
        "key": {
          "type": 0,
          "file": 5,
          "line": 47,
          "col": 3,
          "lit": "user_name"
        },
        "value": ""
      },
      {
        "key": {
          "type": 0,
          "file": 5,
          "line": 50,
          "col": 3,
          "lit": "user_email"
        },
        "value": ""
      },
      {
        "key": {
          "type": 0,
          "file": 5,
          "line": 53,
          "col": 3,
          "lit": "commit_message"
        },
        "value": ""
      },
      {
        "key": {
          "type": 0,
          "file": 5,
          "line": 56,
          "col": 3,
          "lit": "full_commit_message"
        },
        "value": ""
      },
      {
        "key": {
          "type": 0,
          "file": 5,
          "line": 59,
          "col": 3,
          "lit": "tag_name"
        },
        "value": ""
      },
      {
        "key": {
          "type": 0,
          "file": 5,
          "line": 62,
          "col": 3,
          "lit": "tag_message"
        },
        "value": ""
      },
      {
        "key": {
          "type": 0,
          "file": 5,
          "line": 65,
          "col": 3,
          "lit": "enable_jekyll"
        },
        "value": {
          "type": 0,
          "file": 5,
          "line": 68,
          "col": 14,
          "lit": "false"
        }
      },
      {
        "key": {
          "type": 0,
          "file": 5,
          "line": 69,
          "col": 3,
          "lit": "disable_nojekyll"
        },
        "value": {
          "type": 0,
          "file": 5,
          "line": 72,
          "col": 14,
          "lit": "false"
        }
      },
      {
        "key": {
          "type": 0,
          "file": 5,
          "line": 73,
          "col": 3,
          "lit": "cname"
        },
        "value": ""
      },
      {
        "key": {
          "type": 0,
          "file": 5,
          "line": 76,
          "col": 3,
          "lit": "exclude_assets"
        },
        "value": {
          "type": 0,
          "file": 5,
          "line": 79,
          "col": 14,
          "lit": ".github"
        }
      }
    ]
  },
  "execution": {
    "executionType": "nodeJS",
    "hasPre": false,
    "hasPost": false,
    "script": "lib/index.js",
    "pre": null,
    "post": null,
    "nodeVersion": "node16",
    "cleanupCondition": "always()",
    "initCondition": "always()"
  },
  "deprecated": null
}
[2026-06-09 13:41:00Z INFO ActionManager] Action node.js file: lib/index.js, no more preparation.
[2026-06-09 13:41:00Z INFO HostContext] Well known directory 'Bin': 'C:\Users\vvaka\VisualStudio\repos\WorldBank.Automation.Solution\src\Automation.Framework\actions-runner\actions-runner-win-x64-2.334.0\bin'
[2026-06-09 13:41:00Z INFO HostContext] Well known directory 'Root': 'C:\Users\vvaka\VisualStudio\repos\WorldBank.Automation.Solution\src\Automation.Framework\actions-runner\actions-runner-win-x64-2.334.0'
[2026-06-09 13:41:00Z INFO HostContext] Well known directory 'Work': 'C:\Users\vvaka\VisualStudio\repos\WorldBank.Automation.Solution\src\Automation.Framework\actions-runner\actions-runner-win-x64-2.334.0\_work'
[2026-06-09 13:41:00Z INFO HostContext] Well known directory 'Actions': 'C:\Users\vvaka\VisualStudio\repos\WorldBank.Automation.Solution\src\Automation.Framework\actions-runner\actions-runner-win-x64-2.334.0\_work\_actions'
[2026-06-09 13:41:00Z INFO ActionManager] Load action that reference repository from 'C:\Users\vvaka\VisualStudio\repos\WorldBank.Automation.Solution\src\Automation.Framework\actions-runner\actions-runner-win-x64-2.334.0\_work\_actions\peaceiris\actions-gh-pages\v3'
[2026-06-09 13:41:00Z INFO HostContext] Well known directory 'Bin': 'C:\Users\vvaka\VisualStudio\repos\WorldBank.Automation.Solution\src\Automation.Framework\actions-runner\actions-runner-win-x64-2.334.0\bin'
[2026-06-09 13:41:00Z INFO HostContext] Well known directory 'Root': 'C:\Users\vvaka\VisualStudio\repos\WorldBank.Automation.Solution\src\Automation.Framework\actions-runner\actions-runner-win-x64-2.334.0'
[2026-06-09 13:41:00Z INFO HostContext] Well known directory 'Work': 'C:\Users\vvaka\VisualStudio\repos\WorldBank.Automation.Solution\src\Automation.Framework\actions-runner\actions-runner-win-x64-2.334.0\_work'
[2026-06-09 13:41:00Z INFO HostContext] Well known directory 'Actions': 'C:\Users\vvaka\VisualStudio\repos\WorldBank.Automation.Solution\src\Automation.Framework\actions-runner\actions-runner-win-x64-2.334.0\_work\_actions'
[2026-06-09 13:41:00Z INFO ActionManifestManagerLegacy] Ignore action property author.
[2026-06-09 13:41:00Z INFO ActionManifestManagerLegacy] Ignore action property branding.
[2026-06-09 13:41:00Z INFO ActionManifestManagerLegacy] Loaded action.yml file: {
  "name": "GitHub Pages action",
  "description": "GitHub Actions for GitHub Pages 🚀 Deploy static files and publish your site easily. Static-Site-Generators-friendly.",
  "inputs": {
    "type": 2,
    "map": [
      {
        "key": {
          "type": 0,
          "file": 5,
          "line": 11,
          "col": 3,
          "lit": "deploy_key"
        },
        "value": ""
      },
      {
        "key": {
          "type": 0,
          "file": 5,
          "line": 14,
          "col": 3,
          "lit": "github_token"
        },
        "value": ""
      },
      {
        "key": {
          "type": 0,
          "file": 5,
          "line": 17,
          "col": 3,
          "lit": "personal_token"
        },
        "value": ""
      },
      {
        "key": {
          "type": 0,
          "file": 5,
          "line": 20,
          "col": 3,
          "lit": "publish_branch"
        },
        "value": {
          "type": 0,
          "file": 5,
          "line": 23,
          "col": 14,
          "lit": "gh-pages"
        }
      },
      {
        "key": {
          "type": 0,
          "file": 5,
          "line": 24,
          "col": 3,
          "lit": "publish_dir"
        },
        "value": {
          "type": 0,
          "file": 5,
          "line": 27,
          "col": 14,
          "lit": "public"
        }
      },
      {
        "key": {
          "type": 0,
          "file": 5,
          "line": 28,
          "col": 3,
          "lit": "destination_dir"
        },
        "value": {
          "type": 0,
          "file": 5,
          "line": 31,
          "col": 14,
          "lit": ""
        }
      },
      {
        "key": {
          "type": 0,
          "file": 5,
          "line": 32,
          "col": 3,
          "lit": "external_repository"
        },
        "value": ""
      },
      {
        "key": {
          "type": 0,
          "file": 5,
          "line": 35,
          "col": 3,
          "lit": "allow_empty_commit"
        },
        "value": {
          "type": 0,
          "file": 5,
          "line": 38,
          "col": 14,
          "lit": "false"
        }
      },
      {
        "key": {
          "type": 0,
          "file": 5,
          "line": 39,
          "col": 3,
          "lit": "keep_files"
        },
        "value": {
          "type": 0,
          "file": 5,
          "line": 42,
          "col": 14,
          "lit": "false"
        }
      },
      {
        "key": {
          "type": 0,
          "file": 5,
          "line": 43,
          "col": 3,
          "lit": "force_orphan"
        },
        "value": {
          "type": 0,
          "file": 5,
          "line": 46,
          "col": 14,
          "lit": "false"
        }
      },
      {
        "key": {
          "type": 0,
          "file": 5,
          "line": 47,
          "col": 3,
          "lit": "user_name"
        },
        "value": ""
      },
      {
        "key": {
          "type": 0,
          "file": 5,
          "line": 50,
          "col": 3,
          "lit": "user_email"
        },
        "value": ""
      },
      {
        "key": {
          "type": 0,
          "file": 5,
          "line": 53,
          "col": 3,
          "lit": "commit_message"
        },
        "value": ""
      },
      {
        "key": {
          "type": 0,
          "file": 5,
          "line": 56,
          "col": 3,
          "lit": "full_commit_message"
        },
        "value": ""
      },
      {
        "key": {
          "type": 0,
          "file": 5,
          "line": 59,
          "col": 3,
          "lit": "tag_name"
        },
        "value": ""
      },
      {
        "key": {
          "type": 0,
          "file": 5,
          "line": 62,
          "col": 3,
          "lit": "tag_message"
        },
        "value": ""
      },
      {
        "key": {
          "type": 0,
          "file": 5,
          "line": 65,
          "col": 3,
          "lit": "enable_jekyll"
        },
        "value": {
          "type": 0,
          "file": 5,
          "line": 68,
          "col": 14,
          "lit": "false"
        }
      },
      {
        "key": {
          "type": 0,
          "file": 5,
          "line": 69,
          "col": 3,
          "lit": "disable_nojekyll"
        },
        "value": {
          "type": 0,
          "file": 5,
          "line": 72,
          "col": 14,
          "lit": "false"
        }
      },
      {
        "key": {
          "type": 0,
          "file": 5,
          "line": 73,
          "col": 3,
          "lit": "cname"
        },
        "value": ""
      },
      {
        "key": {
          "type": 0,
          "file": 5,
          "line": 76,
          "col": 3,
          "lit": "exclude_assets"
        },
        "value": {
          "type": 0,
          "file": 5,
          "line": 79,
          "col": 14,
          "lit": ".github"
        }
      }
    ]
  },
  "execution": {
    "executionType": "nodeJS",
    "hasPre": false,
    "hasPost": false,
    "script": "lib/index.js",
    "pre": null,
    "post": null,
    "nodeVersion": "node16",
    "cleanupCondition": "always()",
    "initCondition": "always()"
  },
  "deprecated": null
}
[2026-06-09 13:41:00Z INFO ActionManager] Action pre node.js file: N/A.
[2026-06-09 13:41:00Z INFO ActionManager] Action node.js file: lib/index.js.
[2026-06-09 13:41:00Z INFO ActionManager] Action post node.js file: N/A.
[2026-06-09 13:41:00Z INFO HostContext] Well known directory 'Bin': 'C:\Users\vvaka\VisualStudio\repos\WorldBank.Automation.Solution\src\Automation.Framework\actions-runner\actions-runner-win-x64-2.334.0\bin'
[2026-06-09 13:41:00Z INFO HostContext] Well known directory 'Root': 'C:\Users\vvaka\VisualStudio\repos\WorldBank.Automation.Solution\src\Automation.Framework\actions-runner\actions-runner-win-x64-2.334.0'
[2026-06-09 13:41:00Z INFO HostContext] Well known directory 'Work': 'C:\Users\vvaka\VisualStudio\repos\WorldBank.Automation.Solution\src\Automation.Framework\actions-runner\actions-runner-win-x64-2.334.0\_work'
[2026-06-09 13:41:00Z INFO HostContext] Well known directory 'Actions': 'C:\Users\vvaka\VisualStudio\repos\WorldBank.Automation.Solution\src\Automation.Framework\actions-runner\actions-runner-win-x64-2.334.0\_work\_actions'
[2026-06-09 13:41:00Z INFO HostContext] Well known directory 'Bin': 'C:\Users\vvaka\VisualStudio\repos\WorldBank.Automation.Solution\src\Automation.Framework\actions-runner\actions-runner-win-x64-2.334.0\bin'
[2026-06-09 13:41:00Z INFO HostContext] Well known directory 'Root': 'C:\Users\vvaka\VisualStudio\repos\WorldBank.Automation.Solution\src\Automation.Framework\actions-runner\actions-runner-win-x64-2.334.0'
[2026-06-09 13:41:00Z INFO HostContext] Well known directory 'Work': 'C:\Users\vvaka\VisualStudio\repos\WorldBank.Automation.Solution\src\Automation.Framework\actions-runner\actions-runner-win-x64-2.334.0\_work'
[2026-06-09 13:41:00Z INFO HostContext] Well known directory 'Actions': 'C:\Users\vvaka\VisualStudio\repos\WorldBank.Automation.Solution\src\Automation.Framework\actions-runner\actions-runner-win-x64-2.334.0\_work\_actions'
[2026-06-09 13:41:00Z INFO ActionManifestManagerLegacy] Ignore action property author.
[2026-06-09 13:41:00Z INFO ActionManifestManagerLegacy] Loaded action.yml file: {
  "name": "Upload a Build Artifact",
  "description": "Upload a build artifact that can be used by subsequent workflow steps",
  "inputs": {
    "type": 2,
    "map": [
      {
        "key": {
          "type": 0,
          "file": 6,
          "line": 5,
          "col": 3,
          "lit": "name"
        },
        "value": {
          "type": 0,
          "file": 6,
          "line": 7,
          "col": 14,
          "lit": "artifact"
        }
      },
      {
        "key": {
          "type": 0,
          "file": 6,
          "line": 8,
          "col": 3,
          "lit": "path"
        },
        "value": ""
      },
      {
        "key": {
          "type": 0,
          "file": 6,
          "line": 11,
          "col": 3,
          "lit": "if-no-files-found"
        },
        "value": {
          "type": 0,
          "file": 6,
          "line": 19,
          "col": 14,
          "lit": "warn"
        }
      },
      {
        "key": {
          "type": 0,
          "file": 6,
          "line": 20,
          "col": 3,
          "lit": "retention-days"
        },
        "value": ""
      },
      {
        "key": {
          "type": 0,
          "file": 6,
          "line": 26,
          "col": 3,
          "lit": "compression-level"
        },
        "value": {
          "type": 0,
          "file": 6,
          "line": 36,
          "col": 14,
          "lit": "6"
        }
      },
      {
        "key": {
          "type": 0,
          "file": 6,
          "line": 37,
          "col": 3,
          "lit": "overwrite"
        },
        "value": {
          "type": 0,
          "file": 6,
          "line": 42,
          "col": 14,
          "lit": "false"
        }
      },
      {
        "key": {
          "type": 0,
          "file": 6,
          "line": 43,
          "col": 3,
          "lit": "include-hidden-files"
        },
        "value": {
          "type": 0,
          "file": 6,
          "line": 47,
          "col": 14,
          "lit": "false"
        }
      }
    ]
  },
  "execution": {
    "executionType": "nodeJS",
    "hasPre": false,
    "hasPost": false,
    "script": "dist/upload/index.js",
    "pre": null,
    "post": null,
    "nodeVersion": "node20",
    "cleanupCondition": "always()",
    "initCondition": "always()"
  },
  "deprecated": null
}
[2026-06-09 13:41:00Z INFO ActionManager] Action node.js file: dist/upload/index.js, no more preparation.
[2026-06-09 13:41:00Z INFO HostContext] Well known directory 'Bin': 'C:\Users\vvaka\VisualStudio\repos\WorldBank.Automation.Solution\src\Automation.Framework\actions-runner\actions-runner-win-x64-2.334.0\bin'
[2026-06-09 13:41:00Z INFO HostContext] Well known directory 'Root': 'C:\Users\vvaka\VisualStudio\repos\WorldBank.Automation.Solution\src\Automation.Framework\actions-runner\actions-runner-win-x64-2.334.0'
[2026-06-09 13:41:00Z INFO HostContext] Well known directory 'Work': 'C:\Users\vvaka\VisualStudio\repos\WorldBank.Automation.Solution\src\Automation.Framework\actions-runner\actions-runner-win-x64-2.334.0\_work'
[2026-06-09 13:41:00Z INFO HostContext] Well known directory 'Actions': 'C:\Users\vvaka\VisualStudio\repos\WorldBank.Automation.Solution\src\Automation.Framework\actions-runner\actions-runner-win-x64-2.334.0\_work\_actions'
[2026-06-09 13:41:00Z INFO ActionManager] Load action that reference repository from 'C:\Users\vvaka\VisualStudio\repos\WorldBank.Automation.Solution\src\Automation.Framework\actions-runner\actions-runner-win-x64-2.334.0\_work\_actions\actions\upload-artifact\v4'
[2026-06-09 13:41:00Z INFO HostContext] Well known directory 'Bin': 'C:\Users\vvaka\VisualStudio\repos\WorldBank.Automation.Solution\src\Automation.Framework\actions-runner\actions-runner-win-x64-2.334.0\bin'
[2026-06-09 13:41:00Z INFO HostContext] Well known directory 'Root': 'C:\Users\vvaka\VisualStudio\repos\WorldBank.Automation.Solution\src\Automation.Framework\actions-runner\actions-runner-win-x64-2.334.0'
[2026-06-09 13:41:00Z INFO HostContext] Well known directory 'Work': 'C:\Users\vvaka\VisualStudio\repos\WorldBank.Automation.Solution\src\Automation.Framework\actions-runner\actions-runner-win-x64-2.334.0\_work'
[2026-06-09 13:41:00Z INFO HostContext] Well known directory 'Actions': 'C:\Users\vvaka\VisualStudio\repos\WorldBank.Automation.Solution\src\Automation.Framework\actions-runner\actions-runner-win-x64-2.334.0\_work\_actions'
[2026-06-09 13:41:00Z INFO ActionManifestManagerLegacy] Ignore action property author.
[2026-06-09 13:41:00Z INFO ActionManifestManagerLegacy] Loaded action.yml file: {
  "name": "Upload a Build Artifact",
  "description": "Upload a build artifact that can be used by subsequent workflow steps",
  "inputs": {
    "type": 2,
    "map": [
      {
        "key": {
          "type": 0,
          "file": 6,
          "line": 5,
          "col": 3,
          "lit": "name"
        },
        "value": {
          "type": 0,
          "file": 6,
          "line": 7,
          "col": 14,
          "lit": "artifact"
        }
      },
      {
        "key": {
          "type": 0,
          "file": 6,
          "line": 8,
          "col": 3,
          "lit": "path"
        },
        "value": ""
      },
      {
        "key": {
          "type": 0,
          "file": 6,
          "line": 11,
          "col": 3,
          "lit": "if-no-files-found"
        },
        "value": {
          "type": 0,
          "file": 6,
          "line": 19,
          "col": 14,
          "lit": "warn"
        }
      },
      {
        "key": {
          "type": 0,
          "file": 6,
          "line": 20,
          "col": 3,
          "lit": "retention-days"
        },
        "value": ""
      },
      {
        "key": {
          "type": 0,
          "file": 6,
          "line": 26,
          "col": 3,
          "lit": "compression-level"
        },
        "value": {
          "type": 0,
          "file": 6,
          "line": 36,
          "col": 14,
          "lit": "6"
        }
      },
      {
        "key": {
          "type": 0,
          "file": 6,
          "line": 37,
          "col": 3,
          "lit": "overwrite"
        },
        "value": {
          "type": 0,
          "file": 6,
          "line": 42,
          "col": 14,
          "lit": "false"
        }
      },
      {
        "key": {
          "type": 0,
          "file": 6,
          "line": 43,
          "col": 3,
          "lit": "include-hidden-files"
        },
        "value": {
          "type": 0,
          "file": 6,
          "line": 47,
          "col": 14,
          "lit": "false"
        }
      }
    ]
  },
  "execution": {
    "executionType": "nodeJS",
    "hasPre": false,
    "hasPost": false,
    "script": "dist/upload/index.js",
    "pre": null,
    "post": null,
    "nodeVersion": "node20",
    "cleanupCondition": "always()",
    "initCondition": "always()"
  },
  "deprecated": null
}
[2026-06-09 13:41:00Z INFO ActionManager] Action pre node.js file: N/A.
[2026-06-09 13:41:00Z INFO ActionManager] Action node.js file: dist/upload/index.js.
[2026-06-09 13:41:00Z INFO ActionManager] Action post node.js file: N/A.
[2026-06-09 13:41:00Z INFO ActionManager] 1 steps need to build image from 'C:\Users\vvaka\VisualStudio\repos\WorldBank.Automation.Solution\src\Automation.Framework\actions-runner\actions-runner-win-x64-2.334.0\_work\_actions\simple-elf\allure-report-action\master\Dockerfile'
[2026-06-09 13:41:00Z INFO JobExtension] Adding .
[2026-06-09 13:41:00Z INFO JobExtension] Adding .
[2026-06-09 13:41:00Z INFO JobExtension] Adding .
[2026-06-09 13:41:00Z INFO JobExtension] Adding .
[2026-06-09 13:41:00Z INFO JobExtension] Adding .
[2026-06-09 13:41:00Z INFO JobExtension] Adding .
[2026-06-09 13:41:00Z INFO JobExtension] Adding .
[2026-06-09 13:41:00Z INFO JobExtension] Adding .
[2026-06-09 13:41:00Z INFO HostContext] Well known directory 'Bin': 'C:\Users\vvaka\VisualStudio\repos\WorldBank.Automation.Solution\src\Automation.Framework\actions-runner\actions-runner-win-x64-2.334.0\bin'
[2026-06-09 13:41:00Z INFO HostContext] Well known directory 'Root': 'C:\Users\vvaka\VisualStudio\repos\WorldBank.Automation.Solution\src\Automation.Framework\actions-runner\actions-runner-win-x64-2.334.0'
[2026-06-09 13:41:00Z INFO HostContext] Well known directory 'Diag': 'C:\Users\vvaka\VisualStudio\repos\WorldBank.Automation.Solution\src\Automation.Framework\actions-runner\actions-runner-win-x64-2.334.0\_diag'
[2026-06-09 13:41:00Z INFO HostContext] Well known directory 'Bin': 'C:\Users\vvaka\VisualStudio\repos\WorldBank.Automation.Solution\src\Automation.Framework\actions-runner\actions-runner-win-x64-2.334.0\bin'
[2026-06-09 13:41:00Z INFO HostContext] Well known directory 'Root': 'C:\Users\vvaka\VisualStudio\repos\WorldBank.Automation.Solution\src\Automation.Framework\actions-runner\actions-runner-win-x64-2.334.0'
[2026-06-09 13:41:00Z INFO HostContext] Well known directory 'Diag': 'C:\Users\vvaka\VisualStudio\repos\WorldBank.Automation.Solution\src\Automation.Framework\actions-runner\actions-runner-win-x64-2.334.0\_diag'
[2026-06-09 13:41:00Z INFO HostContext] Well known directory 'Bin': 'C:\Users\vvaka\VisualStudio\repos\WorldBank.Automation.Solution\src\Automation.Framework\actions-runner\actions-runner-win-x64-2.334.0\bin'
[2026-06-09 13:41:00Z INFO HostContext] Well known directory 'Root': 'C:\Users\vvaka\VisualStudio\repos\WorldBank.Automation.Solution\src\Automation.Framework\actions-runner\actions-runner-win-x64-2.334.0'
[2026-06-09 13:41:00Z INFO HostContext] Well known directory 'Diag': 'C:\Users\vvaka\VisualStudio\repos\WorldBank.Automation.Solution\src\Automation.Framework\actions-runner\actions-runner-win-x64-2.334.0\_diag'
[2026-06-09 13:41:00Z INFO HostContext] Well known directory 'Bin': 'C:\Users\vvaka\VisualStudio\repos\WorldBank.Automation.Solution\src\Automation.Framework\actions-runner\actions-runner-win-x64-2.334.0\bin'
[2026-06-09 13:41:00Z INFO HostContext] Well known directory 'Root': 'C:\Users\vvaka\VisualStudio\repos\WorldBank.Automation.Solution\src\Automation.Framework\actions-runner\actions-runner-win-x64-2.334.0'
[2026-06-09 13:41:00Z INFO HostContext] Well known directory 'Diag': 'C:\Users\vvaka\VisualStudio\repos\WorldBank.Automation.Solution\src\Automation.Framework\actions-runner\actions-runner-win-x64-2.334.0\_diag'
[2026-06-09 13:41:00Z INFO HostContext] Well known directory 'Bin': 'C:\Users\vvaka\VisualStudio\repos\WorldBank.Automation.Solution\src\Automation.Framework\actions-runner\actions-runner-win-x64-2.334.0\bin'
[2026-06-09 13:41:00Z INFO HostContext] Well known directory 'Root': 'C:\Users\vvaka\VisualStudio\repos\WorldBank.Automation.Solution\src\Automation.Framework\actions-runner\actions-runner-win-x64-2.334.0'
[2026-06-09 13:41:00Z INFO HostContext] Well known directory 'Diag': 'C:\Users\vvaka\VisualStudio\repos\WorldBank.Automation.Solution\src\Automation.Framework\actions-runner\actions-runner-win-x64-2.334.0\_diag'
[2026-06-09 13:41:00Z INFO HostContext] Well known directory 'Bin': 'C:\Users\vvaka\VisualStudio\repos\WorldBank.Automation.Solution\src\Automation.Framework\actions-runner\actions-runner-win-x64-2.334.0\bin'
[2026-06-09 13:41:00Z INFO HostContext] Well known directory 'Root': 'C:\Users\vvaka\VisualStudio\repos\WorldBank.Automation.Solution\src\Automation.Framework\actions-runner\actions-runner-win-x64-2.334.0'
[2026-06-09 13:41:00Z INFO HostContext] Well known directory 'Diag': 'C:\Users\vvaka\VisualStudio\repos\WorldBank.Automation.Solution\src\Automation.Framework\actions-runner\actions-runner-win-x64-2.334.0\_diag'
[2026-06-09 13:41:00Z INFO HostContext] Well known directory 'Bin': 'C:\Users\vvaka\VisualStudio\repos\WorldBank.Automation.Solution\src\Automation.Framework\actions-runner\actions-runner-win-x64-2.334.0\bin'
[2026-06-09 13:41:00Z INFO HostContext] Well known directory 'Root': 'C:\Users\vvaka\VisualStudio\repos\WorldBank.Automation.Solution\src\Automation.Framework\actions-runner\actions-runner-win-x64-2.334.0'
[2026-06-09 13:41:00Z INFO HostContext] Well known directory 'Diag': 'C:\Users\vvaka\VisualStudio\repos\WorldBank.Automation.Solution\src\Automation.Framework\actions-runner\actions-runner-win-x64-2.334.0\_diag'
[2026-06-09 13:41:00Z INFO HostContext] Well known directory 'Bin': 'C:\Users\vvaka\VisualStudio\repos\WorldBank.Automation.Solution\src\Automation.Framework\actions-runner\actions-runner-win-x64-2.334.0\bin'
[2026-06-09 13:41:00Z INFO HostContext] Well known directory 'Root': 'C:\Users\vvaka\VisualStudio\repos\WorldBank.Automation.Solution\src\Automation.Framework\actions-runner\actions-runner-win-x64-2.334.0'
[2026-06-09 13:41:00Z INFO HostContext] Well known directory 'Diag': 'C:\Users\vvaka\VisualStudio\repos\WorldBank.Automation.Solution\src\Automation.Framework\actions-runner\actions-runner-win-x64-2.334.0\_diag'
[2026-06-09 13:41:00Z INFO HostContext] Well known directory 'Bin': 'C:\Users\vvaka\VisualStudio\repos\WorldBank.Automation.Solution\src\Automation.Framework\actions-runner\actions-runner-win-x64-2.334.0\bin'
[2026-06-09 13:41:00Z INFO HostContext] Well known directory 'Root': 'C:\Users\vvaka\VisualStudio\repos\WorldBank.Automation.Solution\src\Automation.Framework\actions-runner\actions-runner-win-x64-2.334.0'
[2026-06-09 13:41:00Z INFO HostContext] Well known directory 'Diag': 'C:\Users\vvaka\VisualStudio\repos\WorldBank.Automation.Solution\src\Automation.Framework\actions-runner\actions-runner-win-x64-2.334.0\_diag'
[2026-06-09 13:41:00Z INFO HostContext] Well known directory 'Bin': 'C:\Users\vvaka\VisualStudio\repos\WorldBank.Automation.Solution\src\Automation.Framework\actions-runner\actions-runner-win-x64-2.334.0\bin'
[2026-06-09 13:41:00Z INFO HostContext] Well known directory 'Root': 'C:\Users\vvaka\VisualStudio\repos\WorldBank.Automation.Solution\src\Automation.Framework\actions-runner\actions-runner-win-x64-2.334.0'
[2026-06-09 13:41:00Z INFO HostContext] Well known directory 'Diag': 'C:\Users\vvaka\VisualStudio\repos\WorldBank.Automation.Solution\src\Automation.Framework\actions-runner\actions-runner-win-x64-2.334.0\_diag'
[2026-06-09 13:41:00Z INFO HostContext] Well known directory 'Bin': 'C:\Users\vvaka\VisualStudio\repos\WorldBank.Automation.Solution\src\Automation.Framework\actions-runner\actions-runner-win-x64-2.334.0\bin'
[2026-06-09 13:41:00Z INFO HostContext] Well known directory 'Root': 'C:\Users\vvaka\VisualStudio\repos\WorldBank.Automation.Solution\src\Automation.Framework\actions-runner\actions-runner-win-x64-2.334.0'
[2026-06-09 13:41:00Z INFO HostContext] Well known directory 'Diag': 'C:\Users\vvaka\VisualStudio\repos\WorldBank.Automation.Solution\src\Automation.Framework\actions-runner\actions-runner-win-x64-2.334.0\_diag'
[2026-06-09 13:41:00Z INFO HostContext] Well known directory 'Bin': 'C:\Users\vvaka\VisualStudio\repos\WorldBank.Automation.Solution\src\Automation.Framework\actions-runner\actions-runner-win-x64-2.334.0\bin'
[2026-06-09 13:41:00Z INFO HostContext] Well known directory 'Root': 'C:\Users\vvaka\VisualStudio\repos\WorldBank.Automation.Solution\src\Automation.Framework\actions-runner\actions-runner-win-x64-2.334.0'
[2026-06-09 13:41:00Z INFO HostContext] Well known directory 'Diag': 'C:\Users\vvaka\VisualStudio\repos\WorldBank.Automation.Solution\src\Automation.Framework\actions-runner\actions-runner-win-x64-2.334.0\_diag'
[2026-06-09 13:41:00Z INFO HostContext] Well known directory 'Bin': 'C:\Users\vvaka\VisualStudio\repos\WorldBank.Automation.Solution\src\Automation.Framework\actions-runner\actions-runner-win-x64-2.334.0\bin'
[2026-06-09 13:41:00Z INFO HostContext] Well known directory 'Root': 'C:\Users\vvaka\VisualStudio\repos\WorldBank.Automation.Solution\src\Automation.Framework\actions-runner\actions-runner-win-x64-2.334.0'
[2026-06-09 13:41:00Z INFO HostContext] Well known directory 'Diag': 'C:\Users\vvaka\VisualStudio\repos\WorldBank.Automation.Solution\src\Automation.Framework\actions-runner\actions-runner-win-x64-2.334.0\_diag'
[2026-06-09 13:41:00Z INFO HostContext] Well known directory 'Bin': 'C:\Users\vvaka\VisualStudio\repos\WorldBank.Automation.Solution\src\Automation.Framework\actions-runner\actions-runner-win-x64-2.334.0\bin'
[2026-06-09 13:41:00Z INFO HostContext] Well known directory 'Root': 'C:\Users\vvaka\VisualStudio\repos\WorldBank.Automation.Solution\src\Automation.Framework\actions-runner\actions-runner-win-x64-2.334.0'
[2026-06-09 13:41:00Z INFO HostContext] Well known directory 'Diag': 'C:\Users\vvaka\VisualStudio\repos\WorldBank.Automation.Solution\src\Automation.Framework\actions-runner\actions-runner-win-x64-2.334.0\_diag'
[2026-06-09 13:41:00Z INFO HostContext] Well known directory 'Bin': 'C:\Users\vvaka\VisualStudio\repos\WorldBank.Automation.Solution\src\Automation.Framework\actions-runner\actions-runner-win-x64-2.334.0\bin'
[2026-06-09 13:41:00Z INFO HostContext] Well known directory 'Root': 'C:\Users\vvaka\VisualStudio\repos\WorldBank.Automation.Solution\src\Automation.Framework\actions-runner\actions-runner-win-x64-2.334.0'
[2026-06-09 13:41:00Z INFO HostContext] Well known directory 'Diag': 'C:\Users\vvaka\VisualStudio\repos\WorldBank.Automation.Solution\src\Automation.Framework\actions-runner\actions-runner-win-x64-2.334.0\_diag'
[2026-06-09 13:41:00Z INFO HostContext] Well known directory 'Bin': 'C:\Users\vvaka\VisualStudio\repos\WorldBank.Automation.Solution\src\Automation.Framework\actions-runner\actions-runner-win-x64-2.334.0\bin'
[2026-06-09 13:41:00Z INFO HostContext] Well known directory 'Root': 'C:\Users\vvaka\VisualStudio\repos\WorldBank.Automation.Solution\src\Automation.Framework\actions-runner\actions-runner-win-x64-2.334.0'
[2026-06-09 13:41:00Z INFO HostContext] Well known directory 'Diag': 'C:\Users\vvaka\VisualStudio\repos\WorldBank.Automation.Solution\src\Automation.Framework\actions-runner\actions-runner-win-x64-2.334.0\_diag'
[2026-06-09 13:41:00Z INFO JobExtension] Total accessible running process: 430.
[2026-06-09 13:41:00Z INFO HostContext] Well known directory 'Bin': 'C:\Users\vvaka\VisualStudio\repos\WorldBank.Automation.Solution\src\Automation.Framework\actions-runner\actions-runner-win-x64-2.334.0\bin'
[2026-06-09 13:41:00Z INFO HostContext] Well known directory 'Root': 'C:\Users\vvaka\VisualStudio\repos\WorldBank.Automation.Solution\src\Automation.Framework\actions-runner\actions-runner-win-x64-2.334.0'
[2026-06-09 13:41:00Z INFO HostContext] Well known directory 'Work': 'C:\Users\vvaka\VisualStudio\repos\WorldBank.Automation.Solution\src\Automation.Framework\actions-runner\actions-runner-win-x64-2.334.0\_work'
[2026-06-09 13:41:00Z INFO JobExtension] Start checking server connectivity.
[2026-06-09 13:41:00Z INFO JobExtension] Check server connectivity for https://broker.actions.githubusercontent.com/health.
[2026-06-09 13:41:00Z INFO JobExtension] Check server connectivity for https://token.actions.githubusercontent.com/ready.
[2026-06-09 13:41:00Z INFO JobExtension] Check server connectivity for https://run.actions.githubusercontent.com/health.
[2026-06-09 13:41:00Z INFO JobExtension] Start checking service connectivity in background.
[2026-06-09 13:41:00Z INFO ExecutionContext] Publish step telemetry for current step {
  "action": "setup_job",
  "type": "runner",
  "stage": "Pre",
  "stepId": "50c3a994-597d-4ee8-ab54-131a0b944366",
  "result": "succeeded",
  "errorMessages": [],
  "executionTimeInSeconds": 8,
  "startTime": "2026-06-09T13:40:52.5937103Z",
  "finishTime": "2026-06-09T13:41:00.297556Z"
}.
[2026-06-09 13:41:00Z INFO JobRunner] Total job steps: 8.
[2026-06-09 13:41:00Z INFO JobRunner] Run all job steps.
[2026-06-09 13:41:00Z INFO DapDebugger] DapDebugger initialized
[2026-06-09 13:41:00Z INFO StepsRunner] Processing step: DisplayName='📥 Checkout Repository'
[2026-06-09 13:41:00Z INFO StepsRunner] Evaluating: success()
[2026-06-09 13:41:00Z INFO JobServerQueue] Try to append 1 batches web console lines for record '50c3a994-597d-4ee8-ab54-131a0b944366', success rate: 1/1.
[2026-06-09 13:41:00Z INFO StepsRunner] Result: true
[2026-06-09 13:41:00Z INFO StepsRunner] Starting the step.
[2026-06-09 13:41:00Z INFO HostContext] Well known directory 'Bin': 'C:\Users\vvaka\VisualStudio\repos\WorldBank.Automation.Solution\src\Automation.Framework\actions-runner\actions-runner-win-x64-2.334.0\bin'
[2026-06-09 13:41:00Z INFO HostContext] Well known directory 'Root': 'C:\Users\vvaka\VisualStudio\repos\WorldBank.Automation.Solution\src\Automation.Framework\actions-runner\actions-runner-win-x64-2.334.0'
[2026-06-09 13:41:00Z INFO HostContext] Well known directory 'Work': 'C:\Users\vvaka\VisualStudio\repos\WorldBank.Automation.Solution\src\Automation.Framework\actions-runner\actions-runner-win-x64-2.334.0\_work'
[2026-06-09 13:41:00Z INFO StepsRunner] Which2: 'chcp'
[2026-06-09 13:41:00Z INFO StepsRunner] Location: 'C:\WINDOWS\system32\chcp.COM'
[2026-06-09 13:41:00Z INFO ProcessInvokerWrapper] Starting process:
[2026-06-09 13:41:00Z INFO ProcessInvokerWrapper]   File name: 'C:\WINDOWS\system32\chcp.COM'
[2026-06-09 13:41:00Z INFO ProcessInvokerWrapper]   Arguments: '65001'
[2026-06-09 13:41:00Z INFO ProcessInvokerWrapper]   Working directory: 'C:\Users\vvaka\VisualStudio\repos\WorldBank.Automation.Solution\src\Automation.Framework\actions-runner\actions-runner-win-x64-2.334.0\_work'
[2026-06-09 13:41:00Z INFO ProcessInvokerWrapper]   Require exit code zero: 'False'
[2026-06-09 13:41:00Z INFO ProcessInvokerWrapper]   Encoding web name:  ; code page: ''
[2026-06-09 13:41:00Z INFO ProcessInvokerWrapper]   Force kill process on cancellation: 'False'
[2026-06-09 13:41:00Z INFO ProcessInvokerWrapper]   Redirected STDIN: 'False'
[2026-06-09 13:41:00Z INFO ProcessInvokerWrapper]   Persist current code page: 'True'
[2026-06-09 13:41:00Z INFO ProcessInvokerWrapper]   Keep redirected STDIN open: 'False'
[2026-06-09 13:41:00Z INFO ProcessInvokerWrapper]   High priority process: 'False'
[2026-06-09 13:41:00Z INFO ProcessInvokerWrapper] Process started with process id 28812, waiting for process exit.
[2026-06-09 13:41:00Z INFO ProcessInvokerWrapper] STDOUT/STDERR stream read finished.
[2026-06-09 13:41:00Z INFO ProcessInvokerWrapper] STDOUT/STDERR stream read finished.
[2026-06-09 13:41:00Z INFO ProcessInvokerWrapper] Finished process 28812 with exit code 0, and elapsed time 00:00:00.0374878.
[2026-06-09 13:41:00Z INFO StepsRunner] Successfully returned to code page 65001 (UTF8)
[2026-06-09 13:41:00Z INFO HostContext] Well known directory 'Bin': 'C:\Users\vvaka\VisualStudio\repos\WorldBank.Automation.Solution\src\Automation.Framework\actions-runner\actions-runner-win-x64-2.334.0\bin'
[2026-06-09 13:41:00Z INFO HostContext] Well known directory 'Root': 'C:\Users\vvaka\VisualStudio\repos\WorldBank.Automation.Solution\src\Automation.Framework\actions-runner\actions-runner-win-x64-2.334.0'
[2026-06-09 13:41:00Z INFO HostContext] Well known directory 'Work': 'C:\Users\vvaka\VisualStudio\repos\WorldBank.Automation.Solution\src\Automation.Framework\actions-runner\actions-runner-win-x64-2.334.0\_work'
[2026-06-09 13:41:00Z INFO HostContext] Well known directory 'Actions': 'C:\Users\vvaka\VisualStudio\repos\WorldBank.Automation.Solution\src\Automation.Framework\actions-runner\actions-runner-win-x64-2.334.0\_work\_actions'
[2026-06-09 13:41:00Z INFO ActionManager] Load action that reference repository from 'C:\Users\vvaka\VisualStudio\repos\WorldBank.Automation.Solution\src\Automation.Framework\actions-runner\actions-runner-win-x64-2.334.0\_work\_actions\actions\checkout\v4'
[2026-06-09 13:41:00Z INFO HostContext] Well known directory 'Bin': 'C:\Users\vvaka\VisualStudio\repos\WorldBank.Automation.Solution\src\Automation.Framework\actions-runner\actions-runner-win-x64-2.334.0\bin'
[2026-06-09 13:41:00Z INFO HostContext] Well known directory 'Root': 'C:\Users\vvaka\VisualStudio\repos\WorldBank.Automation.Solution\src\Automation.Framework\actions-runner\actions-runner-win-x64-2.334.0'
[2026-06-09 13:41:00Z INFO HostContext] Well known directory 'Work': 'C:\Users\vvaka\VisualStudio\repos\WorldBank.Automation.Solution\src\Automation.Framework\actions-runner\actions-runner-win-x64-2.334.0\_work'
[2026-06-09 13:41:00Z INFO HostContext] Well known directory 'Actions': 'C:\Users\vvaka\VisualStudio\repos\WorldBank.Automation.Solution\src\Automation.Framework\actions-runner\actions-runner-win-x64-2.334.0\_work\_actions'
[2026-06-09 13:41:00Z INFO ActionManifestManagerLegacy] Loaded action.yml file: {
  "name": "Checkout",
  "description": "Checkout a Git repository at a particular version",
  "inputs": {
    "type": 2,
    "map": [
      {
        "key": {
          "type": 0,
          "file": 2,
          "line": 4,
          "col": 3,
          "lit": "repository"
        },
        "value": {
          "type": 3,
          "file": 2,
          "line": 6,
          "col": 14,
          "expr": "github.repository"
        }
      },
      {
        "key": {
          "type": 0,
          "file": 2,
          "line": 7,
          "col": 3,
          "lit": "ref"
        },
        "value": ""
      },
      {
        "key": {
          "type": 0,
          "file": 2,
          "line": 12,
          "col": 3,
          "lit": "token"
        },
        "value": {
          "type": 3,
          "file": 2,
          "line": 24,
          "col": 14,
          "expr": "github.token"
        }
      },
      {
        "key": {
          "type": 0,
          "file": 2,
          "line": 25,
          "col": 3,
          "lit": "ssh-key"
        },
        "value": ""
      },
      {
        "key": {
          "type": 0,
          "file": 2,
          "line": 37,
          "col": 3,
          "lit": "ssh-known-hosts"
        },
        "value": ""
      },
      {
        "key": {
          "type": 0,
          "file": 2,
          "line": 42,
          "col": 3,
          "lit": "ssh-strict"
        },
        "value": {
          "type": 0,
          "file": 2,
          "line": 47,
          "col": 14,
          "lit": "true"
        }
      },
      {
        "key": {
          "type": 0,
          "file": 2,
          "line": 48,
          "col": 3,
          "lit": "ssh-user"
        },
        "value": {
          "type": 0,
          "file": 2,
          "line": 51,
          "col": 14,
          "lit": "git"
        }
      },
      {
        "key": {
          "type": 0,
          "file": 2,
          "line": 52,
          "col": 3,
          "lit": "persist-credentials"
        },
        "value": {
          "type": 0,
          "file": 2,
          "line": 54,
          "col": 14,
          "lit": "true"
        }
      },
      {
        "key": {
          "type": 0,
          "file": 2,
          "line": 55,
          "col": 3,
          "lit": "path"
        },
        "value": ""
      },
      {
        "key": {
          "type": 0,
          "file": 2,
          "line": 57,
          "col": 3,
          "lit": "clean"
        },
        "value": {
          "type": 0,
          "file": 2,
          "line": 59,
          "col": 14,
          "lit": "true"
        }
      },
      {
        "key": {
          "type": 0,
          "file": 2,
          "line": 60,
          "col": 3,
          "lit": "filter"
        },
        "value": {
          "type": 0,
          "file": 2,
          "line": 64,
          "col": 14,
          "lit": ""
        }
      },
      {
        "key": {
          "type": 0,
          "file": 2,
          "line": 65,
          "col": 3,
          "lit": "sparse-checkout"
        },
        "value": {
          "type": 0,
          "file": 2,
          "line": 69,
          "col": 14,
          "lit": ""
        }
      },
      {
        "key": {
          "type": 0,
          "file": 2,
          "line": 70,
          "col": 3,
          "lit": "sparse-checkout-cone-mode"
        },
        "value": {
          "type": 0,
          "file": 2,
          "line": 73,
          "col": 14,
          "lit": "true"
        }
      },
      {
        "key": {
          "type": 0,
          "file": 2,
          "line": 74,
          "col": 3,
          "lit": "fetch-depth"
        },
        "value": {
          "type": 0,
          "file": 2,
          "line": 76,
          "col": 14,
          "lit": "1"
        }
      },
      {
        "key": {
          "type": 0,
          "file": 2,
          "line": 77,
          "col": 3,
          "lit": "fetch-tags"
        },
        "value": {
          "type": 0,
          "file": 2,
          "line": 79,
          "col": 14,
          "lit": "false"
        }
      },
      {
        "key": {
          "type": 0,
          "file": 2,
          "line": 80,
          "col": 3,
          "lit": "show-progress"
        },
        "value": {
          "type": 0,
          "file": 2,
          "line": 82,
          "col": 14,
          "lit": "true"
        }
      },
      {
        "key": {
          "type": 0,
          "file": 2,
          "line": 83,
          "col": 3,
          "lit": "lfs"
        },
        "value": {
          "type": 0,
          "file": 2,
          "line": 85,
          "col": 14,
          "lit": "false"
        }
      },
      {
        "key": {
          "type": 0,
          "file": 2,
          "line": 86,
          "col": 3,
          "lit": "submodules"
        },
        "value": {
          "type": 0,
          "file": 2,
          "line": 94,
          "col": 14,
          "lit": "false"
        }
      },
      {
        "key": {
          "type": 0,
          "file": 2,
          "line": 95,
          "col": 3,
          "lit": "set-safe-directory"
        },
        "value": {
          "type": 0,
          "file": 2,
          "line": 97,
          "col": 14,
          "lit": "true"
        }
      },
      {
        "key": {
          "type": 0,
          "file": 2,
          "line": 98,
          "col": 3,
          "lit": "github-server-url"
        },
        "value": ""
      }
    ]
  },
  "execution": {
    "executionType": "nodeJS",
    "hasPre": false,
    "hasPost": true,
    "script": "dist/index.js",
    "pre": null,
    "post": "dist/index.js",
    "nodeVersion": "node20",
    "cleanupCondition": "always()",
    "initCondition": "always()"
  },
  "deprecated": null
}
[2026-06-09 13:41:00Z INFO ActionManager] Action pre node.js file: N/A.
[2026-06-09 13:41:00Z INFO ActionManager] Action node.js file: dist/index.js.
[2026-06-09 13:41:00Z INFO ActionManager] Action post node.js file: dist/index.js.
[2026-06-09 13:41:00Z INFO ExecutionContext] Reserve record order 10 to 18 for post job actions.
[2026-06-09 13:41:00Z INFO HostContext] Well known directory 'Bin': 'C:\Users\vvaka\VisualStudio\repos\WorldBank.Automation.Solution\src\Automation.Framework\actions-runner\actions-runner-win-x64-2.334.0\bin'
[2026-06-09 13:41:00Z INFO HostContext] Well known directory 'Root': 'C:\Users\vvaka\VisualStudio\repos\WorldBank.Automation.Solution\src\Automation.Framework\actions-runner\actions-runner-win-x64-2.334.0'
[2026-06-09 13:41:00Z INFO HostContext] Well known directory 'Diag': 'C:\Users\vvaka\VisualStudio\repos\WorldBank.Automation.Solution\src\Automation.Framework\actions-runner\actions-runner-win-x64-2.334.0\_diag'
[2026-06-09 13:41:00Z INFO HostContext] Well known directory 'Bin': 'C:\Users\vvaka\VisualStudio\repos\WorldBank.Automation.Solution\src\Automation.Framework\actions-runner\actions-runner-win-x64-2.334.0\bin'
[2026-06-09 13:41:00Z INFO HostContext] Well known directory 'Root': 'C:\Users\vvaka\VisualStudio\repos\WorldBank.Automation.Solution\src\Automation.Framework\actions-runner\actions-runner-win-x64-2.334.0'
[2026-06-09 13:41:00Z INFO HostContext] Well known directory 'Diag': 'C:\Users\vvaka\VisualStudio\repos\WorldBank.Automation.Solution\src\Automation.Framework\actions-runner\actions-runner-win-x64-2.334.0\_diag'
[2026-06-09 13:41:00Z INFO HostContext] Well known directory 'Bin': 'C:\Users\vvaka\VisualStudio\repos\WorldBank.Automation.Solution\src\Automation.Framework\actions-runner\actions-runner-win-x64-2.334.0\bin'
[2026-06-09 13:41:00Z INFO HostContext] Well known directory 'Root': 'C:\Users\vvaka\VisualStudio\repos\WorldBank.Automation.Solution\src\Automation.Framework\actions-runner\actions-runner-win-x64-2.334.0'
[2026-06-09 13:41:00Z INFO HostContext] Well known directory 'Work': 'C:\Users\vvaka\VisualStudio\repos\WorldBank.Automation.Solution\src\Automation.Framework\actions-runner\actions-runner-win-x64-2.334.0\_work'
[2026-06-09 13:41:00Z INFO HostContext] Well known directory 'Temp': 'C:\Users\vvaka\VisualStudio\repos\WorldBank.Automation.Solution\src\Automation.Framework\actions-runner\actions-runner-win-x64-2.334.0\_work\_temp'
[2026-06-09 13:41:00Z INFO ExecutionContext] Write event payload to C:\Users\vvaka\VisualStudio\repos\WorldBank.Automation.Solution\src\Automation.Framework\actions-runner\actions-runner-win-x64-2.334.0\_work\_temp\_github_workflow\event.json
[2026-06-09 13:41:00Z INFO HostContext] Well known directory 'Bin': 'C:\Users\vvaka\VisualStudio\repos\WorldBank.Automation.Solution\src\Automation.Framework\actions-runner\actions-runner-win-x64-2.334.0\bin'
[2026-06-09 13:41:00Z INFO HostContext] Well known directory 'Root': 'C:\Users\vvaka\VisualStudio\repos\WorldBank.Automation.Solution\src\Automation.Framework\actions-runner\actions-runner-win-x64-2.334.0'
[2026-06-09 13:41:00Z INFO HostContext] Well known directory 'Work': 'C:\Users\vvaka\VisualStudio\repos\WorldBank.Automation.Solution\src\Automation.Framework\actions-runner\actions-runner-win-x64-2.334.0\_work'
[2026-06-09 13:41:00Z INFO HostContext] Well known directory 'Temp': 'C:\Users\vvaka\VisualStudio\repos\WorldBank.Automation.Solution\src\Automation.Framework\actions-runner\actions-runner-win-x64-2.334.0\_work\_temp'
[2026-06-09 13:41:00Z INFO ExtensionManager] Getting extensions for interface: 'GitHub.Runner.Worker.IFileCommandExtension'
[2026-06-09 13:41:00Z INFO ExtensionManager] Creating instance: GitHub.Runner.Worker.AddPathFileCommand, Runner.Worker
[2026-06-09 13:41:00Z INFO ExtensionManager] Creating instance: GitHub.Runner.Worker.SetEnvFileCommand, Runner.Worker
[2026-06-09 13:41:00Z INFO ExtensionManager] Creating instance: GitHub.Runner.Worker.CreateStepSummaryCommand, Runner.Worker
[2026-06-09 13:41:00Z INFO ExtensionManager] Creating instance: GitHub.Runner.Worker.SaveStateFileCommand, Runner.Worker
[2026-06-09 13:41:00Z INFO ExtensionManager] Creating instance: GitHub.Runner.Worker.SetOutputFileCommand, Runner.Worker
[2026-06-09 13:41:00Z INFO ActionManifestManagerLegacy] Input 'repository': default value evaluate result: {
  "type": 0,
  "file": 2,
  "line": 6,
  "col": 14,
  "lit": "ViktorVakareev/WorldBank-Core-Automation-Playwrite"
}
[2026-06-09 13:41:00Z INFO ActionManifestManagerLegacy] Input 'ref': default value evaluate result: ""
[2026-06-09 13:41:00Z INFO ActionManifestManagerLegacy] Input 'token': default value evaluate result: {
  "type": 0,
  "file": 2,
  "line": 24,
  "col": 14,
  "lit": "***"
}
[2026-06-09 13:41:00Z INFO ActionManifestManagerLegacy] Input 'ssh-key': default value evaluate result: ""
[2026-06-09 13:41:00Z INFO ActionManifestManagerLegacy] Input 'ssh-known-hosts': default value evaluate result: ""
[2026-06-09 13:41:00Z INFO ActionManifestManagerLegacy] Input 'ssh-strict': default value evaluate result: {
  "type": 0,
  "file": 2,
  "line": 47,
  "col": 14,
  "lit": "true"
}
[2026-06-09 13:41:00Z INFO ActionManifestManagerLegacy] Input 'ssh-user': default value evaluate result: {
  "type": 0,
  "file": 2,
  "line": 51,
  "col": 14,
  "lit": "git"
}
[2026-06-09 13:41:00Z INFO ActionManifestManagerLegacy] Input 'persist-credentials': default value evaluate result: {
  "type": 0,
  "file": 2,
  "line": 54,
  "col": 14,
  "lit": "true"
}
[2026-06-09 13:41:00Z INFO ActionManifestManagerLegacy] Input 'path': default value evaluate result: ""
[2026-06-09 13:41:00Z INFO ActionManifestManagerLegacy] Input 'clean': default value evaluate result: {
  "type": 0,
  "file": 2,
  "line": 59,
  "col": 14,
  "lit": "true"
}
[2026-06-09 13:41:00Z INFO ActionManifestManagerLegacy] Input 'filter': default value evaluate result: {
  "type": 0,
  "file": 2,
  "line": 64,
  "col": 14,
  "lit": ""
}
[2026-06-09 13:41:00Z INFO ActionManifestManagerLegacy] Input 'sparse-checkout': default value evaluate result: {
  "type": 0,
  "file": 2,
  "line": 69,
  "col": 14,
  "lit": ""
}
[2026-06-09 13:41:00Z INFO ActionManifestManagerLegacy] Input 'sparse-checkout-cone-mode': default value evaluate result: {
  "type": 0,
  "file": 2,
  "line": 73,
  "col": 14,
  "lit": "true"
}
[2026-06-09 13:41:00Z INFO ActionManifestManagerLegacy] Input 'fetch-depth': default value evaluate result: {
  "type": 0,
  "file": 2,
  "line": 76,
  "col": 14,
  "lit": "1"
}
[2026-06-09 13:41:00Z INFO ActionManifestManagerLegacy] Input 'fetch-tags': default value evaluate result: {
  "type": 0,
  "file": 2,
  "line": 79,
  "col": 14,
  "lit": "false"
}
[2026-06-09 13:41:00Z INFO ActionManifestManagerLegacy] Input 'show-progress': default value evaluate result: {
  "type": 0,
  "file": 2,
  "line": 82,
  "col": 14,
  "lit": "true"
}
[2026-06-09 13:41:00Z INFO ActionManifestManagerLegacy] Input 'lfs': default value evaluate result: {
  "type": 0,
  "file": 2,
  "line": 85,
  "col": 14,
  "lit": "false"
}
[2026-06-09 13:41:00Z INFO ActionManifestManagerLegacy] Input 'submodules': default value evaluate result: {
  "type": 0,
  "file": 2,
  "line": 94,
  "col": 14,
  "lit": "false"
}
[2026-06-09 13:41:00Z INFO ActionManifestManagerLegacy] Input 'set-safe-directory': default value evaluate result: {
  "type": 0,
  "file": 2,
  "line": 97,
  "col": 14,
  "lit": "true"
}
[2026-06-09 13:41:00Z INFO ActionManifestManagerLegacy] Input 'github-server-url': default value evaluate result: ""
[2026-06-09 13:41:00Z INFO ExtensionManager] Getting extensions for interface: 'GitHub.Runner.Worker.IActionCommandExtension'
[2026-06-09 13:41:00Z INFO ExtensionManager] Creating instance: GitHub.Runner.Worker.InternalPluginSetRepoPathCommandExtension, Runner.Worker
[2026-06-09 13:41:00Z INFO ExtensionManager] Creating instance: GitHub.Runner.Worker.SetEnvCommandExtension, Runner.Worker
[2026-06-09 13:41:00Z INFO ExtensionManager] Creating instance: GitHub.Runner.Worker.SetOutputCommandExtension, Runner.Worker
[2026-06-09 13:41:00Z INFO ExtensionManager] Creating instance: GitHub.Runner.Worker.SaveStateCommandExtension, Runner.Worker
[2026-06-09 13:41:00Z INFO ExtensionManager] Creating instance: GitHub.Runner.Worker.AddPathCommandExtension, Runner.Worker
[2026-06-09 13:41:00Z INFO ExtensionManager] Creating instance: GitHub.Runner.Worker.AddMaskCommandExtension, Runner.Worker
[2026-06-09 13:41:00Z INFO ExtensionManager] Creating instance: GitHub.Runner.Worker.AddMatcherCommandExtension, Runner.Worker
[2026-06-09 13:41:00Z INFO ExtensionManager] Creating instance: GitHub.Runner.Worker.RemoveMatcherCommandExtension, Runner.Worker
[2026-06-09 13:41:00Z INFO ExtensionManager] Creating instance: GitHub.Runner.Worker.WarningCommandExtension, Runner.Worker
[2026-06-09 13:41:00Z INFO ExtensionManager] Creating instance: GitHub.Runner.Worker.ErrorCommandExtension, Runner.Worker
[2026-06-09 13:41:00Z INFO ExtensionManager] Creating instance: GitHub.Runner.Worker.NoticeCommandExtension, Runner.Worker
[2026-06-09 13:41:00Z INFO ExtensionManager] Creating instance: GitHub.Runner.Worker.DebugCommandExtension, Runner.Worker
[2026-06-09 13:41:00Z INFO ExtensionManager] Creating instance: GitHub.Runner.Worker.GroupCommandExtension, Runner.Worker
[2026-06-09 13:41:00Z INFO ExtensionManager] Creating instance: GitHub.Runner.Worker.EndGroupCommandExtension, Runner.Worker
[2026-06-09 13:41:00Z INFO ExtensionManager] Creating instance: GitHub.Runner.Worker.EchoCommandExtension, Runner.Worker
[2026-06-09 13:41:00Z INFO ActionCommandManager] Register action command extension for command internal-set-repo-path
[2026-06-09 13:41:00Z INFO ActionCommandManager] Register action command extension for command set-env
[2026-06-09 13:41:00Z INFO ActionCommandManager] Register action command extension for command set-output
[2026-06-09 13:41:00Z INFO ActionCommandManager] Register action command extension for command save-state
[2026-06-09 13:41:00Z INFO ActionCommandManager] Register action command extension for command add-path
[2026-06-09 13:41:00Z INFO ActionCommandManager] Register action command extension for command add-mask
[2026-06-09 13:41:00Z INFO ActionCommandManager] Register action command extension for command add-matcher
[2026-06-09 13:41:00Z INFO ActionCommandManager] Register action command extension for command remove-matcher
[2026-06-09 13:41:00Z INFO ActionCommandManager] Register action command extension for command warning
[2026-06-09 13:41:00Z INFO ActionCommandManager] Register action command extension for command error
[2026-06-09 13:41:00Z INFO ActionCommandManager] Register action command extension for command notice
[2026-06-09 13:41:00Z INFO ActionCommandManager] Register action command extension for command debug
[2026-06-09 13:41:00Z INFO ActionCommandManager] Register action command extension for command group
[2026-06-09 13:41:00Z INFO ActionCommandManager] Register action command extension for command endgroup
[2026-06-09 13:41:00Z INFO ActionCommandManager] Register action command extension for command echo
[2026-06-09 13:41:00Z INFO HostContext] Well known directory 'Bin': 'C:\Users\vvaka\VisualStudio\repos\WorldBank.Automation.Solution\src\Automation.Framework\actions-runner\actions-runner-win-x64-2.334.0\bin'
[2026-06-09 13:41:00Z INFO HostContext] Well known directory 'Root': 'C:\Users\vvaka\VisualStudio\repos\WorldBank.Automation.Solution\src\Automation.Framework\actions-runner\actions-runner-win-x64-2.334.0'
[2026-06-09 13:41:00Z INFO HostContext] Well known directory 'Externals': 'C:\Users\vvaka\VisualStudio\repos\WorldBank.Automation.Solution\src\Automation.Framework\actions-runner\actions-runner-win-x64-2.334.0\externals'
[2026-06-09 13:41:00Z INFO ProcessInvokerWrapper] Starting process:
[2026-06-09 13:41:00Z INFO ProcessInvokerWrapper]   File name: 'C:\Users\vvaka\VisualStudio\repos\WorldBank.Automation.Solution\src\Automation.Framework\actions-runner\actions-runner-win-x64-2.334.0\externals\node20\bin\node.exe'
[2026-06-09 13:41:00Z INFO ProcessInvokerWrapper]   Arguments: '"C:\Users\vvaka\VisualStudio\repos\WorldBank.Automation.Solution\src\Automation.Framework\actions-runner\actions-runner-win-x64-2.334.0\_work\_actions\actions\checkout\v4\dist/index.js"'
[2026-06-09 13:41:00Z INFO ProcessInvokerWrapper]   Working directory: 'C:\Users\vvaka\VisualStudio\repos\WorldBank.Automation.Solution\src\Automation.Framework\actions-runner\actions-runner-win-x64-2.334.0\_work\WorldBank-Core-Automation-Playwrite\WorldBank-Core-Automation-Playwrite'
[2026-06-09 13:41:00Z INFO ProcessInvokerWrapper]   Require exit code zero: 'False'
[2026-06-09 13:41:00Z INFO ProcessInvokerWrapper]   Encoding web name: utf-8 ; code page: '65001'
[2026-06-09 13:41:00Z INFO ProcessInvokerWrapper]   Force kill process on cancellation: 'False'
[2026-06-09 13:41:00Z INFO ProcessInvokerWrapper]   Redirected STDIN: 'False'
[2026-06-09 13:41:00Z INFO ProcessInvokerWrapper]   Persist current code page: 'True'
[2026-06-09 13:41:00Z INFO ProcessInvokerWrapper]   Keep redirected STDIN open: 'False'
[2026-06-09 13:41:00Z INFO ProcessInvokerWrapper]   High priority process: 'False'
[2026-06-09 13:41:00Z INFO ProcessInvokerWrapper] Process started with process id 33916, waiting for process exit.
[2026-06-09 13:41:00Z INFO JobServerQueue] Try to append 1 batches web console lines for record 'a0176d91-81ce-42d8-9e6e-82628dafab82', success rate: 1/1.
[2026-06-09 13:41:00Z INFO JobServerQueue] Got a step log file to send to results service.
[2026-06-09 13:41:00Z INFO JobServerQueue] Starting upload of step log file to results service ResultsLog, C:\Users\vvaka\VisualStudio\repos\WorldBank.Automation.Solution\src\Automation.Framework\actions-runner\actions-runner-win-x64-2.334.0\_diag\blocks\8ea6133f-daed-44ff-a4f2-b2d6af1bbd07_50c3a994-597d-4ee8-ab54-131a0b944366.1
[2026-06-09 13:41:00Z INFO JobServerQueue] Try to upload 1 log files or attachments, success rate: 1/1.
[2026-06-09 13:41:00Z INFO AddMaskCommandExtension] Add new secret mask with length of 588
[2026-06-09 13:41:00Z INFO JobServerQueue] Try to append 1 batches web console lines for record 'a0176d91-81ce-42d8-9e6e-82628dafab82', success rate: 1/1.
[2026-06-09 13:41:01Z INFO JobServerQueue] Try to append 1 batches web console lines for record 'a0176d91-81ce-42d8-9e6e-82628dafab82', success rate: 1/1.
[2026-06-09 13:41:01Z INFO JobServerQueue] Try to append 1 batches web console lines for record 'a0176d91-81ce-42d8-9e6e-82628dafab82', success rate: 1/1.
[2026-06-09 13:41:01Z INFO JobServerQueue] Tried to upload 1 file(s) to results, success rate: 1/1.
[2026-06-09 13:41:02Z INFO JobServerQueue] Try to append 1 batches web console lines for record 'a0176d91-81ce-42d8-9e6e-82628dafab82', success rate: 1/1.
[2026-06-09 13:41:02Z INFO JobServerQueue] Try to append 1 batches web console lines for record 'a0176d91-81ce-42d8-9e6e-82628dafab82', success rate: 1/1.
[2026-06-09 13:41:03Z INFO JobServerQueue] Try to append 1 batches web console lines for record 'a0176d91-81ce-42d8-9e6e-82628dafab82', success rate: 1/1.
[2026-06-09 13:41:04Z INFO JobServerQueue] Try to append 1 batches web console lines for record 'a0176d91-81ce-42d8-9e6e-82628dafab82', success rate: 1/1.
[2026-06-09 13:41:05Z INFO JobServerQueue] Try to append 1 batches web console lines for record 'a0176d91-81ce-42d8-9e6e-82628dafab82', success rate: 1/1.
[2026-06-09 13:41:06Z INFO JobServerQueue] Try to append 1 batches web console lines for record 'a0176d91-81ce-42d8-9e6e-82628dafab82', success rate: 1/1.
[2026-06-09 13:41:07Z INFO JobServerQueue] Try to append 1 batches web console lines for record 'a0176d91-81ce-42d8-9e6e-82628dafab82', success rate: 1/1.
[2026-06-09 13:41:08Z INFO JobServerQueue] Try to append 1 batches web console lines for record 'a0176d91-81ce-42d8-9e6e-82628dafab82', success rate: 1/1.
[2026-06-09 13:41:08Z INFO JobServerQueue] Try to append 1 batches web console lines for record 'a0176d91-81ce-42d8-9e6e-82628dafab82', success rate: 1/1.
[2026-06-09 13:41:09Z INFO JobServerQueue] Try to append 1 batches web console lines for record 'a0176d91-81ce-42d8-9e6e-82628dafab82', success rate: 1/1.
[2026-06-09 13:41:09Z INFO JobServerQueue] Try to append 1 batches web console lines for record 'a0176d91-81ce-42d8-9e6e-82628dafab82', success rate: 1/1.
[2026-06-09 13:41:09Z INFO JobServerQueue] Try to append 1 batches web console lines for record 'a0176d91-81ce-42d8-9e6e-82628dafab82', success rate: 1/1.
[2026-06-09 13:41:10Z INFO JobServerQueue] Try to append 1 batches web console lines for record 'a0176d91-81ce-42d8-9e6e-82628dafab82', success rate: 1/1.
[2026-06-09 13:41:10Z INFO HostContext] Well known directory 'Bin': 'C:\Users\vvaka\VisualStudio\repos\WorldBank.Automation.Solution\src\Automation.Framework\actions-runner\actions-runner-win-x64-2.334.0\bin'
[2026-06-09 13:41:10Z INFO HostContext] Well known directory 'Root': 'C:\Users\vvaka\VisualStudio\repos\WorldBank.Automation.Solution\src\Automation.Framework\actions-runner\actions-runner-win-x64-2.334.0'
[2026-06-09 13:41:10Z INFO HostContext] Well known directory 'Work': 'C:\Users\vvaka\VisualStudio\repos\WorldBank.Automation.Solution\src\Automation.Framework\actions-runner\actions-runner-win-x64-2.334.0\_work'
[2026-06-09 13:41:10Z INFO JobServerQueue] Try to append 1 batches web console lines for record 'a0176d91-81ce-42d8-9e6e-82628dafab82', success rate: 1/1.
[2026-06-09 13:41:10Z INFO JobServerQueue] Try to append 1 batches web console lines for record 'a0176d91-81ce-42d8-9e6e-82628dafab82', success rate: 1/1.
[2026-06-09 13:41:10Z INFO JobServerQueue] Try to append 1 batches web console lines for record 'a0176d91-81ce-42d8-9e6e-82628dafab82', success rate: 1/1.
[2026-06-09 13:41:11Z INFO JobServerQueue] Try to append 1 batches web console lines for record 'a0176d91-81ce-42d8-9e6e-82628dafab82', success rate: 1/1.
[2026-06-09 13:41:11Z INFO JobServerQueue] Try to append 1 batches web console lines for record 'a0176d91-81ce-42d8-9e6e-82628dafab82', success rate: 1/1.
[2026-06-09 13:41:11Z INFO JobServerQueue] Try to append 1 batches web console lines for record 'a0176d91-81ce-42d8-9e6e-82628dafab82', success rate: 1/1.
[2026-06-09 13:41:11Z INFO JobServerQueue] Try to append 1 batches web console lines for record 'a0176d91-81ce-42d8-9e6e-82628dafab82', success rate: 1/1.
[2026-06-09 13:41:12Z INFO ProcessInvokerWrapper] STDOUT/STDERR stream read finished.
[2026-06-09 13:41:12Z INFO ProcessInvokerWrapper] STDOUT/STDERR stream read finished.
[2026-06-09 13:41:12Z INFO ProcessInvokerWrapper] Finished process 33916 with exit code 0, and elapsed time 00:00:11.6290333.
[2026-06-09 13:41:12Z INFO CreateStepSummaryCommand] Step Summary file (C:\Users\vvaka\VisualStudio\repos\WorldBank.Automation.Solution\src\Automation.Framework\actions-runner\actions-runner-win-x64-2.334.0\_work\_temp\_runner_file_commands\step_summary_712a515d-485c-425e-9abe-bfbc3613ec58) is empty; skipping attachment upload
[2026-06-09 13:41:12Z INFO StepsRunner] Step result: 
[2026-06-09 13:41:12Z INFO ExecutionContext] Publish step telemetry for current step {
  "action": "actions/checkout",
  "ref": "v4",
  "type": "node20",
  "stage": "Main",
  "stepId": "a0176d91-81ce-42d8-9e6e-82628dafab82",
  "stepContextName": "__actions_checkout",
  "hasPreStep": false,
  "hasPostStep": true,
  "result": "succeeded",
  "errorMessages": [
    "ambiguous argument 'HEAD': unknown revision or path not in the working tree.",
    "Unable to clean or reset the repository. The repository will be recreated instead."
  ],
  "executionTimeInSeconds": 12,
  "startTime": "2026-06-09T13:41:00.3141783Z",
  "finishTime": "2026-06-09T13:41:12.0479812Z"
}.
[2026-06-09 13:41:12Z INFO StepsRunner] No need for updating job result with current step result 'Succeeded'.
[2026-06-09 13:41:12Z INFO StepsRunner] Current state: job state = ''
[2026-06-09 13:41:12Z INFO StepsRunner] Processing step: DisplayName='⚙️ Setup .NET SDK'
[2026-06-09 13:41:12Z INFO StepsRunner] Evaluating: success()
[2026-06-09 13:41:12Z INFO StepsRunner] Result: true
[2026-06-09 13:41:12Z INFO StepsRunner] Starting the step.
[2026-06-09 13:41:12Z INFO HostContext] Well known directory 'Bin': 'C:\Users\vvaka\VisualStudio\repos\WorldBank.Automation.Solution\src\Automation.Framework\actions-runner\actions-runner-win-x64-2.334.0\bin'
[2026-06-09 13:41:12Z INFO HostContext] Well known directory 'Root': 'C:\Users\vvaka\VisualStudio\repos\WorldBank.Automation.Solution\src\Automation.Framework\actions-runner\actions-runner-win-x64-2.334.0'
[2026-06-09 13:41:12Z INFO HostContext] Well known directory 'Work': 'C:\Users\vvaka\VisualStudio\repos\WorldBank.Automation.Solution\src\Automation.Framework\actions-runner\actions-runner-win-x64-2.334.0\_work'
[2026-06-09 13:41:12Z INFO StepsRunner] Which2: 'chcp'
[2026-06-09 13:41:12Z INFO StepsRunner] Location: 'C:\WINDOWS\system32\chcp.COM'
[2026-06-09 13:41:12Z INFO ProcessInvokerWrapper] Starting process:
[2026-06-09 13:41:12Z INFO ProcessInvokerWrapper]   File name: 'C:\WINDOWS\system32\chcp.COM'
[2026-06-09 13:41:12Z INFO ProcessInvokerWrapper]   Arguments: '65001'
[2026-06-09 13:41:12Z INFO ProcessInvokerWrapper]   Working directory: 'C:\Users\vvaka\VisualStudio\repos\WorldBank.Automation.Solution\src\Automation.Framework\actions-runner\actions-runner-win-x64-2.334.0\_work'
[2026-06-09 13:41:12Z INFO ProcessInvokerWrapper]   Require exit code zero: 'False'
[2026-06-09 13:41:12Z INFO ProcessInvokerWrapper]   Encoding web name:  ; code page: ''
[2026-06-09 13:41:12Z INFO ProcessInvokerWrapper]   Force kill process on cancellation: 'False'
[2026-06-09 13:41:12Z INFO ProcessInvokerWrapper]   Redirected STDIN: 'False'
[2026-06-09 13:41:12Z INFO ProcessInvokerWrapper]   Persist current code page: 'True'
[2026-06-09 13:41:12Z INFO ProcessInvokerWrapper]   Keep redirected STDIN open: 'False'
[2026-06-09 13:41:12Z INFO ProcessInvokerWrapper]   High priority process: 'False'
[2026-06-09 13:41:12Z INFO ProcessInvokerWrapper] Process started with process id 46548, waiting for process exit.
[2026-06-09 13:41:12Z INFO ProcessInvokerWrapper] STDOUT/STDERR stream read finished.
[2026-06-09 13:41:12Z INFO ProcessInvokerWrapper] STDOUT/STDERR stream read finished.
[2026-06-09 13:41:12Z INFO ProcessInvokerWrapper] Finished process 46548 with exit code 0, and elapsed time 00:00:00.0496675.
[2026-06-09 13:41:12Z INFO StepsRunner] Successfully returned to code page 65001 (UTF8)
[2026-06-09 13:41:12Z INFO HostContext] Well known directory 'Bin': 'C:\Users\vvaka\VisualStudio\repos\WorldBank.Automation.Solution\src\Automation.Framework\actions-runner\actions-runner-win-x64-2.334.0\bin'
[2026-06-09 13:41:12Z INFO HostContext] Well known directory 'Root': 'C:\Users\vvaka\VisualStudio\repos\WorldBank.Automation.Solution\src\Automation.Framework\actions-runner\actions-runner-win-x64-2.334.0'
[2026-06-09 13:41:12Z INFO HostContext] Well known directory 'Work': 'C:\Users\vvaka\VisualStudio\repos\WorldBank.Automation.Solution\src\Automation.Framework\actions-runner\actions-runner-win-x64-2.334.0\_work'
[2026-06-09 13:41:12Z INFO HostContext] Well known directory 'Actions': 'C:\Users\vvaka\VisualStudio\repos\WorldBank.Automation.Solution\src\Automation.Framework\actions-runner\actions-runner-win-x64-2.334.0\_work\_actions'
[2026-06-09 13:41:12Z INFO ActionManager] Load action that reference repository from 'C:\Users\vvaka\VisualStudio\repos\WorldBank.Automation.Solution\src\Automation.Framework\actions-runner\actions-runner-win-x64-2.334.0\_work\_actions\actions\setup-dotnet\v4'
[2026-06-09 13:41:12Z INFO HostContext] Well known directory 'Bin': 'C:\Users\vvaka\VisualStudio\repos\WorldBank.Automation.Solution\src\Automation.Framework\actions-runner\actions-runner-win-x64-2.334.0\bin'
[2026-06-09 13:41:12Z INFO HostContext] Well known directory 'Root': 'C:\Users\vvaka\VisualStudio\repos\WorldBank.Automation.Solution\src\Automation.Framework\actions-runner\actions-runner-win-x64-2.334.0'
[2026-06-09 13:41:12Z INFO HostContext] Well known directory 'Work': 'C:\Users\vvaka\VisualStudio\repos\WorldBank.Automation.Solution\src\Automation.Framework\actions-runner\actions-runner-win-x64-2.334.0\_work'
[2026-06-09 13:41:12Z INFO HostContext] Well known directory 'Actions': 'C:\Users\vvaka\VisualStudio\repos\WorldBank.Automation.Solution\src\Automation.Framework\actions-runner\actions-runner-win-x64-2.334.0\_work\_actions'
[2026-06-09 13:41:12Z INFO ActionManifestManagerLegacy] Ignore action property author.
[2026-06-09 13:41:12Z INFO ActionManifestManagerLegacy] Ignore action property branding.
[2026-06-09 13:41:12Z INFO ActionManifestManagerLegacy] Loaded action.yml file: {
  "name": "Setup .NET Core SDK",
  "description": "Used to build and publish .NET source. Set up a specific version of the .NET and authentication to private NuGet repository",
  "inputs": {
    "type": 2,
    "map": [
      {
        "key": {
          "type": 0,
          "file": 3,
          "line": 8,
          "col": 3,
          "lit": "dotnet-version"
        },
        "value": ""
      },
      {
        "key": {
          "type": 0,
          "file": 3,
          "line": 10,
          "col": 3,
          "lit": "dotnet-quality"
        },
        "value": ""
      },
      {
        "key": {
          "type": 0,
          "file": 3,
          "line": 12,
          "col": 3,
          "lit": "global-json-file"
        },
        "value": ""
      },
      {
        "key": {
          "type": 0,
          "file": 3,
          "line": 14,
          "col": 3,
          "lit": "source-url"
        },
        "value": ""
      },
      {
        "key": {
          "type": 0,
          "file": 3,
          "line": 16,
          "col": 3,
          "lit": "owner"
        },
        "value": ""
      },
      {
        "key": {
          "type": 0,
          "file": 3,
          "line": 18,
          "col": 3,
          "lit": "config-file"
        },
        "value": ""
      },
      {
        "key": {
          "type": 0,
          "file": 3,
          "line": 20,
          "col": 3,
          "lit": "cache"
        },
        "value": {
          "type": 0,
          "file": 3,
          "line": 23,
          "col": 14,
          "lit": "false"
        }
      },
      {
        "key": {
          "type": 0,
          "file": 3,
          "line": 24,
          "col": 3,
          "lit": "cache-dependency-path"
        },
        "value": ""
      }
    ]
  },
  "execution": {
    "executionType": "nodeJS",
    "hasPre": false,
    "hasPost": true,
    "script": "dist/setup/index.js",
    "pre": null,
    "post": "dist/cache-save/index.js",
    "nodeVersion": "node20",
    "cleanupCondition": "success()",
    "initCondition": "always()"
  },
  "deprecated": null
}
[2026-06-09 13:41:12Z INFO ActionManager] Action pre node.js file: N/A.
[2026-06-09 13:41:12Z INFO ActionManager] Action node.js file: dist/setup/index.js.
[2026-06-09 13:41:12Z INFO ActionManager] Action post node.js file: dist/cache-save/index.js.
[2026-06-09 13:41:12Z INFO HostContext] Well known directory 'Bin': 'C:\Users\vvaka\VisualStudio\repos\WorldBank.Automation.Solution\src\Automation.Framework\actions-runner\actions-runner-win-x64-2.334.0\bin'
[2026-06-09 13:41:12Z INFO HostContext] Well known directory 'Root': 'C:\Users\vvaka\VisualStudio\repos\WorldBank.Automation.Solution\src\Automation.Framework\actions-runner\actions-runner-win-x64-2.334.0'
[2026-06-09 13:41:12Z INFO HostContext] Well known directory 'Diag': 'C:\Users\vvaka\VisualStudio\repos\WorldBank.Automation.Solution\src\Automation.Framework\actions-runner\actions-runner-win-x64-2.334.0\_diag'
[2026-06-09 13:41:12Z INFO HostContext] Well known directory 'Bin': 'C:\Users\vvaka\VisualStudio\repos\WorldBank.Automation.Solution\src\Automation.Framework\actions-runner\actions-runner-win-x64-2.334.0\bin'
[2026-06-09 13:41:12Z INFO HostContext] Well known directory 'Root': 'C:\Users\vvaka\VisualStudio\repos\WorldBank.Automation.Solution\src\Automation.Framework\actions-runner\actions-runner-win-x64-2.334.0'
[2026-06-09 13:41:12Z INFO HostContext] Well known directory 'Diag': 'C:\Users\vvaka\VisualStudio\repos\WorldBank.Automation.Solution\src\Automation.Framework\actions-runner\actions-runner-win-x64-2.334.0\_diag'
[2026-06-09 13:41:12Z INFO HostContext] Well known directory 'Bin': 'C:\Users\vvaka\VisualStudio\repos\WorldBank.Automation.Solution\src\Automation.Framework\actions-runner\actions-runner-win-x64-2.334.0\bin'
[2026-06-09 13:41:12Z INFO HostContext] Well known directory 'Root': 'C:\Users\vvaka\VisualStudio\repos\WorldBank.Automation.Solution\src\Automation.Framework\actions-runner\actions-runner-win-x64-2.334.0'
[2026-06-09 13:41:12Z INFO HostContext] Well known directory 'Work': 'C:\Users\vvaka\VisualStudio\repos\WorldBank.Automation.Solution\src\Automation.Framework\actions-runner\actions-runner-win-x64-2.334.0\_work'
[2026-06-09 13:41:12Z INFO HostContext] Well known directory 'Temp': 'C:\Users\vvaka\VisualStudio\repos\WorldBank.Automation.Solution\src\Automation.Framework\actions-runner\actions-runner-win-x64-2.334.0\_work\_temp'
[2026-06-09 13:41:12Z INFO ExecutionContext] Write event payload to C:\Users\vvaka\VisualStudio\repos\WorldBank.Automation.Solution\src\Automation.Framework\actions-runner\actions-runner-win-x64-2.334.0\_work\_temp\_github_workflow\event.json
[2026-06-09 13:41:12Z INFO HostContext] Well known directory 'Bin': 'C:\Users\vvaka\VisualStudio\repos\WorldBank.Automation.Solution\src\Automation.Framework\actions-runner\actions-runner-win-x64-2.334.0\bin'
[2026-06-09 13:41:12Z INFO HostContext] Well known directory 'Root': 'C:\Users\vvaka\VisualStudio\repos\WorldBank.Automation.Solution\src\Automation.Framework\actions-runner\actions-runner-win-x64-2.334.0'
[2026-06-09 13:41:12Z INFO HostContext] Well known directory 'Work': 'C:\Users\vvaka\VisualStudio\repos\WorldBank.Automation.Solution\src\Automation.Framework\actions-runner\actions-runner-win-x64-2.334.0\_work'
[2026-06-09 13:41:12Z INFO HostContext] Well known directory 'Temp': 'C:\Users\vvaka\VisualStudio\repos\WorldBank.Automation.Solution\src\Automation.Framework\actions-runner\actions-runner-win-x64-2.334.0\_work\_temp'
[2026-06-09 13:41:12Z INFO ExtensionManager] Getting extensions for interface: 'GitHub.Runner.Worker.IFileCommandExtension'
[2026-06-09 13:41:12Z INFO ActionManifestManagerLegacy] Input 'dotnet-quality': default value evaluate result: ""
[2026-06-09 13:41:12Z INFO ActionManifestManagerLegacy] Input 'global-json-file': default value evaluate result: ""
[2026-06-09 13:41:12Z INFO ActionManifestManagerLegacy] Input 'source-url': default value evaluate result: ""
[2026-06-09 13:41:12Z INFO ActionManifestManagerLegacy] Input 'owner': default value evaluate result: ""
[2026-06-09 13:41:12Z INFO ActionManifestManagerLegacy] Input 'config-file': default value evaluate result: ""
[2026-06-09 13:41:12Z INFO ActionManifestManagerLegacy] Input 'cache': default value evaluate result: {
  "type": 0,
  "file": 3,
  "line": 23,
  "col": 14,
  "lit": "false"
}
[2026-06-09 13:41:12Z INFO ActionManifestManagerLegacy] Input 'cache-dependency-path': default value evaluate result: ""
[2026-06-09 13:41:12Z INFO ExtensionManager] Getting extensions for interface: 'GitHub.Runner.Worker.IActionCommandExtension'
[2026-06-09 13:41:12Z INFO ActionCommandManager] Register action command extension for command internal-set-repo-path
[2026-06-09 13:41:12Z INFO ActionCommandManager] Register action command extension for command set-env
[2026-06-09 13:41:12Z INFO ActionCommandManager] Register action command extension for command set-output
[2026-06-09 13:41:12Z INFO ActionCommandManager] Register action command extension for command save-state
[2026-06-09 13:41:12Z INFO ActionCommandManager] Register action command extension for command add-path
[2026-06-09 13:41:12Z INFO ActionCommandManager] Register action command extension for command add-mask
[2026-06-09 13:41:12Z INFO ActionCommandManager] Register action command extension for command add-matcher
[2026-06-09 13:41:12Z INFO ActionCommandManager] Register action command extension for command remove-matcher
[2026-06-09 13:41:12Z INFO ActionCommandManager] Register action command extension for command warning
[2026-06-09 13:41:12Z INFO ActionCommandManager] Register action command extension for command error
[2026-06-09 13:41:12Z INFO ActionCommandManager] Register action command extension for command notice
[2026-06-09 13:41:12Z INFO ActionCommandManager] Register action command extension for command debug
[2026-06-09 13:41:12Z INFO ActionCommandManager] Register action command extension for command group
[2026-06-09 13:41:12Z INFO ActionCommandManager] Register action command extension for command endgroup
[2026-06-09 13:41:12Z INFO ActionCommandManager] Register action command extension for command echo
[2026-06-09 13:41:12Z INFO HostContext] Well known directory 'Bin': 'C:\Users\vvaka\VisualStudio\repos\WorldBank.Automation.Solution\src\Automation.Framework\actions-runner\actions-runner-win-x64-2.334.0\bin'
[2026-06-09 13:41:12Z INFO HostContext] Well known directory 'Root': 'C:\Users\vvaka\VisualStudio\repos\WorldBank.Automation.Solution\src\Automation.Framework\actions-runner\actions-runner-win-x64-2.334.0'
[2026-06-09 13:41:12Z INFO HostContext] Well known directory 'Externals': 'C:\Users\vvaka\VisualStudio\repos\WorldBank.Automation.Solution\src\Automation.Framework\actions-runner\actions-runner-win-x64-2.334.0\externals'
[2026-06-09 13:41:12Z INFO ProcessInvokerWrapper] Starting process:
[2026-06-09 13:41:12Z INFO ProcessInvokerWrapper]   File name: 'C:\Users\vvaka\VisualStudio\repos\WorldBank.Automation.Solution\src\Automation.Framework\actions-runner\actions-runner-win-x64-2.334.0\externals\node20\bin\node.exe'
[2026-06-09 13:41:12Z INFO ProcessInvokerWrapper]   Arguments: '"C:\Users\vvaka\VisualStudio\repos\WorldBank.Automation.Solution\src\Automation.Framework\actions-runner\actions-runner-win-x64-2.334.0\_work\_actions\actions\setup-dotnet\v4\dist/setup/index.js"'
[2026-06-09 13:41:12Z INFO ProcessInvokerWrapper]   Working directory: 'C:\Users\vvaka\VisualStudio\repos\WorldBank.Automation.Solution\src\Automation.Framework\actions-runner\actions-runner-win-x64-2.334.0\_work\WorldBank-Core-Automation-Playwrite\WorldBank-Core-Automation-Playwrite'
[2026-06-09 13:41:12Z INFO ProcessInvokerWrapper]   Require exit code zero: 'False'
[2026-06-09 13:41:12Z INFO ProcessInvokerWrapper]   Encoding web name: utf-8 ; code page: '65001'
[2026-06-09 13:41:12Z INFO ProcessInvokerWrapper]   Force kill process on cancellation: 'False'
[2026-06-09 13:41:12Z INFO ProcessInvokerWrapper]   Redirected STDIN: 'False'
[2026-06-09 13:41:12Z INFO ProcessInvokerWrapper]   Persist current code page: 'True'
[2026-06-09 13:41:12Z INFO ProcessInvokerWrapper]   Keep redirected STDIN open: 'False'
[2026-06-09 13:41:12Z INFO ProcessInvokerWrapper]   High priority process: 'False'
[2026-06-09 13:41:12Z INFO ProcessInvokerWrapper] Process started with process id 54428, waiting for process exit.
[2026-06-09 13:41:12Z INFO JobServerQueue] Try to append 1 batches web console lines for record 'a0176d91-81ce-42d8-9e6e-82628dafab82', success rate: 1/1.
[2026-06-09 13:41:12Z INFO JobServerQueue] Try to append 1 batches web console lines for record '136db6e3-e8a0-46a1-886f-8c5405a1f681', success rate: 1/1.
[2026-06-09 13:41:12Z INFO JobServerQueue] Got a step log file to send to results service.
[2026-06-09 13:41:12Z INFO JobServerQueue] Starting upload of step log file to results service ResultsLog, C:\Users\vvaka\VisualStudio\repos\WorldBank.Automation.Solution\src\Automation.Framework\actions-runner\actions-runner-win-x64-2.334.0\_diag\blocks\8ea6133f-daed-44ff-a4f2-b2d6af1bbd07_a0176d91-81ce-42d8-9e6e-82628dafab82.1
[2026-06-09 13:41:12Z INFO JobServerQueue] Try to upload 1 log files or attachments, success rate: 1/1.
[2026-06-09 13:41:12Z INFO JobServerQueue] Try to append 1 batches web console lines for record '136db6e3-e8a0-46a1-886f-8c5405a1f681', success rate: 1/1.
[2026-06-09 13:41:13Z INFO JobServerQueue] Tried to upload 1 file(s) to results, success rate: 1/1.
[2026-06-09 13:41:16Z INFO JobServerQueue] Try to append 1 batches web console lines for record '136db6e3-e8a0-46a1-886f-8c5405a1f681', success rate: 1/1.
[2026-06-09 13:41:16Z INFO JobServerQueue] Try to append 1 batches web console lines for record '136db6e3-e8a0-46a1-886f-8c5405a1f681', success rate: 1/1.
[2026-06-09 13:41:18Z INFO JobServerQueue] Try to append 1 batches web console lines for record '136db6e3-e8a0-46a1-886f-8c5405a1f681', success rate: 1/1.
[2026-06-09 13:41:18Z INFO ProcessInvokerWrapper] STDOUT/STDERR stream read finished.
[2026-06-09 13:41:18Z INFO ProcessInvokerWrapper] STDOUT/STDERR stream read finished.
[2026-06-09 13:41:18Z INFO ProcessInvokerWrapper] Finished process 54428 with exit code 0, and elapsed time 00:00:06.7634708.
[2026-06-09 13:41:18Z INFO CreateStepSummaryCommand] Step Summary file (C:\Users\vvaka\VisualStudio\repos\WorldBank.Automation.Solution\src\Automation.Framework\actions-runner\actions-runner-win-x64-2.334.0\_work\_temp\_runner_file_commands\step_summary_9f0a43ff-6882-4e6e-9c92-787cd2bf7781) is empty; skipping attachment upload
[2026-06-09 13:41:18Z INFO StepsRunner] Step result: 
[2026-06-09 13:41:18Z INFO ExecutionContext] Publish step telemetry for current step {
  "action": "actions/setup-dotnet",
  "ref": "v4",
  "type": "node20",
  "stage": "Main",
  "stepId": "136db6e3-e8a0-46a1-886f-8c5405a1f681",
  "stepContextName": "__actions_setup-dotnet",
  "hasPreStep": false,
  "hasPostStep": true,
  "result": "succeeded",
  "errorMessages": [],
  "executionTimeInSeconds": 7,
  "startTime": "2026-06-09T13:41:12.0516057Z",
  "finishTime": "2026-06-09T13:41:18.8834351Z"
}.
[2026-06-09 13:41:18Z INFO StepsRunner] No need for updating job result with current step result 'Succeeded'.
[2026-06-09 13:41:18Z INFO StepsRunner] Current state: job state = ''
[2026-06-09 13:41:18Z INFO StepsRunner] Processing step: DisplayName='🏗️ Build Framework'
[2026-06-09 13:41:18Z INFO StepsRunner] Evaluating: success()
[2026-06-09 13:41:18Z INFO StepsRunner] Result: true
[2026-06-09 13:41:18Z INFO StepsRunner] Starting the step.
[2026-06-09 13:41:18Z INFO HostContext] Well known directory 'Bin': 'C:\Users\vvaka\VisualStudio\repos\WorldBank.Automation.Solution\src\Automation.Framework\actions-runner\actions-runner-win-x64-2.334.0\bin'
[2026-06-09 13:41:18Z INFO HostContext] Well known directory 'Root': 'C:\Users\vvaka\VisualStudio\repos\WorldBank.Automation.Solution\src\Automation.Framework\actions-runner\actions-runner-win-x64-2.334.0'
[2026-06-09 13:41:18Z INFO HostContext] Well known directory 'Work': 'C:\Users\vvaka\VisualStudio\repos\WorldBank.Automation.Solution\src\Automation.Framework\actions-runner\actions-runner-win-x64-2.334.0\_work'
[2026-06-09 13:41:18Z INFO StepsRunner] Which2: 'chcp'
[2026-06-09 13:41:18Z INFO StepsRunner] Location: 'C:\WINDOWS\system32\chcp.COM'
[2026-06-09 13:41:18Z INFO ProcessInvokerWrapper] Starting process:
[2026-06-09 13:41:18Z INFO ProcessInvokerWrapper]   File name: 'C:\WINDOWS\system32\chcp.COM'
[2026-06-09 13:41:18Z INFO ProcessInvokerWrapper]   Arguments: '65001'
[2026-06-09 13:41:18Z INFO ProcessInvokerWrapper]   Working directory: 'C:\Users\vvaka\VisualStudio\repos\WorldBank.Automation.Solution\src\Automation.Framework\actions-runner\actions-runner-win-x64-2.334.0\_work'
[2026-06-09 13:41:18Z INFO ProcessInvokerWrapper]   Require exit code zero: 'False'
[2026-06-09 13:41:18Z INFO ProcessInvokerWrapper]   Encoding web name:  ; code page: ''
[2026-06-09 13:41:18Z INFO ProcessInvokerWrapper]   Force kill process on cancellation: 'False'
[2026-06-09 13:41:18Z INFO ProcessInvokerWrapper]   Redirected STDIN: 'False'
[2026-06-09 13:41:18Z INFO ProcessInvokerWrapper]   Persist current code page: 'True'
[2026-06-09 13:41:18Z INFO ProcessInvokerWrapper]   Keep redirected STDIN open: 'False'
[2026-06-09 13:41:18Z INFO ProcessInvokerWrapper]   High priority process: 'False'
[2026-06-09 13:41:18Z INFO ProcessInvokerWrapper] Process started with process id 38504, waiting for process exit.
[2026-06-09 13:41:18Z INFO ProcessInvokerWrapper] STDOUT/STDERR stream read finished.
[2026-06-09 13:41:18Z INFO ProcessInvokerWrapper] STDOUT/STDERR stream read finished.
[2026-06-09 13:41:18Z INFO ProcessInvokerWrapper] Finished process 38504 with exit code 0, and elapsed time 00:00:00.0372652.
[2026-06-09 13:41:18Z INFO StepsRunner] Successfully returned to code page 65001 (UTF8)
[2026-06-09 13:41:18Z INFO HostContext] Well known directory 'Bin': 'C:\Users\vvaka\VisualStudio\repos\WorldBank.Automation.Solution\src\Automation.Framework\actions-runner\actions-runner-win-x64-2.334.0\bin'
[2026-06-09 13:41:18Z INFO HostContext] Well known directory 'Root': 'C:\Users\vvaka\VisualStudio\repos\WorldBank.Automation.Solution\src\Automation.Framework\actions-runner\actions-runner-win-x64-2.334.0'
[2026-06-09 13:41:18Z INFO HostContext] Well known directory 'Work': 'C:\Users\vvaka\VisualStudio\repos\WorldBank.Automation.Solution\src\Automation.Framework\actions-runner\actions-runner-win-x64-2.334.0\_work'
[2026-06-09 13:41:18Z INFO HostContext] Well known directory 'Temp': 'C:\Users\vvaka\VisualStudio\repos\WorldBank.Automation.Solution\src\Automation.Framework\actions-runner\actions-runner-win-x64-2.334.0\_work\_temp'
[2026-06-09 13:41:18Z INFO ExecutionContext] Write event payload to C:\Users\vvaka\VisualStudio\repos\WorldBank.Automation.Solution\src\Automation.Framework\actions-runner\actions-runner-win-x64-2.334.0\_work\_temp\_github_workflow\event.json
[2026-06-09 13:41:18Z INFO HostContext] Well known directory 'Bin': 'C:\Users\vvaka\VisualStudio\repos\WorldBank.Automation.Solution\src\Automation.Framework\actions-runner\actions-runner-win-x64-2.334.0\bin'
[2026-06-09 13:41:18Z INFO HostContext] Well known directory 'Root': 'C:\Users\vvaka\VisualStudio\repos\WorldBank.Automation.Solution\src\Automation.Framework\actions-runner\actions-runner-win-x64-2.334.0'
[2026-06-09 13:41:18Z INFO HostContext] Well known directory 'Work': 'C:\Users\vvaka\VisualStudio\repos\WorldBank.Automation.Solution\src\Automation.Framework\actions-runner\actions-runner-win-x64-2.334.0\_work'
[2026-06-09 13:41:18Z INFO HostContext] Well known directory 'Temp': 'C:\Users\vvaka\VisualStudio\repos\WorldBank.Automation.Solution\src\Automation.Framework\actions-runner\actions-runner-win-x64-2.334.0\_work\_temp'
[2026-06-09 13:41:18Z INFO ExtensionManager] Getting extensions for interface: 'GitHub.Runner.Worker.IFileCommandExtension'
[2026-06-09 13:41:18Z INFO ExtensionManager] Getting extensions for interface: 'GitHub.Runner.Worker.IActionCommandExtension'
[2026-06-09 13:41:18Z INFO ActionCommandManager] Register action command extension for command internal-set-repo-path
[2026-06-09 13:41:18Z INFO ActionCommandManager] Register action command extension for command set-env
[2026-06-09 13:41:18Z INFO ActionCommandManager] Register action command extension for command set-output
[2026-06-09 13:41:18Z INFO ActionCommandManager] Register action command extension for command save-state
[2026-06-09 13:41:18Z INFO ActionCommandManager] Register action command extension for command add-path
[2026-06-09 13:41:18Z INFO ActionCommandManager] Register action command extension for command add-mask
[2026-06-09 13:41:18Z INFO ActionCommandManager] Register action command extension for command add-matcher
[2026-06-09 13:41:18Z INFO ActionCommandManager] Register action command extension for command remove-matcher
[2026-06-09 13:41:18Z INFO ActionCommandManager] Register action command extension for command warning
[2026-06-09 13:41:18Z INFO ActionCommandManager] Register action command extension for command error
[2026-06-09 13:41:18Z INFO ActionCommandManager] Register action command extension for command notice
[2026-06-09 13:41:18Z INFO ActionCommandManager] Register action command extension for command debug
[2026-06-09 13:41:18Z INFO ActionCommandManager] Register action command extension for command group
[2026-06-09 13:41:18Z INFO ActionCommandManager] Register action command extension for command endgroup
[2026-06-09 13:41:18Z INFO ActionCommandManager] Register action command extension for command echo
[2026-06-09 13:41:18Z INFO ScriptHandler] Which2: 'pwsh'
[2026-06-09 13:41:18Z INFO ScriptHandler] Location: 'C:\Users\vvaka\.dotnet\tools\pwsh.EXE'
[2026-06-09 13:41:18Z INFO HostContext] Well known directory 'Bin': 'C:\Users\vvaka\VisualStudio\repos\WorldBank.Automation.Solution\src\Automation.Framework\actions-runner\actions-runner-win-x64-2.334.0\bin'
[2026-06-09 13:41:18Z INFO HostContext] Well known directory 'Root': 'C:\Users\vvaka\VisualStudio\repos\WorldBank.Automation.Solution\src\Automation.Framework\actions-runner\actions-runner-win-x64-2.334.0'
[2026-06-09 13:41:18Z INFO HostContext] Well known directory 'Work': 'C:\Users\vvaka\VisualStudio\repos\WorldBank.Automation.Solution\src\Automation.Framework\actions-runner\actions-runner-win-x64-2.334.0\_work'
[2026-06-09 13:41:18Z INFO HostContext] Well known directory 'Temp': 'C:\Users\vvaka\VisualStudio\repos\WorldBank.Automation.Solution\src\Automation.Framework\actions-runner\actions-runner-win-x64-2.334.0\_work\_temp'
[2026-06-09 13:41:18Z INFO ScriptHandler] Which2: 'pwsh'
[2026-06-09 13:41:18Z INFO ScriptHandler] Location: 'C:\Users\vvaka\.dotnet\tools\pwsh.EXE'
[2026-06-09 13:41:18Z INFO ProcessInvokerWrapper] Starting process:
[2026-06-09 13:41:18Z INFO ProcessInvokerWrapper]   File name: 'C:\Users\vvaka\.dotnet\tools\pwsh.EXE'
[2026-06-09 13:41:18Z INFO ProcessInvokerWrapper]   Arguments: '-command ". 'C:\Users\vvaka\VisualStudio\repos\WorldBank.Automation.Solution\src\Automation.Framework\actions-runner\actions-runner-win-x64-2.334.0\_work\_temp\1b4bf0e4-7d41-4bbc-a294-80e852035d7b.ps1'"'
[2026-06-09 13:41:18Z INFO ProcessInvokerWrapper]   Working directory: 'C:\Users\vvaka\VisualStudio\repos\WorldBank.Automation.Solution\src\Automation.Framework\actions-runner\actions-runner-win-x64-2.334.0\_work\WorldBank-Core-Automation-Playwrite\WorldBank-Core-Automation-Playwrite'
[2026-06-09 13:41:18Z INFO ProcessInvokerWrapper]   Require exit code zero: 'False'
[2026-06-09 13:41:18Z INFO ProcessInvokerWrapper]   Encoding web name:  ; code page: ''
[2026-06-09 13:41:18Z INFO ProcessInvokerWrapper]   Force kill process on cancellation: 'False'
[2026-06-09 13:41:18Z INFO ProcessInvokerWrapper]   Redirected STDIN: 'False'
[2026-06-09 13:41:18Z INFO ProcessInvokerWrapper]   Persist current code page: 'True'
[2026-06-09 13:41:18Z INFO ProcessInvokerWrapper]   Keep redirected STDIN open: 'False'
[2026-06-09 13:41:18Z INFO ProcessInvokerWrapper]   High priority process: 'False'
[2026-06-09 13:41:18Z INFO ProcessInvokerWrapper] Process started with process id 56516, waiting for process exit.
[2026-06-09 13:41:18Z INFO JobServerQueue] Try to append 1 batches web console lines for record 'e485854f-f96e-4e32-bfe5-c6a788bada68', success rate: 1/1.
[2026-06-09 13:41:19Z INFO JobServerQueue] Got a step log file to send to results service.
[2026-06-09 13:41:19Z INFO JobServerQueue] Starting upload of step log file to results service ResultsLog, C:\Users\vvaka\VisualStudio\repos\WorldBank.Automation.Solution\src\Automation.Framework\actions-runner\actions-runner-win-x64-2.334.0\_diag\blocks\8ea6133f-daed-44ff-a4f2-b2d6af1bbd07_136db6e3-e8a0-46a1-886f-8c5405a1f681.1
[2026-06-09 13:41:19Z INFO JobServerQueue] Tried to upload 1 file(s) to results, success rate: 1/1.
[2026-06-09 13:41:19Z INFO JobServerQueue] Try to upload 1 log files or attachments, success rate: 1/1.
[2026-06-09 13:41:20Z INFO HostContext] Well known directory 'Bin': 'C:\Users\vvaka\VisualStudio\repos\WorldBank.Automation.Solution\src\Automation.Framework\actions-runner\actions-runner-win-x64-2.334.0\bin'
[2026-06-09 13:41:20Z INFO HostContext] Well known directory 'Root': 'C:\Users\vvaka\VisualStudio\repos\WorldBank.Automation.Solution\src\Automation.Framework\actions-runner\actions-runner-win-x64-2.334.0'
[2026-06-09 13:41:20Z INFO HostContext] Well known directory 'Work': 'C:\Users\vvaka\VisualStudio\repos\WorldBank.Automation.Solution\src\Automation.Framework\actions-runner\actions-runner-win-x64-2.334.0\_work'
[2026-06-09 13:41:20Z INFO JobServerQueue] Try to append 1 batches web console lines for record 'e485854f-f96e-4e32-bfe5-c6a788bada68', success rate: 1/1.
[2026-06-09 13:41:21Z INFO JobServerQueue] Try to append 1 batches web console lines for record 'e485854f-f96e-4e32-bfe5-c6a788bada68', success rate: 1/1.
[2026-06-09 13:41:21Z INFO ProcessInvokerWrapper] STDOUT/STDERR stream read finished.
[2026-06-09 13:41:21Z INFO ProcessInvokerWrapper] STDOUT/STDERR stream read finished.
[2026-06-09 13:41:21Z INFO ProcessInvokerWrapper] Finished process 56516 with exit code 1, and elapsed time 00:00:02.3094052.
[2026-06-09 13:41:21Z INFO CreateStepSummaryCommand] Step Summary file (C:\Users\vvaka\VisualStudio\repos\WorldBank.Automation.Solution\src\Automation.Framework\actions-runner\actions-runner-win-x64-2.334.0\_work\_temp\_runner_file_commands\step_summary_3d52fca8-37bc-47f4-b592-a4a0b4aff6de) is empty; skipping attachment upload
[2026-06-09 13:41:21Z INFO StepsRunner] Step result: Failed
[2026-06-09 13:41:21Z INFO ExecutionContext] Publish step telemetry for current step {
  "action": "pwsh",
  "type": "run",
  "stage": "Main",
  "stepId": "e485854f-f96e-4e32-bfe5-c6a788bada68",
  "stepContextName": "__run",
  "result": "failed",
  "errorMessages": [
    "Process completed with exit code 1."
  ],
  "executionTimeInSeconds": 3,
  "startTime": "2026-06-09T13:41:18.8857447Z",
  "finishTime": "2026-06-09T13:41:21.26603Z"
}.
[2026-06-09 13:41:21Z INFO StepsRunner] Update job result with current step result 'Failed'.
[2026-06-09 13:41:21Z INFO StepsRunner] Current state: job state = 'Failed'
[2026-06-09 13:41:21Z INFO StepsRunner] Processing step: DisplayName='🌐 Install Playwright Browsers & OS Dependencies'
[2026-06-09 13:41:21Z INFO StepsRunner] Evaluating: success()
[2026-06-09 13:41:21Z INFO StepsRunner] Result: false
[2026-06-09 13:41:21Z INFO StepsRunner] Skipping step due to condition evaluation.
[2026-06-09 13:41:21Z INFO StepsRunner] No need for updating job result with current step result 'Skipped'.
[2026-06-09 13:41:21Z INFO StepsRunner] Current state: job state = 'Failed'
[2026-06-09 13:41:21Z INFO StepsRunner] Processing step: DisplayName='🧪 Execute UI Test Suite'
[2026-06-09 13:41:21Z INFO StepsRunner] Evaluating: success()
[2026-06-09 13:41:21Z INFO StepsRunner] Result: false
[2026-06-09 13:41:21Z INFO StepsRunner] Skipping step due to condition evaluation.
[2026-06-09 13:41:21Z INFO StepsRunner] No need for updating job result with current step result 'Skipped'.
[2026-06-09 13:41:21Z INFO StepsRunner] Current state: job state = 'Failed'
[2026-06-09 13:41:21Z INFO StepsRunner] Processing step: DisplayName='📊 Generate Allure Report'
[2026-06-09 13:41:21Z INFO StepsRunner] Evaluating: always()
[2026-06-09 13:41:21Z INFO StepsRunner] Result: true
[2026-06-09 13:41:21Z INFO StepsRunner] Starting the step.
[2026-06-09 13:41:21Z INFO HostContext] Well known directory 'Bin': 'C:\Users\vvaka\VisualStudio\repos\WorldBank.Automation.Solution\src\Automation.Framework\actions-runner\actions-runner-win-x64-2.334.0\bin'
[2026-06-09 13:41:21Z INFO HostContext] Well known directory 'Root': 'C:\Users\vvaka\VisualStudio\repos\WorldBank.Automation.Solution\src\Automation.Framework\actions-runner\actions-runner-win-x64-2.334.0'
[2026-06-09 13:41:21Z INFO HostContext] Well known directory 'Work': 'C:\Users\vvaka\VisualStudio\repos\WorldBank.Automation.Solution\src\Automation.Framework\actions-runner\actions-runner-win-x64-2.334.0\_work'
[2026-06-09 13:41:21Z INFO StepsRunner] Which2: 'chcp'
[2026-06-09 13:41:21Z INFO StepsRunner] Location: 'C:\WINDOWS\system32\chcp.COM'
[2026-06-09 13:41:21Z INFO ProcessInvokerWrapper] Starting process:
[2026-06-09 13:41:21Z INFO ProcessInvokerWrapper]   File name: 'C:\WINDOWS\system32\chcp.COM'
[2026-06-09 13:41:21Z INFO ProcessInvokerWrapper]   Arguments: '65001'
[2026-06-09 13:41:21Z INFO ProcessInvokerWrapper]   Working directory: 'C:\Users\vvaka\VisualStudio\repos\WorldBank.Automation.Solution\src\Automation.Framework\actions-runner\actions-runner-win-x64-2.334.0\_work'
[2026-06-09 13:41:21Z INFO ProcessInvokerWrapper]   Require exit code zero: 'False'
[2026-06-09 13:41:21Z INFO ProcessInvokerWrapper]   Encoding web name:  ; code page: ''
[2026-06-09 13:41:21Z INFO ProcessInvokerWrapper]   Force kill process on cancellation: 'False'
[2026-06-09 13:41:21Z INFO ProcessInvokerWrapper]   Redirected STDIN: 'False'
[2026-06-09 13:41:21Z INFO ProcessInvokerWrapper]   Persist current code page: 'True'
[2026-06-09 13:41:21Z INFO ProcessInvokerWrapper]   Keep redirected STDIN open: 'False'
[2026-06-09 13:41:21Z INFO ProcessInvokerWrapper]   High priority process: 'False'
[2026-06-09 13:41:21Z INFO ProcessInvokerWrapper] Process started with process id 25828, waiting for process exit.
[2026-06-09 13:41:21Z INFO JobServerQueue] Try to append 1 batches web console lines for record 'e485854f-f96e-4e32-bfe5-c6a788bada68', success rate: 1/1.
[2026-06-09 13:41:21Z INFO ProcessInvokerWrapper] STDOUT/STDERR stream read finished.
[2026-06-09 13:41:21Z INFO ProcessInvokerWrapper] STDOUT/STDERR stream read finished.
[2026-06-09 13:41:21Z INFO ProcessInvokerWrapper] Finished process 25828 with exit code 0, and elapsed time 00:00:00.0412678.
[2026-06-09 13:41:21Z INFO StepsRunner] Successfully returned to code page 65001 (UTF8)
[2026-06-09 13:41:21Z INFO HostContext] Well known directory 'Bin': 'C:\Users\vvaka\VisualStudio\repos\WorldBank.Automation.Solution\src\Automation.Framework\actions-runner\actions-runner-win-x64-2.334.0\bin'
[2026-06-09 13:41:21Z INFO HostContext] Well known directory 'Root': 'C:\Users\vvaka\VisualStudio\repos\WorldBank.Automation.Solution\src\Automation.Framework\actions-runner\actions-runner-win-x64-2.334.0'
[2026-06-09 13:41:21Z INFO HostContext] Well known directory 'Work': 'C:\Users\vvaka\VisualStudio\repos\WorldBank.Automation.Solution\src\Automation.Framework\actions-runner\actions-runner-win-x64-2.334.0\_work'
[2026-06-09 13:41:21Z INFO HostContext] Well known directory 'Actions': 'C:\Users\vvaka\VisualStudio\repos\WorldBank.Automation.Solution\src\Automation.Framework\actions-runner\actions-runner-win-x64-2.334.0\_work\_actions'
[2026-06-09 13:41:21Z INFO ActionManager] Load action that reference repository from 'C:\Users\vvaka\VisualStudio\repos\WorldBank.Automation.Solution\src\Automation.Framework\actions-runner\actions-runner-win-x64-2.334.0\_work\_actions\simple-elf\allure-report-action\master'
[2026-06-09 13:41:21Z INFO HostContext] Well known directory 'Bin': 'C:\Users\vvaka\VisualStudio\repos\WorldBank.Automation.Solution\src\Automation.Framework\actions-runner\actions-runner-win-x64-2.334.0\bin'
[2026-06-09 13:41:21Z INFO HostContext] Well known directory 'Root': 'C:\Users\vvaka\VisualStudio\repos\WorldBank.Automation.Solution\src\Automation.Framework\actions-runner\actions-runner-win-x64-2.334.0'
[2026-06-09 13:41:21Z INFO HostContext] Well known directory 'Work': 'C:\Users\vvaka\VisualStudio\repos\WorldBank.Automation.Solution\src\Automation.Framework\actions-runner\actions-runner-win-x64-2.334.0\_work'
[2026-06-09 13:41:21Z INFO HostContext] Well known directory 'Actions': 'C:\Users\vvaka\VisualStudio\repos\WorldBank.Automation.Solution\src\Automation.Framework\actions-runner\actions-runner-win-x64-2.334.0\_work\_actions'
[2026-06-09 13:41:21Z INFO ActionManifestManagerLegacy] Ignore action property author.
[2026-06-09 13:41:21Z INFO ActionManifestManagerLegacy] Ignore action property branding.
[2026-06-09 13:41:21Z INFO ActionManifestManagerLegacy] Loaded action.yml file: {
  "name": "Allure Report with history",
  "description": "Generate Allure Report with history",
  "inputs": {
    "type": 2,
    "map": [
      {
        "key": {
          "type": 0,
          "file": 4,
          "line": 8,
          "col": 3,
          "lit": "allure_results"
        },
        "value": {
          "type": 0,
          "file": 4,
          "line": 11,
          "col": 14,
          "lit": "allure-results"
        }
      },
      {
        "key": {
          "type": 0,
          "file": 4,
          "line": 12,
          "col": 3,
          "lit": "allure_report"
        },
        "value": {
          "type": 0,
          "file": 4,
          "line": 15,
          "col": 14,
          "lit": "allure-report"
        }
      },
      {
        "key": {
          "type": 0,
          "file": 4,
          "line": 16,
          "col": 3,
          "lit": "gh_pages"
        },
        "value": {
          "type": 0,
          "file": 4,
          "line": 19,
          "col": 14,
          "lit": "gh-pages"
        }
      },
      {
        "key": {
          "type": 0,
          "file": 4,
          "line": 20,
          "col": 3,
          "lit": "allure_history"
        },
        "value": {
          "type": 0,
          "file": 4,
          "line": 23,
          "col": 14,
          "lit": "allure-history"
        }
      },
      {
        "key": {
          "type": 0,
          "file": 4,
          "line": 24,
          "col": 3,
          "lit": "subfolder"
        },
        "value": {
          "type": 0,
          "file": 4,
          "line": 27,
          "col": 14,
          "lit": ""
        }
      },
      {
        "key": {
          "type": 0,
          "file": 4,
          "line": 28,
          "col": 3,
          "lit": "keep_reports"
        },
        "value": {
          "type": 0,
          "file": 4,
          "line": 31,
          "col": 14,
          "lit": "20"
        }
      },
      {
        "key": {
          "type": 0,
          "file": 4,
          "line": 32,
          "col": 3,
          "lit": "github_run_num"
        },
        "value": {
          "type": 3,
          "file": 4,
          "line": 35,
          "col": 14,
          "expr": "github.run_number"
        }
      },
      {
        "key": {
          "type": 0,
          "file": 4,
          "line": 36,
          "col": 3,
          "lit": "github_run_id"
        },
        "value": {
          "type": 3,
          "file": 4,
          "line": 39,
          "col": 14,
          "expr": "github.run_id"
        }
      },
      {
        "key": {
          "type": 0,
          "file": 4,
          "line": 40,
          "col": 3,
          "lit": "github_repo"
        },
        "value": {
          "type": 3,
          "file": 4,
          "line": 43,
          "col": 14,
          "expr": "github.repository"
        }
      },
      {
        "key": {
          "type": 0,
          "file": 4,
          "line": 44,
          "col": 3,
          "lit": "github_repo_owner"
        },
        "value": {
          "type": 3,
          "file": 4,
          "line": 47,
          "col": 14,
          "expr": "github.repository_owner"
        }
      },
      {
        "key": {
          "type": 0,
          "file": 4,
          "line": 48,
          "col": 3,
          "lit": "github_tests_repo"
        },
        "value": {
          "type": 3,
          "file": 4,
          "line": 51,
          "col": 14,
          "expr": "github.repository"
        }
      },
      {
        "key": {
          "type": 0,
          "file": 4,
          "line": 52,
          "col": 3,
          "lit": "report_url"
        },
        "value": {
          "type": 0,
          "file": 4,
          "line": 55,
          "col": 14,
          "lit": ""
        }
      },
      {
        "key": {
          "type": 0,
          "file": 4,
          "line": 56,
          "col": 3,
          "lit": "github_server_url"
        },
        "value": {
          "type": 3,
          "file": 4,
          "line": 59,
          "col": 14,
          "expr": "github.server_url"
        }
      },
      {
        "key": {
          "type": 0,
          "file": 4,
          "line": 60,
          "col": 3,
          "lit": "report_name"
        },
        "value": ""
      }
    ]
  },
  "execution": {
    "executionType": "container",
    "hasPre": false,
    "hasPost": false,
    "image": "Dockerfile",
    "entryPoint": null,
    "arguments": null,
    "environment": null,
    "pre": null,
    "post": null,
    "cleanupCondition": "always()",
    "initCondition": "always()"
  },
  "deprecated": null
}
[2026-06-09 13:41:21Z INFO ActionManager] Action container Dockerfile/image: Dockerfile.
[2026-06-09 13:41:21Z INFO HostContext] Well known directory 'Bin': 'C:\Users\vvaka\VisualStudio\repos\WorldBank.Automation.Solution\src\Automation.Framework\actions-runner\actions-runner-win-x64-2.334.0\bin'
[2026-06-09 13:41:21Z INFO HostContext] Well known directory 'Root': 'C:\Users\vvaka\VisualStudio\repos\WorldBank.Automation.Solution\src\Automation.Framework\actions-runner\actions-runner-win-x64-2.334.0'
[2026-06-09 13:41:21Z INFO HostContext] Well known directory 'Work': 'C:\Users\vvaka\VisualStudio\repos\WorldBank.Automation.Solution\src\Automation.Framework\actions-runner\actions-runner-win-x64-2.334.0\_work'
[2026-06-09 13:41:21Z INFO HostContext] Well known directory 'Temp': 'C:\Users\vvaka\VisualStudio\repos\WorldBank.Automation.Solution\src\Automation.Framework\actions-runner\actions-runner-win-x64-2.334.0\_work\_temp'
[2026-06-09 13:41:21Z INFO ExecutionContext] Write event payload to C:\Users\vvaka\VisualStudio\repos\WorldBank.Automation.Solution\src\Automation.Framework\actions-runner\actions-runner-win-x64-2.334.0\_work\_temp\_github_workflow\event.json
[2026-06-09 13:41:21Z INFO HostContext] Well known directory 'Bin': 'C:\Users\vvaka\VisualStudio\repos\WorldBank.Automation.Solution\src\Automation.Framework\actions-runner\actions-runner-win-x64-2.334.0\bin'
[2026-06-09 13:41:21Z INFO HostContext] Well known directory 'Root': 'C:\Users\vvaka\VisualStudio\repos\WorldBank.Automation.Solution\src\Automation.Framework\actions-runner\actions-runner-win-x64-2.334.0'
[2026-06-09 13:41:21Z INFO HostContext] Well known directory 'Work': 'C:\Users\vvaka\VisualStudio\repos\WorldBank.Automation.Solution\src\Automation.Framework\actions-runner\actions-runner-win-x64-2.334.0\_work'
[2026-06-09 13:41:21Z INFO HostContext] Well known directory 'Temp': 'C:\Users\vvaka\VisualStudio\repos\WorldBank.Automation.Solution\src\Automation.Framework\actions-runner\actions-runner-win-x64-2.334.0\_work\_temp'
[2026-06-09 13:41:21Z INFO ExtensionManager] Getting extensions for interface: 'GitHub.Runner.Worker.IFileCommandExtension'
[2026-06-09 13:41:21Z INFO ActionManifestManagerLegacy] Input 'subfolder': default value evaluate result: {
  "type": 0,
  "file": 4,
  "line": 27,
  "col": 14,
  "lit": ""
}
[2026-06-09 13:41:21Z INFO ActionManifestManagerLegacy] Input 'keep_reports': default value evaluate result: {
  "type": 0,
  "file": 4,
  "line": 31,
  "col": 14,
  "lit": "20"
}
[2026-06-09 13:41:21Z INFO ActionManifestManagerLegacy] Input 'github_run_num': default value evaluate result: {
  "type": 0,
  "file": 4,
  "line": 35,
  "col": 14,
  "lit": "7"
}
[2026-06-09 13:41:21Z INFO ActionManifestManagerLegacy] Input 'github_run_id': default value evaluate result: {
  "type": 0,
  "file": 4,
  "line": 39,
  "col": 14,
  "lit": "27209747855"
}
[2026-06-09 13:41:21Z INFO ActionManifestManagerLegacy] Input 'github_repo': default value evaluate result: {
  "type": 0,
  "file": 4,
  "line": 43,
  "col": 14,
  "lit": "ViktorVakareev/WorldBank-Core-Automation-Playwrite"
}
[2026-06-09 13:41:21Z INFO ActionManifestManagerLegacy] Input 'github_repo_owner': default value evaluate result: {
  "type": 0,
  "file": 4,
  "line": 47,
  "col": 14,
  "lit": "ViktorVakareev"
}
[2026-06-09 13:41:21Z INFO ActionManifestManagerLegacy] Input 'github_tests_repo': default value evaluate result: {
  "type": 0,
  "file": 4,
  "line": 51,
  "col": 14,
  "lit": "ViktorVakareev/WorldBank-Core-Automation-Playwrite"
}
[2026-06-09 13:41:21Z INFO ActionManifestManagerLegacy] Input 'report_url': default value evaluate result: {
  "type": 0,
  "file": 4,
  "line": 55,
  "col": 14,
  "lit": ""
}
[2026-06-09 13:41:21Z INFO ActionManifestManagerLegacy] Input 'github_server_url': default value evaluate result: {
  "type": 0,
  "file": 4,
  "line": 59,
  "col": 14,
  "lit": "https://github.com"
}
[2026-06-09 13:41:21Z INFO ActionManifestManagerLegacy] Input 'report_name': default value evaluate result: ""
[2026-06-09 13:41:21Z INFO ExtensionManager] Getting extensions for interface: 'GitHub.Runner.Worker.IActionCommandExtension'
[2026-06-09 13:41:21Z INFO ActionCommandManager] Register action command extension for command internal-set-repo-path
[2026-06-09 13:41:21Z INFO ActionCommandManager] Register action command extension for command set-env
[2026-06-09 13:41:21Z INFO ActionCommandManager] Register action command extension for command set-output
[2026-06-09 13:41:21Z INFO ActionCommandManager] Register action command extension for command save-state
[2026-06-09 13:41:21Z INFO ActionCommandManager] Register action command extension for command add-path
[2026-06-09 13:41:21Z INFO ActionCommandManager] Register action command extension for command add-mask
[2026-06-09 13:41:21Z INFO ActionCommandManager] Register action command extension for command add-matcher
[2026-06-09 13:41:21Z INFO ActionCommandManager] Register action command extension for command remove-matcher
[2026-06-09 13:41:21Z INFO ActionCommandManager] Register action command extension for command warning
[2026-06-09 13:41:21Z INFO ActionCommandManager] Register action command extension for command error
[2026-06-09 13:41:21Z INFO ActionCommandManager] Register action command extension for command notice
[2026-06-09 13:41:21Z INFO ActionCommandManager] Register action command extension for command debug
[2026-06-09 13:41:21Z INFO ActionCommandManager] Register action command extension for command group
[2026-06-09 13:41:21Z INFO ActionCommandManager] Register action command extension for command endgroup
[2026-06-09 13:41:21Z INFO ActionCommandManager] Register action command extension for command echo
[2026-06-09 13:41:21Z INFO CreateStepSummaryCommand] Step Summary file (C:\Users\vvaka\VisualStudio\repos\WorldBank.Automation.Solution\src\Automation.Framework\actions-runner\actions-runner-win-x64-2.334.0\_work\_temp\_runner_file_commands\step_summary_9906747d-2749-4e96-9713-71bed3951f86) is empty; skipping attachment upload
[2026-06-09 13:41:21Z ERR  StepsRunner] Caught exception from step: System.NotSupportedException: Container action is only supported on Linux
   at GitHub.Runner.Worker.Handlers.ContainerActionHandler.RunAsync(ActionRunStage stage)
   at GitHub.Runner.Worker.ActionRunner.RunAsync()
   at GitHub.Runner.Worker.StepsRunner.RunStepAsync(IStep step, CancellationToken jobCancellationToken)
[2026-06-09 13:41:21Z INFO StepsRunner] Step result: Failed
[2026-06-09 13:41:21Z INFO ExecutionContext] Publish step telemetry for current step {
  "action": "simple-elf/allure-report-action",
  "ref": "master",
  "type": "repository",
  "stage": "Main",
  "stepId": "b51d1b4a-151b-4dfe-855b-f8ee9a790a7e",
  "stepContextName": "allure-report",
  "result": "failed",
  "errorMessages": [
    "Container action is only supported on Linux"
  ],
  "executionTimeInSeconds": 1,
  "startTime": "2026-06-09T13:41:21.2689011Z",
  "finishTime": "2026-06-09T13:41:21.3492873Z"
}.
[2026-06-09 13:41:21Z INFO StepsRunner] Update job result with current step result 'Failed'.
[2026-06-09 13:41:21Z INFO StepsRunner] Current state: job state = 'Failed'
[2026-06-09 13:41:21Z INFO StepsRunner] Processing step: DisplayName='🚀 Deploy Allure Report to GitHub Pages'
[2026-06-09 13:41:21Z INFO StepsRunner] Evaluating: always()
[2026-06-09 13:41:21Z INFO StepsRunner] Result: true
[2026-06-09 13:41:21Z INFO StepsRunner] Starting the step.
[2026-06-09 13:41:21Z INFO HostContext] Well known directory 'Bin': 'C:\Users\vvaka\VisualStudio\repos\WorldBank.Automation.Solution\src\Automation.Framework\actions-runner\actions-runner-win-x64-2.334.0\bin'
[2026-06-09 13:41:21Z INFO HostContext] Well known directory 'Root': 'C:\Users\vvaka\VisualStudio\repos\WorldBank.Automation.Solution\src\Automation.Framework\actions-runner\actions-runner-win-x64-2.334.0'
[2026-06-09 13:41:21Z INFO HostContext] Well known directory 'Work': 'C:\Users\vvaka\VisualStudio\repos\WorldBank.Automation.Solution\src\Automation.Framework\actions-runner\actions-runner-win-x64-2.334.0\_work'
[2026-06-09 13:41:21Z INFO StepsRunner] Which2: 'chcp'
[2026-06-09 13:41:21Z INFO StepsRunner] Location: 'C:\WINDOWS\system32\chcp.COM'
[2026-06-09 13:41:21Z INFO ProcessInvokerWrapper] Starting process:
[2026-06-09 13:41:21Z INFO ProcessInvokerWrapper]   File name: 'C:\WINDOWS\system32\chcp.COM'
[2026-06-09 13:41:21Z INFO ProcessInvokerWrapper]   Arguments: '65001'
[2026-06-09 13:41:21Z INFO ProcessInvokerWrapper]   Working directory: 'C:\Users\vvaka\VisualStudio\repos\WorldBank.Automation.Solution\src\Automation.Framework\actions-runner\actions-runner-win-x64-2.334.0\_work'
[2026-06-09 13:41:21Z INFO ProcessInvokerWrapper]   Require exit code zero: 'False'
[2026-06-09 13:41:21Z INFO ProcessInvokerWrapper]   Encoding web name:  ; code page: ''
[2026-06-09 13:41:21Z INFO ProcessInvokerWrapper]   Force kill process on cancellation: 'False'
[2026-06-09 13:41:21Z INFO ProcessInvokerWrapper]   Redirected STDIN: 'False'
[2026-06-09 13:41:21Z INFO ProcessInvokerWrapper]   Persist current code page: 'True'
[2026-06-09 13:41:21Z INFO ProcessInvokerWrapper]   Keep redirected STDIN open: 'False'
[2026-06-09 13:41:21Z INFO ProcessInvokerWrapper]   High priority process: 'False'
[2026-06-09 13:41:21Z INFO ProcessInvokerWrapper] Process started with process id 61408, waiting for process exit.
[2026-06-09 13:41:21Z INFO ProcessInvokerWrapper] STDOUT/STDERR stream read finished.
[2026-06-09 13:41:21Z INFO ProcessInvokerWrapper] STDOUT/STDERR stream read finished.
[2026-06-09 13:41:21Z INFO ProcessInvokerWrapper] Finished process 61408 with exit code 0, and elapsed time 00:00:00.0342817.
[2026-06-09 13:41:21Z INFO StepsRunner] Successfully returned to code page 65001 (UTF8)
[2026-06-09 13:41:21Z INFO HostContext] Well known directory 'Bin': 'C:\Users\vvaka\VisualStudio\repos\WorldBank.Automation.Solution\src\Automation.Framework\actions-runner\actions-runner-win-x64-2.334.0\bin'
[2026-06-09 13:41:21Z INFO HostContext] Well known directory 'Root': 'C:\Users\vvaka\VisualStudio\repos\WorldBank.Automation.Solution\src\Automation.Framework\actions-runner\actions-runner-win-x64-2.334.0'
[2026-06-09 13:41:21Z INFO HostContext] Well known directory 'Work': 'C:\Users\vvaka\VisualStudio\repos\WorldBank.Automation.Solution\src\Automation.Framework\actions-runner\actions-runner-win-x64-2.334.0\_work'
[2026-06-09 13:41:21Z INFO HostContext] Well known directory 'Actions': 'C:\Users\vvaka\VisualStudio\repos\WorldBank.Automation.Solution\src\Automation.Framework\actions-runner\actions-runner-win-x64-2.334.0\_work\_actions'
[2026-06-09 13:41:21Z INFO ActionManager] Load action that reference repository from 'C:\Users\vvaka\VisualStudio\repos\WorldBank.Automation.Solution\src\Automation.Framework\actions-runner\actions-runner-win-x64-2.334.0\_work\_actions\peaceiris\actions-gh-pages\v3'
[2026-06-09 13:41:21Z INFO HostContext] Well known directory 'Bin': 'C:\Users\vvaka\VisualStudio\repos\WorldBank.Automation.Solution\src\Automation.Framework\actions-runner\actions-runner-win-x64-2.334.0\bin'
[2026-06-09 13:41:21Z INFO HostContext] Well known directory 'Root': 'C:\Users\vvaka\VisualStudio\repos\WorldBank.Automation.Solution\src\Automation.Framework\actions-runner\actions-runner-win-x64-2.334.0'
[2026-06-09 13:41:21Z INFO HostContext] Well known directory 'Work': 'C:\Users\vvaka\VisualStudio\repos\WorldBank.Automation.Solution\src\Automation.Framework\actions-runner\actions-runner-win-x64-2.334.0\_work'
[2026-06-09 13:41:21Z INFO HostContext] Well known directory 'Actions': 'C:\Users\vvaka\VisualStudio\repos\WorldBank.Automation.Solution\src\Automation.Framework\actions-runner\actions-runner-win-x64-2.334.0\_work\_actions'
[2026-06-09 13:41:21Z INFO ActionManifestManagerLegacy] Ignore action property author.
[2026-06-09 13:41:21Z INFO ActionManifestManagerLegacy] Ignore action property branding.
[2026-06-09 13:41:21Z INFO ActionManifestManagerLegacy] Loaded action.yml file: {
  "name": "GitHub Pages action",
  "description": "GitHub Actions for GitHub Pages 🚀 Deploy static files and publish your site easily. Static-Site-Generators-friendly.",
  "inputs": {
    "type": 2,
    "map": [
      {
        "key": {
          "type": 0,
          "file": 5,
          "line": 11,
          "col": 3,
          "lit": "deploy_key"
        },
        "value": ""
      },
      {
        "key": {
          "type": 0,
          "file": 5,
          "line": 14,
          "col": 3,
          "lit": "github_token"
        },
        "value": ""
      },
      {
        "key": {
          "type": 0,
          "file": 5,
          "line": 17,
          "col": 3,
          "lit": "personal_token"
        },
        "value": ""
      },
      {
        "key": {
          "type": 0,
          "file": 5,
          "line": 20,
          "col": 3,
          "lit": "publish_branch"
        },
        "value": {
          "type": 0,
          "file": 5,
          "line": 23,
          "col": 14,
          "lit": "gh-pages"
        }
      },
      {
        "key": {
          "type": 0,
          "file": 5,
          "line": 24,
          "col": 3,
          "lit": "publish_dir"
        },
        "value": {
          "type": 0,
          "file": 5,
          "line": 27,
          "col": 14,
          "lit": "public"
        }
      },
      {
        "key": {
          "type": 0,
          "file": 5,
          "line": 28,
          "col": 3,
          "lit": "destination_dir"
        },
        "value": {
          "type": 0,
          "file": 5,
          "line": 31,
          "col": 14,
          "lit": ""
        }
      },
      {
        "key": {
          "type": 0,
          "file": 5,
          "line": 32,
          "col": 3,
          "lit": "external_repository"
        },
        "value": ""
      },
      {
        "key": {
          "type": 0,
          "file": 5,
          "line": 35,
          "col": 3,
          "lit": "allow_empty_commit"
        },
        "value": {
          "type": 0,
          "file": 5,
          "line": 38,
          "col": 14,
          "lit": "false"
        }
      },
      {
        "key": {
          "type": 0,
          "file": 5,
          "line": 39,
          "col": 3,
          "lit": "keep_files"
        },
        "value": {
          "type": 0,
          "file": 5,
          "line": 42,
          "col": 14,
          "lit": "false"
        }
      },
      {
        "key": {
          "type": 0,
          "file": 5,
          "line": 43,
          "col": 3,
          "lit": "force_orphan"
        },
        "value": {
          "type": 0,
          "file": 5,
          "line": 46,
          "col": 14,
          "lit": "false"
        }
      },
      {
        "key": {
          "type": 0,
          "file": 5,
          "line": 47,
          "col": 3,
          "lit": "user_name"
        },
        "value": ""
      },
      {
        "key": {
          "type": 0,
          "file": 5,
          "line": 50,
          "col": 3,
          "lit": "user_email"
        },
        "value": ""
      },
      {
        "key": {
          "type": 0,
          "file": 5,
          "line": 53,
          "col": 3,
          "lit": "commit_message"
        },
        "value": ""
      },
      {
        "key": {
          "type": 0,
          "file": 5,
          "line": 56,
          "col": 3,
          "lit": "full_commit_message"
        },
        "value": ""
      },
      {
        "key": {
          "type": 0,
          "file": 5,
          "line": 59,
          "col": 3,
          "lit": "tag_name"
        },
        "value": ""
      },
      {
        "key": {
          "type": 0,
          "file": 5,
          "line": 62,
          "col": 3,
          "lit": "tag_message"
        },
        "value": ""
      },
      {
        "key": {
          "type": 0,
          "file": 5,
          "line": 65,
          "col": 3,
          "lit": "enable_jekyll"
        },
        "value": {
          "type": 0,
          "file": 5,
          "line": 68,
          "col": 14,
          "lit": "false"
        }
      },
      {
        "key": {
          "type": 0,
          "file": 5,
          "line": 69,
          "col": 3,
          "lit": "disable_nojekyll"
        },
        "value": {
          "type": 0,
          "file": 5,
          "line": 72,
          "col": 14,
          "lit": "false"
        }
      },
      {
        "key": {
          "type": 0,
          "file": 5,
          "line": 73,
          "col": 3,
          "lit": "cname"
        },
        "value": ""
      },
      {
        "key": {
          "type": 0,
          "file": 5,
          "line": 76,
          "col": 3,
          "lit": "exclude_assets"
        },
        "value": {
          "type": 0,
          "file": 5,
          "line": 79,
          "col": 14,
          "lit": ".github"
        }
      }
    ]
  },
  "execution": {
    "executionType": "nodeJS",
    "hasPre": false,
    "hasPost": false,
    "script": "lib/index.js",
    "pre": null,
    "post": null,
    "nodeVersion": "node16",
    "cleanupCondition": "always()",
    "initCondition": "always()"
  },
  "deprecated": null
}
[2026-06-09 13:41:21Z INFO ActionManager] Action pre node.js file: N/A.
[2026-06-09 13:41:21Z INFO ActionManager] Action node.js file: lib/index.js.
[2026-06-09 13:41:21Z INFO ActionManager] Action post node.js file: N/A.
[2026-06-09 13:41:21Z INFO HostContext] Well known directory 'Bin': 'C:\Users\vvaka\VisualStudio\repos\WorldBank.Automation.Solution\src\Automation.Framework\actions-runner\actions-runner-win-x64-2.334.0\bin'
[2026-06-09 13:41:21Z INFO HostContext] Well known directory 'Root': 'C:\Users\vvaka\VisualStudio\repos\WorldBank.Automation.Solution\src\Automation.Framework\actions-runner\actions-runner-win-x64-2.334.0'
[2026-06-09 13:41:21Z INFO HostContext] Well known directory 'Work': 'C:\Users\vvaka\VisualStudio\repos\WorldBank.Automation.Solution\src\Automation.Framework\actions-runner\actions-runner-win-x64-2.334.0\_work'
[2026-06-09 13:41:21Z INFO HostContext] Well known directory 'Temp': 'C:\Users\vvaka\VisualStudio\repos\WorldBank.Automation.Solution\src\Automation.Framework\actions-runner\actions-runner-win-x64-2.334.0\_work\_temp'
[2026-06-09 13:41:21Z INFO ExecutionContext] Write event payload to C:\Users\vvaka\VisualStudio\repos\WorldBank.Automation.Solution\src\Automation.Framework\actions-runner\actions-runner-win-x64-2.334.0\_work\_temp\_github_workflow\event.json
[2026-06-09 13:41:21Z INFO HostContext] Well known directory 'Bin': 'C:\Users\vvaka\VisualStudio\repos\WorldBank.Automation.Solution\src\Automation.Framework\actions-runner\actions-runner-win-x64-2.334.0\bin'
[2026-06-09 13:41:21Z INFO HostContext] Well known directory 'Root': 'C:\Users\vvaka\VisualStudio\repos\WorldBank.Automation.Solution\src\Automation.Framework\actions-runner\actions-runner-win-x64-2.334.0'
[2026-06-09 13:41:21Z INFO HostContext] Well known directory 'Work': 'C:\Users\vvaka\VisualStudio\repos\WorldBank.Automation.Solution\src\Automation.Framework\actions-runner\actions-runner-win-x64-2.334.0\_work'
[2026-06-09 13:41:21Z INFO HostContext] Well known directory 'Temp': 'C:\Users\vvaka\VisualStudio\repos\WorldBank.Automation.Solution\src\Automation.Framework\actions-runner\actions-runner-win-x64-2.334.0\_work\_temp'
[2026-06-09 13:41:21Z INFO ExtensionManager] Getting extensions for interface: 'GitHub.Runner.Worker.IFileCommandExtension'
[2026-06-09 13:41:21Z INFO ActionManifestManagerLegacy] Input 'deploy_key': default value evaluate result: ""
[2026-06-09 13:41:21Z INFO ActionManifestManagerLegacy] Input 'personal_token': default value evaluate result: ""
[2026-06-09 13:41:21Z INFO ActionManifestManagerLegacy] Input 'destination_dir': default value evaluate result: {
  "type": 0,
  "file": 5,
  "line": 31,
  "col": 14,
  "lit": ""
}
[2026-06-09 13:41:21Z INFO ActionManifestManagerLegacy] Input 'external_repository': default value evaluate result: ""
[2026-06-09 13:41:21Z INFO ActionManifestManagerLegacy] Input 'allow_empty_commit': default value evaluate result: {
  "type": 0,
  "file": 5,
  "line": 38,
  "col": 14,
  "lit": "false"
}
[2026-06-09 13:41:21Z INFO ActionManifestManagerLegacy] Input 'keep_files': default value evaluate result: {
  "type": 0,
  "file": 5,
  "line": 42,
  "col": 14,
  "lit": "false"
}
[2026-06-09 13:41:21Z INFO ActionManifestManagerLegacy] Input 'force_orphan': default value evaluate result: {
  "type": 0,
  "file": 5,
  "line": 46,
  "col": 14,
  "lit": "false"
}
[2026-06-09 13:41:21Z INFO ActionManifestManagerLegacy] Input 'user_name': default value evaluate result: ""
[2026-06-09 13:41:21Z INFO ActionManifestManagerLegacy] Input 'user_email': default value evaluate result: ""
[2026-06-09 13:41:21Z INFO ActionManifestManagerLegacy] Input 'commit_message': default value evaluate result: ""
[2026-06-09 13:41:21Z INFO ActionManifestManagerLegacy] Input 'full_commit_message': default value evaluate result: ""
[2026-06-09 13:41:21Z INFO ActionManifestManagerLegacy] Input 'tag_name': default value evaluate result: ""
[2026-06-09 13:41:21Z INFO ActionManifestManagerLegacy] Input 'tag_message': default value evaluate result: ""
[2026-06-09 13:41:21Z INFO ActionManifestManagerLegacy] Input 'enable_jekyll': default value evaluate result: {
  "type": 0,
  "file": 5,
  "line": 68,
  "col": 14,
  "lit": "false"
}
[2026-06-09 13:41:21Z INFO ActionManifestManagerLegacy] Input 'disable_nojekyll': default value evaluate result: {
  "type": 0,
  "file": 5,
  "line": 72,
  "col": 14,
  "lit": "false"
}
[2026-06-09 13:41:21Z INFO ActionManifestManagerLegacy] Input 'cname': default value evaluate result: ""
[2026-06-09 13:41:21Z INFO ActionManifestManagerLegacy] Input 'exclude_assets': default value evaluate result: {
  "type": 0,
  "file": 5,
  "line": 79,
  "col": 14,
  "lit": ".github"
}
[2026-06-09 13:41:21Z INFO ExtensionManager] Getting extensions for interface: 'GitHub.Runner.Worker.IActionCommandExtension'
[2026-06-09 13:41:21Z INFO ActionCommandManager] Register action command extension for command internal-set-repo-path
[2026-06-09 13:41:21Z INFO ActionCommandManager] Register action command extension for command set-env
[2026-06-09 13:41:21Z INFO ActionCommandManager] Register action command extension for command set-output
[2026-06-09 13:41:21Z INFO ActionCommandManager] Register action command extension for command save-state
[2026-06-09 13:41:21Z INFO ActionCommandManager] Register action command extension for command add-path
[2026-06-09 13:41:21Z INFO ActionCommandManager] Register action command extension for command add-mask
[2026-06-09 13:41:21Z INFO ActionCommandManager] Register action command extension for command add-matcher
[2026-06-09 13:41:21Z INFO ActionCommandManager] Register action command extension for command remove-matcher
[2026-06-09 13:41:21Z INFO ActionCommandManager] Register action command extension for command warning
[2026-06-09 13:41:21Z INFO ActionCommandManager] Register action command extension for command error
[2026-06-09 13:41:21Z INFO ActionCommandManager] Register action command extension for command notice
[2026-06-09 13:41:21Z INFO ActionCommandManager] Register action command extension for command debug
[2026-06-09 13:41:21Z INFO ActionCommandManager] Register action command extension for command group
[2026-06-09 13:41:21Z INFO ActionCommandManager] Register action command extension for command endgroup
[2026-06-09 13:41:21Z INFO ActionCommandManager] Register action command extension for command echo
[2026-06-09 13:41:21Z INFO HostContext] Well known directory 'Bin': 'C:\Users\vvaka\VisualStudio\repos\WorldBank.Automation.Solution\src\Automation.Framework\actions-runner\actions-runner-win-x64-2.334.0\bin'
[2026-06-09 13:41:21Z INFO HostContext] Well known directory 'Root': 'C:\Users\vvaka\VisualStudio\repos\WorldBank.Automation.Solution\src\Automation.Framework\actions-runner\actions-runner-win-x64-2.334.0'
[2026-06-09 13:41:21Z INFO HostContext] Well known directory 'Externals': 'C:\Users\vvaka\VisualStudio\repos\WorldBank.Automation.Solution\src\Automation.Framework\actions-runner\actions-runner-win-x64-2.334.0\externals'
[2026-06-09 13:41:21Z INFO ProcessInvokerWrapper] Starting process:
[2026-06-09 13:41:21Z INFO ProcessInvokerWrapper]   File name: 'C:\Users\vvaka\VisualStudio\repos\WorldBank.Automation.Solution\src\Automation.Framework\actions-runner\actions-runner-win-x64-2.334.0\externals\node20\bin\node.exe'
[2026-06-09 13:41:21Z INFO ProcessInvokerWrapper]   Arguments: '"C:\Users\vvaka\VisualStudio\repos\WorldBank.Automation.Solution\src\Automation.Framework\actions-runner\actions-runner-win-x64-2.334.0\_work\_actions\peaceiris\actions-gh-pages\v3\lib/index.js"'
[2026-06-09 13:41:21Z INFO ProcessInvokerWrapper]   Working directory: 'C:\Users\vvaka\VisualStudio\repos\WorldBank.Automation.Solution\src\Automation.Framework\actions-runner\actions-runner-win-x64-2.334.0\_work\WorldBank-Core-Automation-Playwrite\WorldBank-Core-Automation-Playwrite'
[2026-06-09 13:41:21Z INFO ProcessInvokerWrapper]   Require exit code zero: 'False'
[2026-06-09 13:41:21Z INFO ProcessInvokerWrapper]   Encoding web name: utf-8 ; code page: '65001'
[2026-06-09 13:41:21Z INFO ProcessInvokerWrapper]   Force kill process on cancellation: 'False'
[2026-06-09 13:41:21Z INFO ProcessInvokerWrapper]   Redirected STDIN: 'False'
[2026-06-09 13:41:21Z INFO ProcessInvokerWrapper]   Persist current code page: 'True'
[2026-06-09 13:41:21Z INFO ProcessInvokerWrapper]   Keep redirected STDIN open: 'False'
[2026-06-09 13:41:21Z INFO ProcessInvokerWrapper]   High priority process: 'False'
[2026-06-09 13:41:21Z INFO ProcessInvokerWrapper] Process started with process id 14744, waiting for process exit.
[2026-06-09 13:41:21Z INFO JobServerQueue] Try to append 1 batches web console lines for record 'b51d1b4a-151b-4dfe-855b-f8ee9a790a7e', success rate: 1/1.
[2026-06-09 13:41:21Z INFO JobServerQueue] Try to append 1 batches web console lines for record 'dd813047-a591-4b9d-b17e-50824162ae7c', success rate: 1/1.
[2026-06-09 13:41:21Z INFO JobServerQueue] Got a step log file to send to results service.
[2026-06-09 13:41:21Z INFO JobServerQueue] Starting upload of step log file to results service ResultsLog, C:\Users\vvaka\VisualStudio\repos\WorldBank.Automation.Solution\src\Automation.Framework\actions-runner\actions-runner-win-x64-2.334.0\_diag\blocks\8ea6133f-daed-44ff-a4f2-b2d6af1bbd07_e485854f-f96e-4e32-bfe5-c6a788bada68.1
[2026-06-09 13:41:21Z INFO JobServerQueue] Try to upload 2 log files or attachments, success rate: 2/2.
[2026-06-09 13:41:21Z INFO JobServerQueue] Try to append 1 batches web console lines for record 'dd813047-a591-4b9d-b17e-50824162ae7c', success rate: 1/1.
[2026-06-09 13:41:22Z INFO JobServerQueue] Got a step log file to send to results service.
[2026-06-09 13:41:22Z INFO JobServerQueue] Starting upload of step log file to results service ResultsLog, C:\Users\vvaka\VisualStudio\repos\WorldBank.Automation.Solution\src\Automation.Framework\actions-runner\actions-runner-win-x64-2.334.0\_diag\blocks\8ea6133f-daed-44ff-a4f2-b2d6af1bbd07_b51d1b4a-151b-4dfe-855b-f8ee9a790a7e.1
[2026-06-09 13:41:22Z INFO JobServerQueue] Try to append 1 batches web console lines for record 'dd813047-a591-4b9d-b17e-50824162ae7c', success rate: 1/1.
[2026-06-09 13:41:22Z INFO JobServerQueue] Tried to upload 2 file(s) to results, success rate: 2/2.
[2026-06-09 13:41:23Z INFO JobServerQueue] Try to append 1 batches web console lines for record 'dd813047-a591-4b9d-b17e-50824162ae7c', success rate: 1/1.
[2026-06-09 13:41:23Z INFO JobServerQueue] Try to append 1 batches web console lines for record 'dd813047-a591-4b9d-b17e-50824162ae7c', success rate: 1/1.
[2026-06-09 13:41:23Z INFO JobServerQueue] Try to append 1 batches web console lines for record 'dd813047-a591-4b9d-b17e-50824162ae7c', success rate: 1/1.
[2026-06-09 13:41:24Z INFO JobServerQueue] Try to append 1 batches web console lines for record 'dd813047-a591-4b9d-b17e-50824162ae7c', success rate: 1/1.
[2026-06-09 13:41:25Z INFO ProcessInvokerWrapper] STDOUT/STDERR stream read finished.
[2026-06-09 13:41:25Z INFO ProcessInvokerWrapper] STDOUT/STDERR stream read finished.
[2026-06-09 13:41:25Z INFO ProcessInvokerWrapper] Finished process 14744 with exit code 0, and elapsed time 00:00:03.6601803.
[2026-06-09 13:41:25Z INFO CreateStepSummaryCommand] Step Summary file (C:\Users\vvaka\VisualStudio\repos\WorldBank.Automation.Solution\src\Automation.Framework\actions-runner\actions-runner-win-x64-2.334.0\_work\_temp\_runner_file_commands\step_summary_97975883-33bd-4a94-b057-87986ca78c91) is empty; skipping attachment upload
[2026-06-09 13:41:25Z INFO StepsRunner] Step result: 
[2026-06-09 13:41:25Z INFO ExecutionContext] Publish step telemetry for current step {
  "action": "peaceiris/actions-gh-pages",
  "ref": "v3",
  "type": "node20",
  "stage": "Main",
  "stepId": "dd813047-a591-4b9d-b17e-50824162ae7c",
  "stepContextName": "__peaceiris_actions-gh-pages",
  "hasPreStep": false,
  "hasPostStep": false,
  "result": "succeeded",
  "errorMessages": [],
  "executionTimeInSeconds": 4,
  "startTime": "2026-06-09T13:41:21.3516317Z",
  "finishTime": "2026-06-09T13:41:25.0760346Z"
}.
[2026-06-09 13:41:25Z INFO StepsRunner] No need for updating job result with current step result 'Succeeded'.
[2026-06-09 13:41:25Z INFO StepsRunner] Current state: job state = 'Failed'
[2026-06-09 13:41:25Z INFO StepsRunner] Processing step: DisplayName='📊 Upload Test Results (On Failure)'
[2026-06-09 13:41:25Z INFO StepsRunner] Evaluating: always()
[2026-06-09 13:41:25Z INFO StepsRunner] Result: true
[2026-06-09 13:41:25Z INFO StepsRunner] Starting the step.
[2026-06-09 13:41:25Z INFO HostContext] Well known directory 'Bin': 'C:\Users\vvaka\VisualStudio\repos\WorldBank.Automation.Solution\src\Automation.Framework\actions-runner\actions-runner-win-x64-2.334.0\bin'
[2026-06-09 13:41:25Z INFO HostContext] Well known directory 'Root': 'C:\Users\vvaka\VisualStudio\repos\WorldBank.Automation.Solution\src\Automation.Framework\actions-runner\actions-runner-win-x64-2.334.0'
[2026-06-09 13:41:25Z INFO HostContext] Well known directory 'Work': 'C:\Users\vvaka\VisualStudio\repos\WorldBank.Automation.Solution\src\Automation.Framework\actions-runner\actions-runner-win-x64-2.334.0\_work'
[2026-06-09 13:41:25Z INFO StepsRunner] Which2: 'chcp'
[2026-06-09 13:41:25Z INFO StepsRunner] Location: 'C:\WINDOWS\system32\chcp.COM'
[2026-06-09 13:41:25Z INFO ProcessInvokerWrapper] Starting process:
[2026-06-09 13:41:25Z INFO ProcessInvokerWrapper]   File name: 'C:\WINDOWS\system32\chcp.COM'
[2026-06-09 13:41:25Z INFO ProcessInvokerWrapper]   Arguments: '65001'
[2026-06-09 13:41:25Z INFO ProcessInvokerWrapper]   Working directory: 'C:\Users\vvaka\VisualStudio\repos\WorldBank.Automation.Solution\src\Automation.Framework\actions-runner\actions-runner-win-x64-2.334.0\_work'
[2026-06-09 13:41:25Z INFO ProcessInvokerWrapper]   Require exit code zero: 'False'
[2026-06-09 13:41:25Z INFO ProcessInvokerWrapper]   Encoding web name:  ; code page: ''
[2026-06-09 13:41:25Z INFO ProcessInvokerWrapper]   Force kill process on cancellation: 'False'
[2026-06-09 13:41:25Z INFO ProcessInvokerWrapper]   Redirected STDIN: 'False'
[2026-06-09 13:41:25Z INFO ProcessInvokerWrapper]   Persist current code page: 'True'
[2026-06-09 13:41:25Z INFO ProcessInvokerWrapper]   Keep redirected STDIN open: 'False'
[2026-06-09 13:41:25Z INFO ProcessInvokerWrapper]   High priority process: 'False'
[2026-06-09 13:41:25Z INFO ProcessInvokerWrapper] Process started with process id 50412, waiting for process exit.
[2026-06-09 13:41:25Z INFO ProcessInvokerWrapper] STDOUT/STDERR stream read finished.
[2026-06-09 13:41:25Z INFO ProcessInvokerWrapper] STDOUT/STDERR stream read finished.
[2026-06-09 13:41:25Z INFO ProcessInvokerWrapper] Finished process 50412 with exit code 0, and elapsed time 00:00:00.0292990.
[2026-06-09 13:41:25Z INFO StepsRunner] Successfully returned to code page 65001 (UTF8)
[2026-06-09 13:41:25Z INFO HostContext] Well known directory 'Bin': 'C:\Users\vvaka\VisualStudio\repos\WorldBank.Automation.Solution\src\Automation.Framework\actions-runner\actions-runner-win-x64-2.334.0\bin'
[2026-06-09 13:41:25Z INFO HostContext] Well known directory 'Root': 'C:\Users\vvaka\VisualStudio\repos\WorldBank.Automation.Solution\src\Automation.Framework\actions-runner\actions-runner-win-x64-2.334.0'
[2026-06-09 13:41:25Z INFO HostContext] Well known directory 'Work': 'C:\Users\vvaka\VisualStudio\repos\WorldBank.Automation.Solution\src\Automation.Framework\actions-runner\actions-runner-win-x64-2.334.0\_work'
[2026-06-09 13:41:25Z INFO HostContext] Well known directory 'Actions': 'C:\Users\vvaka\VisualStudio\repos\WorldBank.Automation.Solution\src\Automation.Framework\actions-runner\actions-runner-win-x64-2.334.0\_work\_actions'
[2026-06-09 13:41:25Z INFO ActionManager] Load action that reference repository from 'C:\Users\vvaka\VisualStudio\repos\WorldBank.Automation.Solution\src\Automation.Framework\actions-runner\actions-runner-win-x64-2.334.0\_work\_actions\actions\upload-artifact\v4'
[2026-06-09 13:41:25Z INFO HostContext] Well known directory 'Bin': 'C:\Users\vvaka\VisualStudio\repos\WorldBank.Automation.Solution\src\Automation.Framework\actions-runner\actions-runner-win-x64-2.334.0\bin'
[2026-06-09 13:41:25Z INFO HostContext] Well known directory 'Root': 'C:\Users\vvaka\VisualStudio\repos\WorldBank.Automation.Solution\src\Automation.Framework\actions-runner\actions-runner-win-x64-2.334.0'
[2026-06-09 13:41:25Z INFO HostContext] Well known directory 'Work': 'C:\Users\vvaka\VisualStudio\repos\WorldBank.Automation.Solution\src\Automation.Framework\actions-runner\actions-runner-win-x64-2.334.0\_work'
[2026-06-09 13:41:25Z INFO HostContext] Well known directory 'Actions': 'C:\Users\vvaka\VisualStudio\repos\WorldBank.Automation.Solution\src\Automation.Framework\actions-runner\actions-runner-win-x64-2.334.0\_work\_actions'
[2026-06-09 13:41:25Z INFO ActionManifestManagerLegacy] Ignore action property author.
[2026-06-09 13:41:25Z INFO ActionManifestManagerLegacy] Loaded action.yml file: {
  "name": "Upload a Build Artifact",
  "description": "Upload a build artifact that can be used by subsequent workflow steps",
  "inputs": {
    "type": 2,
    "map": [
      {
        "key": {
          "type": 0,
          "file": 6,
          "line": 5,
          "col": 3,
          "lit": "name"
        },
        "value": {
          "type": 0,
          "file": 6,
          "line": 7,
          "col": 14,
          "lit": "artifact"
        }
      },
      {
        "key": {
          "type": 0,
          "file": 6,
          "line": 8,
          "col": 3,
          "lit": "path"
        },
        "value": ""
      },
      {
        "key": {
          "type": 0,
          "file": 6,
          "line": 11,
          "col": 3,
          "lit": "if-no-files-found"
        },
        "value": {
          "type": 0,
          "file": 6,
          "line": 19,
          "col": 14,
          "lit": "warn"
        }
      },
      {
        "key": {
          "type": 0,
          "file": 6,
          "line": 20,
          "col": 3,
          "lit": "retention-days"
        },
        "value": ""
      },
      {
        "key": {
          "type": 0,
          "file": 6,
          "line": 26,
          "col": 3,
          "lit": "compression-level"
        },
        "value": {
          "type": 0,
          "file": 6,
          "line": 36,
          "col": 14,
          "lit": "6"
        }
      },
      {
        "key": {
          "type": 0,
          "file": 6,
          "line": 37,
          "col": 3,
          "lit": "overwrite"
        },
        "value": {
          "type": 0,
          "file": 6,
          "line": 42,
          "col": 14,
          "lit": "false"
        }
      },
      {
        "key": {
          "type": 0,
          "file": 6,
          "line": 43,
          "col": 3,
          "lit": "include-hidden-files"
        },
        "value": {
          "type": 0,
          "file": 6,
          "line": 47,
          "col": 14,
          "lit": "false"
        }
      }
    ]
  },
  "execution": {
    "executionType": "nodeJS",
    "hasPre": false,
    "hasPost": false,
    "script": "dist/upload/index.js",
    "pre": null,
    "post": null,
    "nodeVersion": "node20",
    "cleanupCondition": "always()",
    "initCondition": "always()"
  },
  "deprecated": null
}
[2026-06-09 13:41:25Z INFO ActionManager] Action pre node.js file: N/A.
[2026-06-09 13:41:25Z INFO ActionManager] Action node.js file: dist/upload/index.js.
[2026-06-09 13:41:25Z INFO ActionManager] Action post node.js file: N/A.
[2026-06-09 13:41:25Z INFO HostContext] Well known directory 'Bin': 'C:\Users\vvaka\VisualStudio\repos\WorldBank.Automation.Solution\src\Automation.Framework\actions-runner\actions-runner-win-x64-2.334.0\bin'
[2026-06-09 13:41:25Z INFO HostContext] Well known directory 'Root': 'C:\Users\vvaka\VisualStudio\repos\WorldBank.Automation.Solution\src\Automation.Framework\actions-runner\actions-runner-win-x64-2.334.0'
[2026-06-09 13:41:25Z INFO HostContext] Well known directory 'Work': 'C:\Users\vvaka\VisualStudio\repos\WorldBank.Automation.Solution\src\Automation.Framework\actions-runner\actions-runner-win-x64-2.334.0\_work'
[2026-06-09 13:41:25Z INFO HostContext] Well known directory 'Temp': 'C:\Users\vvaka\VisualStudio\repos\WorldBank.Automation.Solution\src\Automation.Framework\actions-runner\actions-runner-win-x64-2.334.0\_work\_temp'
[2026-06-09 13:41:25Z INFO ExecutionContext] Write event payload to C:\Users\vvaka\VisualStudio\repos\WorldBank.Automation.Solution\src\Automation.Framework\actions-runner\actions-runner-win-x64-2.334.0\_work\_temp\_github_workflow\event.json
[2026-06-09 13:41:25Z INFO HostContext] Well known directory 'Bin': 'C:\Users\vvaka\VisualStudio\repos\WorldBank.Automation.Solution\src\Automation.Framework\actions-runner\actions-runner-win-x64-2.334.0\bin'
[2026-06-09 13:41:25Z INFO HostContext] Well known directory 'Root': 'C:\Users\vvaka\VisualStudio\repos\WorldBank.Automation.Solution\src\Automation.Framework\actions-runner\actions-runner-win-x64-2.334.0'
[2026-06-09 13:41:25Z INFO HostContext] Well known directory 'Work': 'C:\Users\vvaka\VisualStudio\repos\WorldBank.Automation.Solution\src\Automation.Framework\actions-runner\actions-runner-win-x64-2.334.0\_work'
[2026-06-09 13:41:25Z INFO HostContext] Well known directory 'Temp': 'C:\Users\vvaka\VisualStudio\repos\WorldBank.Automation.Solution\src\Automation.Framework\actions-runner\actions-runner-win-x64-2.334.0\_work\_temp'
[2026-06-09 13:41:25Z INFO ExtensionManager] Getting extensions for interface: 'GitHub.Runner.Worker.IFileCommandExtension'
[2026-06-09 13:41:25Z INFO ActionManifestManagerLegacy] Input 'if-no-files-found': default value evaluate result: {
  "type": 0,
  "file": 6,
  "line": 19,
  "col": 14,
  "lit": "warn"
}
[2026-06-09 13:41:25Z INFO ActionManifestManagerLegacy] Input 'compression-level': default value evaluate result: {
  "type": 0,
  "file": 6,
  "line": 36,
  "col": 14,
  "lit": "6"
}
[2026-06-09 13:41:25Z INFO ActionManifestManagerLegacy] Input 'overwrite': default value evaluate result: {
  "type": 0,
  "file": 6,
  "line": 42,
  "col": 14,
  "lit": "false"
}
[2026-06-09 13:41:25Z INFO ActionManifestManagerLegacy] Input 'include-hidden-files': default value evaluate result: {
  "type": 0,
  "file": 6,
  "line": 47,
  "col": 14,
  "lit": "false"
}
[2026-06-09 13:41:25Z INFO ExtensionManager] Getting extensions for interface: 'GitHub.Runner.Worker.IActionCommandExtension'
[2026-06-09 13:41:25Z INFO ActionCommandManager] Register action command extension for command internal-set-repo-path
[2026-06-09 13:41:25Z INFO ActionCommandManager] Register action command extension for command set-env
[2026-06-09 13:41:25Z INFO ActionCommandManager] Register action command extension for command set-output
[2026-06-09 13:41:25Z INFO ActionCommandManager] Register action command extension for command save-state
[2026-06-09 13:41:25Z INFO ActionCommandManager] Register action command extension for command add-path
[2026-06-09 13:41:25Z INFO ActionCommandManager] Register action command extension for command add-mask
[2026-06-09 13:41:25Z INFO ActionCommandManager] Register action command extension for command add-matcher
[2026-06-09 13:41:25Z INFO ActionCommandManager] Register action command extension for command remove-matcher
[2026-06-09 13:41:25Z INFO ActionCommandManager] Register action command extension for command warning
[2026-06-09 13:41:25Z INFO ActionCommandManager] Register action command extension for command error
[2026-06-09 13:41:25Z INFO ActionCommandManager] Register action command extension for command notice
[2026-06-09 13:41:25Z INFO ActionCommandManager] Register action command extension for command debug
[2026-06-09 13:41:25Z INFO ActionCommandManager] Register action command extension for command group
[2026-06-09 13:41:25Z INFO ActionCommandManager] Register action command extension for command endgroup
[2026-06-09 13:41:25Z INFO ActionCommandManager] Register action command extension for command echo
[2026-06-09 13:41:25Z INFO HostContext] Well known directory 'Bin': 'C:\Users\vvaka\VisualStudio\repos\WorldBank.Automation.Solution\src\Automation.Framework\actions-runner\actions-runner-win-x64-2.334.0\bin'
[2026-06-09 13:41:25Z INFO HostContext] Well known directory 'Root': 'C:\Users\vvaka\VisualStudio\repos\WorldBank.Automation.Solution\src\Automation.Framework\actions-runner\actions-runner-win-x64-2.334.0'
[2026-06-09 13:41:25Z INFO HostContext] Well known directory 'Externals': 'C:\Users\vvaka\VisualStudio\repos\WorldBank.Automation.Solution\src\Automation.Framework\actions-runner\actions-runner-win-x64-2.334.0\externals'
[2026-06-09 13:41:25Z INFO ProcessInvokerWrapper] Starting process:
[2026-06-09 13:41:25Z INFO ProcessInvokerWrapper]   File name: 'C:\Users\vvaka\VisualStudio\repos\WorldBank.Automation.Solution\src\Automation.Framework\actions-runner\actions-runner-win-x64-2.334.0\externals\node20\bin\node.exe'
[2026-06-09 13:41:25Z INFO ProcessInvokerWrapper]   Arguments: '"C:\Users\vvaka\VisualStudio\repos\WorldBank.Automation.Solution\src\Automation.Framework\actions-runner\actions-runner-win-x64-2.334.0\_work\_actions\actions\upload-artifact\v4\dist/upload/index.js"'
[2026-06-09 13:41:25Z INFO ProcessInvokerWrapper]   Working directory: 'C:\Users\vvaka\VisualStudio\repos\WorldBank.Automation.Solution\src\Automation.Framework\actions-runner\actions-runner-win-x64-2.334.0\_work\WorldBank-Core-Automation-Playwrite\WorldBank-Core-Automation-Playwrite'
[2026-06-09 13:41:25Z INFO ProcessInvokerWrapper]   Require exit code zero: 'False'
[2026-06-09 13:41:25Z INFO ProcessInvokerWrapper]   Encoding web name: utf-8 ; code page: '65001'
[2026-06-09 13:41:25Z INFO ProcessInvokerWrapper]   Force kill process on cancellation: 'False'
[2026-06-09 13:41:25Z INFO ProcessInvokerWrapper]   Redirected STDIN: 'False'
[2026-06-09 13:41:25Z INFO ProcessInvokerWrapper]   Persist current code page: 'True'
[2026-06-09 13:41:25Z INFO ProcessInvokerWrapper]   Keep redirected STDIN open: 'False'
[2026-06-09 13:41:25Z INFO ProcessInvokerWrapper]   High priority process: 'False'
[2026-06-09 13:41:25Z INFO ProcessInvokerWrapper] Process started with process id 24724, waiting for process exit.
[2026-06-09 13:41:25Z INFO JobServerQueue] Try to append 1 batches web console lines for record 'dd813047-a591-4b9d-b17e-50824162ae7c', success rate: 1/1.
[2026-06-09 13:41:25Z INFO JobServerQueue] Try to append 1 batches web console lines for record 'a807ddf6-dbd3-46e6-b65a-6a23ba7180af', success rate: 1/1.
[2026-06-09 13:41:25Z INFO JobServerQueue] Got a step log file to send to results service.
[2026-06-09 13:41:25Z INFO JobServerQueue] Starting upload of step log file to results service ResultsLog, C:\Users\vvaka\VisualStudio\repos\WorldBank.Automation.Solution\src\Automation.Framework\actions-runner\actions-runner-win-x64-2.334.0\_diag\blocks\8ea6133f-daed-44ff-a4f2-b2d6af1bbd07_dd813047-a591-4b9d-b17e-50824162ae7c.1
[2026-06-09 13:41:25Z INFO JobServerQueue] Try to upload 1 log files or attachments, success rate: 1/1.
[2026-06-09 13:41:25Z INFO ProcessInvokerWrapper] STDOUT/STDERR stream read finished.
[2026-06-09 13:41:25Z INFO ProcessInvokerWrapper] STDOUT/STDERR stream read finished.
[2026-06-09 13:41:25Z INFO ProcessInvokerWrapper] Finished process 24724 with exit code 0, and elapsed time 00:00:00.8101901.
[2026-06-09 13:41:25Z INFO CreateStepSummaryCommand] Step Summary file (C:\Users\vvaka\VisualStudio\repos\WorldBank.Automation.Solution\src\Automation.Framework\actions-runner\actions-runner-win-x64-2.334.0\_work\_temp\_runner_file_commands\step_summary_09c95c03-fbf6-4a75-b2e8-81caad394d43) is empty; skipping attachment upload
[2026-06-09 13:41:25Z INFO StepsRunner] Step result: 
[2026-06-09 13:41:25Z INFO ExecutionContext] Publish step telemetry for current step {
  "action": "actions/upload-artifact",
  "ref": "v4",
  "type": "node20",
  "stage": "Main",
  "stepId": "a807ddf6-dbd3-46e6-b65a-6a23ba7180af",
  "stepContextName": "__actions_upload-artifact",
  "hasPreStep": false,
  "hasPostStep": false,
  "result": "succeeded",
  "errorMessages": [
    "No files were found with the provided path: **/TestResults/*.trx. No artifacts will be uploaded."
  ],
  "executionTimeInSeconds": 1,
  "startTime": "2026-06-09T13:41:25.0783619Z",
  "finishTime": "2026-06-09T13:41:25.936273Z"
}.
[2026-06-09 13:41:25Z INFO StepsRunner] No need for updating job result with current step result 'Succeeded'.
[2026-06-09 13:41:25Z INFO StepsRunner] Current state: job state = 'Failed'
[2026-06-09 13:41:25Z INFO StepsRunner] Processing step: DisplayName='Post ⚙️ Setup .NET SDK'
[2026-06-09 13:41:25Z INFO StepsRunner] Evaluating: success()
[2026-06-09 13:41:25Z INFO StepsRunner] Result: false
[2026-06-09 13:41:25Z INFO StepsRunner] Skipping step due to condition evaluation.
[2026-06-09 13:41:25Z INFO StepsRunner] No need for updating job result with current step result 'Skipped'.
[2026-06-09 13:41:25Z INFO StepsRunner] Current state: job state = 'Failed'
[2026-06-09 13:41:25Z INFO StepsRunner] Processing step: DisplayName='Post 📥 Checkout Repository'
[2026-06-09 13:41:25Z INFO StepsRunner] Evaluating: always()
[2026-06-09 13:41:25Z INFO StepsRunner] Result: true
[2026-06-09 13:41:25Z INFO StepsRunner] Starting the step.
[2026-06-09 13:41:25Z INFO HostContext] Well known directory 'Bin': 'C:\Users\vvaka\VisualStudio\repos\WorldBank.Automation.Solution\src\Automation.Framework\actions-runner\actions-runner-win-x64-2.334.0\bin'
[2026-06-09 13:41:25Z INFO HostContext] Well known directory 'Root': 'C:\Users\vvaka\VisualStudio\repos\WorldBank.Automation.Solution\src\Automation.Framework\actions-runner\actions-runner-win-x64-2.334.0'
[2026-06-09 13:41:25Z INFO HostContext] Well known directory 'Work': 'C:\Users\vvaka\VisualStudio\repos\WorldBank.Automation.Solution\src\Automation.Framework\actions-runner\actions-runner-win-x64-2.334.0\_work'
[2026-06-09 13:41:25Z INFO StepsRunner] Which2: 'chcp'
[2026-06-09 13:41:25Z INFO StepsRunner] Location: 'C:\WINDOWS\system32\chcp.COM'
[2026-06-09 13:41:25Z INFO ProcessInvokerWrapper] Starting process:
[2026-06-09 13:41:25Z INFO ProcessInvokerWrapper]   File name: 'C:\WINDOWS\system32\chcp.COM'
[2026-06-09 13:41:25Z INFO ProcessInvokerWrapper]   Arguments: '65001'
[2026-06-09 13:41:25Z INFO ProcessInvokerWrapper]   Working directory: 'C:\Users\vvaka\VisualStudio\repos\WorldBank.Automation.Solution\src\Automation.Framework\actions-runner\actions-runner-win-x64-2.334.0\_work'
[2026-06-09 13:41:25Z INFO ProcessInvokerWrapper]   Require exit code zero: 'False'
[2026-06-09 13:41:25Z INFO ProcessInvokerWrapper]   Encoding web name:  ; code page: ''
[2026-06-09 13:41:25Z INFO ProcessInvokerWrapper]   Force kill process on cancellation: 'False'
[2026-06-09 13:41:25Z INFO ProcessInvokerWrapper]   Redirected STDIN: 'False'
[2026-06-09 13:41:25Z INFO ProcessInvokerWrapper]   Persist current code page: 'True'
[2026-06-09 13:41:25Z INFO ProcessInvokerWrapper]   Keep redirected STDIN open: 'False'
[2026-06-09 13:41:25Z INFO ProcessInvokerWrapper]   High priority process: 'False'
[2026-06-09 13:41:25Z INFO ProcessInvokerWrapper] Process started with process id 32692, waiting for process exit.
[2026-06-09 13:41:25Z INFO ProcessInvokerWrapper] STDOUT/STDERR stream read finished.
[2026-06-09 13:41:25Z INFO ProcessInvokerWrapper] STDOUT/STDERR stream read finished.
[2026-06-09 13:41:25Z INFO ProcessInvokerWrapper] Finished process 32692 with exit code 0, and elapsed time 00:00:00.0383541.
[2026-06-09 13:41:25Z INFO StepsRunner] Successfully returned to code page 65001 (UTF8)
[2026-06-09 13:41:25Z INFO HostContext] Well known directory 'Bin': 'C:\Users\vvaka\VisualStudio\repos\WorldBank.Automation.Solution\src\Automation.Framework\actions-runner\actions-runner-win-x64-2.334.0\bin'
[2026-06-09 13:41:25Z INFO HostContext] Well known directory 'Root': 'C:\Users\vvaka\VisualStudio\repos\WorldBank.Automation.Solution\src\Automation.Framework\actions-runner\actions-runner-win-x64-2.334.0'
[2026-06-09 13:41:25Z INFO HostContext] Well known directory 'Work': 'C:\Users\vvaka\VisualStudio\repos\WorldBank.Automation.Solution\src\Automation.Framework\actions-runner\actions-runner-win-x64-2.334.0\_work'
[2026-06-09 13:41:25Z INFO HostContext] Well known directory 'Actions': 'C:\Users\vvaka\VisualStudio\repos\WorldBank.Automation.Solution\src\Automation.Framework\actions-runner\actions-runner-win-x64-2.334.0\_work\_actions'
[2026-06-09 13:41:25Z INFO ActionManager] Load action that reference repository from 'C:\Users\vvaka\VisualStudio\repos\WorldBank.Automation.Solution\src\Automation.Framework\actions-runner\actions-runner-win-x64-2.334.0\_work\_actions\actions\checkout\v4'
[2026-06-09 13:41:25Z INFO HostContext] Well known directory 'Bin': 'C:\Users\vvaka\VisualStudio\repos\WorldBank.Automation.Solution\src\Automation.Framework\actions-runner\actions-runner-win-x64-2.334.0\bin'
[2026-06-09 13:41:25Z INFO HostContext] Well known directory 'Root': 'C:\Users\vvaka\VisualStudio\repos\WorldBank.Automation.Solution\src\Automation.Framework\actions-runner\actions-runner-win-x64-2.334.0'
[2026-06-09 13:41:25Z INFO HostContext] Well known directory 'Work': 'C:\Users\vvaka\VisualStudio\repos\WorldBank.Automation.Solution\src\Automation.Framework\actions-runner\actions-runner-win-x64-2.334.0\_work'
[2026-06-09 13:41:25Z INFO HostContext] Well known directory 'Actions': 'C:\Users\vvaka\VisualStudio\repos\WorldBank.Automation.Solution\src\Automation.Framework\actions-runner\actions-runner-win-x64-2.334.0\_work\_actions'
[2026-06-09 13:41:25Z INFO ActionManifestManagerLegacy] Loaded action.yml file: {
  "name": "Checkout",
  "description": "Checkout a Git repository at a particular version",
  "inputs": {
    "type": 2,
    "map": [
      {
        "key": {
          "type": 0,
          "file": 2,
          "line": 4,
          "col": 3,
          "lit": "repository"
        },
        "value": {
          "type": 3,
          "file": 2,
          "line": 6,
          "col": 14,
          "expr": "github.repository"
        }
      },
      {
        "key": {
          "type": 0,
          "file": 2,
          "line": 7,
          "col": 3,
          "lit": "ref"
        },
        "value": ""
      },
      {
        "key": {
          "type": 0,
          "file": 2,
          "line": 12,
          "col": 3,
          "lit": "token"
        },
        "value": {
          "type": 3,
          "file": 2,
          "line": 24,
          "col": 14,
          "expr": "github.token"
        }
      },
      {
        "key": {
          "type": 0,
          "file": 2,
          "line": 25,
          "col": 3,
          "lit": "ssh-key"
        },
        "value": ""
      },
      {
        "key": {
          "type": 0,
          "file": 2,
          "line": 37,
          "col": 3,
          "lit": "ssh-known-hosts"
        },
        "value": ""
      },
      {
        "key": {
          "type": 0,
          "file": 2,
          "line": 42,
          "col": 3,
          "lit": "ssh-strict"
        },
        "value": {
          "type": 0,
          "file": 2,
          "line": 47,
          "col": 14,
          "lit": "true"
        }
      },
      {
        "key": {
          "type": 0,
          "file": 2,
          "line": 48,
          "col": 3,
          "lit": "ssh-user"
        },
        "value": {
          "type": 0,
          "file": 2,
          "line": 51,
          "col": 14,
          "lit": "git"
        }
      },
      {
        "key": {
          "type": 0,
          "file": 2,
          "line": 52,
          "col": 3,
          "lit": "persist-credentials"
        },
        "value": {
          "type": 0,
          "file": 2,
          "line": 54,
          "col": 14,
          "lit": "true"
        }
      },
      {
        "key": {
          "type": 0,
          "file": 2,
          "line": 55,
          "col": 3,
          "lit": "path"
        },
        "value": ""
      },
      {
        "key": {
          "type": 0,
          "file": 2,
          "line": 57,
          "col": 3,
          "lit": "clean"
        },
        "value": {
          "type": 0,
          "file": 2,
          "line": 59,
          "col": 14,
          "lit": "true"
        }
      },
      {
        "key": {
          "type": 0,
          "file": 2,
          "line": 60,
          "col": 3,
          "lit": "filter"
        },
        "value": {
          "type": 0,
          "file": 2,
          "line": 64,
          "col": 14,
          "lit": ""
        }
      },
      {
        "key": {
          "type": 0,
          "file": 2,
          "line": 65,
          "col": 3,
          "lit": "sparse-checkout"
        },
        "value": {
          "type": 0,
          "file": 2,
          "line": 69,
          "col": 14,
          "lit": ""
        }
      },
      {
        "key": {
          "type": 0,
          "file": 2,
          "line": 70,
          "col": 3,
          "lit": "sparse-checkout-cone-mode"
        },
        "value": {
          "type": 0,
          "file": 2,
          "line": 73,
          "col": 14,
          "lit": "true"
        }
      },
      {
        "key": {
          "type": 0,
          "file": 2,
          "line": 74,
          "col": 3,
          "lit": "fetch-depth"
        },
        "value": {
          "type": 0,
          "file": 2,
          "line": 76,
          "col": 14,
          "lit": "1"
        }
      },
      {
        "key": {
          "type": 0,
          "file": 2,
          "line": 77,
          "col": 3,
          "lit": "fetch-tags"
        },
        "value": {
          "type": 0,
          "file": 2,
          "line": 79,
          "col": 14,
          "lit": "false"
        }
      },
      {
        "key": {
          "type": 0,
          "file": 2,
          "line": 80,
          "col": 3,
          "lit": "show-progress"
        },
        "value": {
          "type": 0,
          "file": 2,
          "line": 82,
          "col": 14,
          "lit": "true"
        }
      },
      {
        "key": {
          "type": 0,
          "file": 2,
          "line": 83,
          "col": 3,
          "lit": "lfs"
        },
        "value": {
          "type": 0,
          "file": 2,
          "line": 85,
          "col": 14,
          "lit": "false"
        }
      },
      {
        "key": {
          "type": 0,
          "file": 2,
          "line": 86,
          "col": 3,
          "lit": "submodules"
        },
        "value": {
          "type": 0,
          "file": 2,
          "line": 94,
          "col": 14,
          "lit": "false"
        }
      },
      {
        "key": {
          "type": 0,
          "file": 2,
          "line": 95,
          "col": 3,
          "lit": "set-safe-directory"
        },
        "value": {
          "type": 0,
          "file": 2,
          "line": 97,
          "col": 14,
          "lit": "true"
        }
      },
      {
        "key": {
          "type": 0,
          "file": 2,
          "line": 98,
          "col": 3,
          "lit": "github-server-url"
        },
        "value": ""
      }
    ]
  },
  "execution": {
    "executionType": "nodeJS",
    "hasPre": false,
    "hasPost": true,
    "script": "dist/index.js",
    "pre": null,
    "post": "dist/index.js",
    "nodeVersion": "node20",
    "cleanupCondition": "always()",
    "initCondition": "always()"
  },
  "deprecated": null
}
[2026-06-09 13:41:25Z INFO JobServerQueue] Try to append 1 batches web console lines for record 'a807ddf6-dbd3-46e6-b65a-6a23ba7180af', success rate: 1/1.
[2026-06-09 13:41:25Z INFO ActionManager] Action pre node.js file: N/A.
[2026-06-09 13:41:25Z INFO ActionManager] Action node.js file: dist/index.js.
[2026-06-09 13:41:25Z INFO ActionManager] Action post node.js file: dist/index.js.
[2026-06-09 13:41:25Z INFO HostContext] Well known directory 'Bin': 'C:\Users\vvaka\VisualStudio\repos\WorldBank.Automation.Solution\src\Automation.Framework\actions-runner\actions-runner-win-x64-2.334.0\bin'
[2026-06-09 13:41:25Z INFO HostContext] Well known directory 'Root': 'C:\Users\vvaka\VisualStudio\repos\WorldBank.Automation.Solution\src\Automation.Framework\actions-runner\actions-runner-win-x64-2.334.0'
[2026-06-09 13:41:25Z INFO HostContext] Well known directory 'Work': 'C:\Users\vvaka\VisualStudio\repos\WorldBank.Automation.Solution\src\Automation.Framework\actions-runner\actions-runner-win-x64-2.334.0\_work'
[2026-06-09 13:41:25Z INFO HostContext] Well known directory 'Temp': 'C:\Users\vvaka\VisualStudio\repos\WorldBank.Automation.Solution\src\Automation.Framework\actions-runner\actions-runner-win-x64-2.334.0\_work\_temp'
[2026-06-09 13:41:25Z INFO ExecutionContext] Write event payload to C:\Users\vvaka\VisualStudio\repos\WorldBank.Automation.Solution\src\Automation.Framework\actions-runner\actions-runner-win-x64-2.334.0\_work\_temp\_github_workflow\event.json
[2026-06-09 13:41:25Z INFO HostContext] Well known directory 'Bin': 'C:\Users\vvaka\VisualStudio\repos\WorldBank.Automation.Solution\src\Automation.Framework\actions-runner\actions-runner-win-x64-2.334.0\bin'
[2026-06-09 13:41:25Z INFO HostContext] Well known directory 'Root': 'C:\Users\vvaka\VisualStudio\repos\WorldBank.Automation.Solution\src\Automation.Framework\actions-runner\actions-runner-win-x64-2.334.0'
[2026-06-09 13:41:25Z INFO HostContext] Well known directory 'Work': 'C:\Users\vvaka\VisualStudio\repos\WorldBank.Automation.Solution\src\Automation.Framework\actions-runner\actions-runner-win-x64-2.334.0\_work'
[2026-06-09 13:41:25Z INFO HostContext] Well known directory 'Temp': 'C:\Users\vvaka\VisualStudio\repos\WorldBank.Automation.Solution\src\Automation.Framework\actions-runner\actions-runner-win-x64-2.334.0\_work\_temp'
[2026-06-09 13:41:25Z INFO ExtensionManager] Getting extensions for interface: 'GitHub.Runner.Worker.IFileCommandExtension'
[2026-06-09 13:41:25Z INFO ActionManifestManagerLegacy] Input 'repository': default value evaluate result: {
  "type": 0,
  "file": 2,
  "line": 6,
  "col": 14,
  "lit": "ViktorVakareev/WorldBank-Core-Automation-Playwrite"
}
[2026-06-09 13:41:25Z INFO ActionManifestManagerLegacy] Input 'ref': default value evaluate result: ""
[2026-06-09 13:41:25Z INFO ActionManifestManagerLegacy] Input 'token': default value evaluate result: {
  "type": 0,
  "file": 2,
  "line": 24,
  "col": 14,
  "lit": "***"
}
[2026-06-09 13:41:25Z INFO ActionManifestManagerLegacy] Input 'ssh-key': default value evaluate result: ""
[2026-06-09 13:41:25Z INFO ActionManifestManagerLegacy] Input 'ssh-known-hosts': default value evaluate result: ""
[2026-06-09 13:41:26Z INFO ActionManifestManagerLegacy] Input 'ssh-strict': default value evaluate result: {
  "type": 0,
  "file": 2,
  "line": 47,
  "col": 14,
  "lit": "true"
}
[2026-06-09 13:41:26Z INFO ActionManifestManagerLegacy] Input 'ssh-user': default value evaluate result: {
  "type": 0,
  "file": 2,
  "line": 51,
  "col": 14,
  "lit": "git"
}
[2026-06-09 13:41:26Z INFO ActionManifestManagerLegacy] Input 'persist-credentials': default value evaluate result: {
  "type": 0,
  "file": 2,
  "line": 54,
  "col": 14,
  "lit": "true"
}
[2026-06-09 13:41:26Z INFO ActionManifestManagerLegacy] Input 'path': default value evaluate result: ""
[2026-06-09 13:41:26Z INFO ActionManifestManagerLegacy] Input 'clean': default value evaluate result: {
  "type": 0,
  "file": 2,
  "line": 59,
  "col": 14,
  "lit": "true"
}
[2026-06-09 13:41:26Z INFO ActionManifestManagerLegacy] Input 'filter': default value evaluate result: {
  "type": 0,
  "file": 2,
  "line": 64,
  "col": 14,
  "lit": ""
}
[2026-06-09 13:41:26Z INFO ActionManifestManagerLegacy] Input 'sparse-checkout': default value evaluate result: {
  "type": 0,
  "file": 2,
  "line": 69,
  "col": 14,
  "lit": ""
}
[2026-06-09 13:41:26Z INFO ActionManifestManagerLegacy] Input 'sparse-checkout-cone-mode': default value evaluate result: {
  "type": 0,
  "file": 2,
  "line": 73,
  "col": 14,
  "lit": "true"
}
[2026-06-09 13:41:26Z INFO ActionManifestManagerLegacy] Input 'fetch-depth': default value evaluate result: {
  "type": 0,
  "file": 2,
  "line": 76,
  "col": 14,
  "lit": "1"
}
[2026-06-09 13:41:26Z INFO ActionManifestManagerLegacy] Input 'fetch-tags': default value evaluate result: {
  "type": 0,
  "file": 2,
  "line": 79,
  "col": 14,
  "lit": "false"
}
[2026-06-09 13:41:26Z INFO ActionManifestManagerLegacy] Input 'show-progress': default value evaluate result: {
  "type": 0,
  "file": 2,
  "line": 82,
  "col": 14,
  "lit": "true"
}
[2026-06-09 13:41:26Z INFO ActionManifestManagerLegacy] Input 'lfs': default value evaluate result: {
  "type": 0,
  "file": 2,
  "line": 85,
  "col": 14,
  "lit": "false"
}
[2026-06-09 13:41:26Z INFO ActionManifestManagerLegacy] Input 'submodules': default value evaluate result: {
  "type": 0,
  "file": 2,
  "line": 94,
  "col": 14,
  "lit": "false"
}
[2026-06-09 13:41:26Z INFO ActionManifestManagerLegacy] Input 'set-safe-directory': default value evaluate result: {
  "type": 0,
  "file": 2,
  "line": 97,
  "col": 14,
  "lit": "true"
}
[2026-06-09 13:41:26Z INFO ActionManifestManagerLegacy] Input 'github-server-url': default value evaluate result: ""
[2026-06-09 13:41:26Z INFO ExtensionManager] Getting extensions for interface: 'GitHub.Runner.Worker.IActionCommandExtension'
[2026-06-09 13:41:26Z INFO ActionCommandManager] Register action command extension for command internal-set-repo-path
[2026-06-09 13:41:26Z INFO ActionCommandManager] Register action command extension for command set-env
[2026-06-09 13:41:26Z INFO ActionCommandManager] Register action command extension for command set-output
[2026-06-09 13:41:26Z INFO ActionCommandManager] Register action command extension for command save-state
[2026-06-09 13:41:26Z INFO ActionCommandManager] Register action command extension for command add-path
[2026-06-09 13:41:26Z INFO ActionCommandManager] Register action command extension for command add-mask
[2026-06-09 13:41:26Z INFO ActionCommandManager] Register action command extension for command add-matcher
[2026-06-09 13:41:26Z INFO ActionCommandManager] Register action command extension for command remove-matcher
[2026-06-09 13:41:26Z INFO ActionCommandManager] Register action command extension for command warning
[2026-06-09 13:41:26Z INFO ActionCommandManager] Register action command extension for command error
[2026-06-09 13:41:26Z INFO ActionCommandManager] Register action command extension for command notice
[2026-06-09 13:41:26Z INFO ActionCommandManager] Register action command extension for command debug
[2026-06-09 13:41:26Z INFO ActionCommandManager] Register action command extension for command group
[2026-06-09 13:41:26Z INFO ActionCommandManager] Register action command extension for command endgroup
[2026-06-09 13:41:26Z INFO ActionCommandManager] Register action command extension for command echo
[2026-06-09 13:41:26Z INFO HostContext] Well known directory 'Bin': 'C:\Users\vvaka\VisualStudio\repos\WorldBank.Automation.Solution\src\Automation.Framework\actions-runner\actions-runner-win-x64-2.334.0\bin'
[2026-06-09 13:41:26Z INFO HostContext] Well known directory 'Root': 'C:\Users\vvaka\VisualStudio\repos\WorldBank.Automation.Solution\src\Automation.Framework\actions-runner\actions-runner-win-x64-2.334.0'
[2026-06-09 13:41:26Z INFO HostContext] Well known directory 'Externals': 'C:\Users\vvaka\VisualStudio\repos\WorldBank.Automation.Solution\src\Automation.Framework\actions-runner\actions-runner-win-x64-2.334.0\externals'
[2026-06-09 13:41:26Z INFO ProcessInvokerWrapper] Starting process:
[2026-06-09 13:41:26Z INFO ProcessInvokerWrapper]   File name: 'C:\Users\vvaka\VisualStudio\repos\WorldBank.Automation.Solution\src\Automation.Framework\actions-runner\actions-runner-win-x64-2.334.0\externals\node20\bin\node.exe'
[2026-06-09 13:41:26Z INFO ProcessInvokerWrapper]   Arguments: '"C:\Users\vvaka\VisualStudio\repos\WorldBank.Automation.Solution\src\Automation.Framework\actions-runner\actions-runner-win-x64-2.334.0\_work\_actions\actions\checkout\v4\dist/index.js"'
[2026-06-09 13:41:26Z INFO JobServerQueue] Tried to upload 1 file(s) to results, success rate: 1/1.
[2026-06-09 13:41:26Z INFO ProcessInvokerWrapper]   Working directory: 'C:\Users\vvaka\VisualStudio\repos\WorldBank.Automation.Solution\src\Automation.Framework\actions-runner\actions-runner-win-x64-2.334.0\_work\WorldBank-Core-Automation-Playwrite\WorldBank-Core-Automation-Playwrite'
[2026-06-09 13:41:26Z INFO ProcessInvokerWrapper]   Require exit code zero: 'False'
[2026-06-09 13:41:26Z INFO ProcessInvokerWrapper]   Encoding web name: utf-8 ; code page: '65001'
[2026-06-09 13:41:26Z INFO ProcessInvokerWrapper]   Force kill process on cancellation: 'False'
[2026-06-09 13:41:26Z INFO ProcessInvokerWrapper]   Redirected STDIN: 'False'
[2026-06-09 13:41:26Z INFO ProcessInvokerWrapper]   Persist current code page: 'True'
[2026-06-09 13:41:26Z INFO ProcessInvokerWrapper]   Keep redirected STDIN open: 'False'
[2026-06-09 13:41:26Z INFO ProcessInvokerWrapper]   High priority process: 'False'
[2026-06-09 13:41:26Z INFO ProcessInvokerWrapper] Process started with process id 31736, waiting for process exit.
[2026-06-09 13:41:26Z INFO JobServerQueue] Try to append 1 batches web console lines for record 'ac7921e0-58fa-4ed1-9983-eb6a2befec4d', success rate: 1/1.
[2026-06-09 13:41:26Z INFO AddMaskCommandExtension] Add new secret mask with length of 32
[2026-06-09 13:41:26Z INFO JobServerQueue] Try to append 1 batches web console lines for record 'ac7921e0-58fa-4ed1-9983-eb6a2befec4d', success rate: 1/1.
[2026-06-09 13:41:26Z INFO JobServerQueue] Try to append 1 batches web console lines for record 'ac7921e0-58fa-4ed1-9983-eb6a2befec4d', success rate: 1/1.
[2026-06-09 13:41:26Z INFO JobServerQueue] Try to upload 1 log files or attachments, success rate: 1/1.
[2026-06-09 13:41:27Z INFO JobServerQueue] Got a step log file to send to results service.
[2026-06-09 13:41:27Z INFO JobServerQueue] Starting upload of step log file to results service ResultsLog, C:\Users\vvaka\VisualStudio\repos\WorldBank.Automation.Solution\src\Automation.Framework\actions-runner\actions-runner-win-x64-2.334.0\_diag\blocks\8ea6133f-daed-44ff-a4f2-b2d6af1bbd07_a807ddf6-dbd3-46e6-b65a-6a23ba7180af.1
[2026-06-09 13:41:27Z INFO JobServerQueue] Tried to upload 1 file(s) to results, success rate: 1/1.
[2026-06-09 13:41:28Z INFO JobServerQueue] Try to append 1 batches web console lines for record 'ac7921e0-58fa-4ed1-9983-eb6a2befec4d', success rate: 1/1.
[2026-06-09 13:41:29Z INFO JobServerQueue] Try to append 1 batches web console lines for record 'ac7921e0-58fa-4ed1-9983-eb6a2befec4d', success rate: 1/1.
[2026-06-09 13:41:30Z INFO HostContext] Well known directory 'Bin': 'C:\Users\vvaka\VisualStudio\repos\WorldBank.Automation.Solution\src\Automation.Framework\actions-runner\actions-runner-win-x64-2.334.0\bin'
[2026-06-09 13:41:30Z INFO HostContext] Well known directory 'Root': 'C:\Users\vvaka\VisualStudio\repos\WorldBank.Automation.Solution\src\Automation.Framework\actions-runner\actions-runner-win-x64-2.334.0'
[2026-06-09 13:41:30Z INFO HostContext] Well known directory 'Work': 'C:\Users\vvaka\VisualStudio\repos\WorldBank.Automation.Solution\src\Automation.Framework\actions-runner\actions-runner-win-x64-2.334.0\_work'
[2026-06-09 13:41:30Z INFO ProcessInvokerWrapper] STDOUT/STDERR stream read finished.
[2026-06-09 13:41:30Z INFO ProcessInvokerWrapper] STDOUT/STDERR stream read finished.
[2026-06-09 13:41:30Z INFO ProcessInvokerWrapper] Finished process 31736 with exit code 0, and elapsed time 00:00:04.9871595.
[2026-06-09 13:41:30Z INFO CreateStepSummaryCommand] Step Summary file (C:\Users\vvaka\VisualStudio\repos\WorldBank.Automation.Solution\src\Automation.Framework\actions-runner\actions-runner-win-x64-2.334.0\_work\_temp\_runner_file_commands\step_summary_64dc8ef4-c235-48d0-b210-17bb74dda705) is empty; skipping attachment upload
[2026-06-09 13:41:30Z INFO StepsRunner] Step result: 
[2026-06-09 13:41:30Z INFO ExecutionContext] Publish step telemetry for current step {
  "action": "actions/checkout",
  "ref": "v4",
  "type": "node20",
  "stage": "Post",
  "stepId": "ac7921e0-58fa-4ed1-9983-eb6a2befec4d",
  "result": "succeeded",
  "errorMessages": [],
  "executionTimeInSeconds": 6,
  "startTime": "2026-06-09T13:41:25.9422992Z",
  "finishTime": "2026-06-09T13:41:30.9989161Z"
}.
[2026-06-09 13:41:31Z INFO StepsRunner] No need for updating job result with current step result 'Succeeded'.
[2026-06-09 13:41:31Z INFO StepsRunner] Current state: job state = 'Failed'
[2026-06-09 13:41:31Z INFO JobRunner] Finalize job.
[2026-06-09 13:41:31Z INFO HostContext] Well known directory 'Bin': 'C:\Users\vvaka\VisualStudio\repos\WorldBank.Automation.Solution\src\Automation.Framework\actions-runner\actions-runner-win-x64-2.334.0\bin'
[2026-06-09 13:41:31Z INFO HostContext] Well known directory 'Root': 'C:\Users\vvaka\VisualStudio\repos\WorldBank.Automation.Solution\src\Automation.Framework\actions-runner\actions-runner-win-x64-2.334.0'
[2026-06-09 13:41:31Z INFO HostContext] Well known directory 'Diag': 'C:\Users\vvaka\VisualStudio\repos\WorldBank.Automation.Solution\src\Automation.Framework\actions-runner\actions-runner-win-x64-2.334.0\_diag'
[2026-06-09 13:41:31Z INFO HostContext] Well known directory 'Bin': 'C:\Users\vvaka\VisualStudio\repos\WorldBank.Automation.Solution\src\Automation.Framework\actions-runner\actions-runner-win-x64-2.334.0\bin'
[2026-06-09 13:41:31Z INFO HostContext] Well known directory 'Root': 'C:\Users\vvaka\VisualStudio\repos\WorldBank.Automation.Solution\src\Automation.Framework\actions-runner\actions-runner-win-x64-2.334.0'
[2026-06-09 13:41:31Z INFO HostContext] Well known directory 'Diag': 'C:\Users\vvaka\VisualStudio\repos\WorldBank.Automation.Solution\src\Automation.Framework\actions-runner\actions-runner-win-x64-2.334.0\_diag'
[2026-06-09 13:41:31Z INFO JobExtension] Initialize Env context
[2026-06-09 13:41:31Z INFO JobExtension] Initialize steps context
[2026-06-09 13:41:31Z INFO JobExtension] Total accessible running process: 431.
[2026-06-09 13:41:31Z INFO JobExtension] Inspecting process environment variables. PID: 35064 (SearchProtocolHost)
[2026-06-09 13:41:31Z INFO JobExtension] Wait for all connectivity checks to finish.
[2026-06-09 13:41:31Z INFO JobExtension] Connectivity check result: GitHub.Runner.Worker.JobExtension+CheckResult
[2026-06-09 13:41:31Z INFO JobExtension] Connectivity check result: GitHub.Runner.Worker.JobExtension+CheckResult
[2026-06-09 13:41:31Z INFO JobExtension] Connectivity check result: GitHub.Runner.Worker.JobExtension+CheckResult
[2026-06-09 13:41:31Z INFO ExecutionContext] Publish step telemetry for current step {
  "action": "complete_job",
  "type": "runner",
  "stage": "Post",
  "stepId": "daddd00d-b460-4726-87ee-fe1db15ac64a",
  "result": "succeeded",
  "errorMessages": [
    "Node.js 20 actions are deprecated. The following actions are running on Node.js 20 and may not work as expected: actions/checkout@v4, actions/setup-dotnet@v4, actions/upload-artifact@v4, peaceiris/actions-gh-pages@v3. Actions will be forced to run with Nod"
  ],
  "executionTimeInSeconds": 1,
  "startTime": "2026-06-09T13:41:31.0066037Z",
  "finishTime": "2026-06-09T13:41:31.0480286Z"
}.
[2026-06-09 13:41:31Z INFO JobRunner] Job result after all job steps finish: Failed
[2026-06-09 13:41:31Z INFO JobRunner] Completing the job execution context.
[2026-06-09 13:41:31Z INFO JobRunner] Shutting down the job server queue.
[2026-06-09 13:41:31Z INFO JobServerQueue] Fire signal to shutdown all queues.
[2026-06-09 13:41:31Z INFO JobServerQueue] All queue process task stopped.
[2026-06-09 13:41:31Z INFO JobServerQueue] Try to append 1 batches web console lines for record 'daddd00d-b460-4726-87ee-fe1db15ac64a', success rate: 1/1.
[2026-06-09 13:41:31Z INFO JobServerQueue] Web console line queue drained.
[2026-06-09 13:41:31Z INFO JobServerQueue] Uploading 3 files in one shot.
[2026-06-09 13:41:31Z INFO JobServerQueue] Try to upload 3 log files or attachments, success rate: 3/3.
[2026-06-09 13:41:31Z INFO JobServerQueue] File upload queue drained.
[2026-06-09 13:41:31Z INFO JobServerQueue] Starting results-based upload queue...
[2026-06-09 13:41:31Z INFO JobServerQueue] Uploading 3 file(s) in one shot through results service.
[2026-06-09 13:41:31Z INFO JobServerQueue] Got a step log file to send to results service.
[2026-06-09 13:41:31Z INFO JobServerQueue] Starting upload of step log file to results service ResultsLog, C:\Users\vvaka\VisualStudio\repos\WorldBank.Automation.Solution\src\Automation.Framework\actions-runner\actions-runner-win-x64-2.334.0\_diag\blocks\8ea6133f-daed-44ff-a4f2-b2d6af1bbd07_ac7921e0-58fa-4ed1-9983-eb6a2befec4d.1
[2026-06-09 13:41:32Z INFO JobServerQueue] Got a step log file to send to results service.
[2026-06-09 13:41:32Z INFO JobServerQueue] Starting upload of step log file to results service ResultsLog, C:\Users\vvaka\VisualStudio\repos\WorldBank.Automation.Solution\src\Automation.Framework\actions-runner\actions-runner-win-x64-2.334.0\_diag\blocks\8ea6133f-daed-44ff-a4f2-b2d6af1bbd07_daddd00d-b460-4726-87ee-fe1db15ac64a.1
[2026-06-09 13:41:32Z INFO JobServerQueue] Got a job log file to send to results service.
[2026-06-09 13:41:32Z INFO JobServerQueue] Starting upload of job log file to results service ResultsLog, C:\Users\vvaka\VisualStudio\repos\WorldBank.Automation.Solution\src\Automation.Framework\actions-runner\actions-runner-win-x64-2.334.0\_diag\blocks\8ea6133f-daed-44ff-a4f2-b2d6af1bbd07_3831458a-9941-56d6-a170-0d163c229210.1
[2026-06-09 13:41:33Z INFO JobServerQueue] Tried to upload 3 file(s) to results, success rate: 3/3.
[2026-06-09 13:41:33Z INFO JobServerQueue] Results upload queue drained.
[2026-06-09 13:41:33Z INFO JobServerQueue] Timeline update queue drained.
[2026-06-09 13:41:33Z INFO JobServerQueue] Disposing job server ...
[2026-06-09 13:41:33Z INFO JobServerQueue] Disposing results server ...
[2026-06-09 13:41:33Z INFO JobServerQueue] All queue process tasks have been stopped, and all queues are drained.
[2026-06-09 13:41:33Z INFO TempDirectoryManager] Cleaning runner temp folder: C:\Users\vvaka\VisualStudio\repos\WorldBank.Automation.Solution\src\Automation.Framework\actions-runner\actions-runner-win-x64-2.334.0\_work\_temp
[2026-06-09 13:41:33Z INFO HostContext] Well known directory 'Bin': 'C:\Users\vvaka\VisualStudio\repos\WorldBank.Automation.Solution\src\Automation.Framework\actions-runner\actions-runner-win-x64-2.334.0\bin'
[2026-06-09 13:41:33Z INFO HostContext] Well known directory 'Root': 'C:\Users\vvaka\VisualStudio\repos\WorldBank.Automation.Solution\src\Automation.Framework\actions-runner\actions-runner-win-x64-2.334.0'
[2026-06-09 13:41:33Z INFO HostContext] Well known directory 'Diag': 'C:\Users\vvaka\VisualStudio\repos\WorldBank.Automation.Solution\src\Automation.Framework\actions-runner\actions-runner-win-x64-2.334.0\_diag'
[2026-06-09 13:41:33Z INFO HostContext] Well known config file 'Telemetry': 'C:\Users\vvaka\VisualStudio\repos\WorldBank.Automation.Solution\src\Automation.Framework\actions-runner\actions-runner-win-x64-2.334.0\_diag\.telemetry'
[2026-06-09 13:41:33Z INFO JobRunner] Raising job completed against run service
[2026-06-09 13:41:33Z INFO Worker] Job completed.
