[2026-06-09 13:17:06Z INFO HostContext] No proxy settings were found based on environmental variables (http_proxy/https_proxy/HTTP_PROXY/HTTPS_PROXY)
[2026-06-09 13:17:06Z INFO HostContext] Well known directory 'Bin': 'C:\Users\vvaka\VisualStudio\repos\WorldBank.Automation.Solution\src\Automation.Framework\actions-runner\actions-runner-win-x64-2.334.0\bin'
[2026-06-09 13:17:06Z INFO HostContext] Well known directory 'Root': 'C:\Users\vvaka\VisualStudio\repos\WorldBank.Automation.Solution\src\Automation.Framework\actions-runner\actions-runner-win-x64-2.334.0'
[2026-06-09 13:17:06Z INFO HostContext] Well known config file 'Credentials': 'C:\Users\vvaka\VisualStudio\repos\WorldBank.Automation.Solution\src\Automation.Framework\actions-runner\actions-runner-win-x64-2.334.0\.credentials'
[2026-06-09 13:17:06Z INFO HostContext] Well known directory 'Bin': 'C:\Users\vvaka\VisualStudio\repos\WorldBank.Automation.Solution\src\Automation.Framework\actions-runner\actions-runner-win-x64-2.334.0\bin'
[2026-06-09 13:17:06Z INFO HostContext] Well known directory 'Root': 'C:\Users\vvaka\VisualStudio\repos\WorldBank.Automation.Solution\src\Automation.Framework\actions-runner\actions-runner-win-x64-2.334.0'
[2026-06-09 13:17:06Z INFO HostContext] Well known config file 'Runner': 'C:\Users\vvaka\VisualStudio\repos\WorldBank.Automation.Solution\src\Automation.Framework\actions-runner\actions-runner-win-x64-2.334.0\.runner'
[2026-06-09 13:17:06Z INFO Worker] Version: 2.334.0
[2026-06-09 13:17:06Z INFO Worker] Commit: f1995ede5d885c997d13d8eca5467c4ce97fe69c
[2026-06-09 13:17:06Z INFO Worker] Culture: en-US
[2026-06-09 13:17:06Z INFO Worker] UI Culture: en-US
[2026-06-09 13:17:06Z INFO Worker] Waiting to receive the job message from the channel.
[2026-06-09 13:17:06Z INFO ProcessChannel] Receiving message of length 27740, with hash '743bab76a5a3427f9985cbd6e00afea698cff0c443875e6678d83694c5c931ae'
[2026-06-09 13:17:06Z INFO Worker] Message received.
[2026-06-09 13:17:06Z INFO Worker] Job message:
 {
  "environmentVariables": [
    {
      "type": 2,
      "file": 1,
      "line": 23,
      "col": 7,
      "map": [
        {
          "key": {
            "type": 0,
            "file": 1,
            "line": 23,
            "col": 7,
            "lit": "CI"
          },
          "value": {
            "type": 0,
            "file": 1,
            "line": 23,
            "col": 11,
            "lit": "true"
          }
        }
      ]
    }
  ],
  "fileTable": [
    ".github/workflows/playwright.yml"
  ],
  "mask": [
    {
      "type": "regex",
      "value": "***"
    },
    {
      "type": "regex",
      "value": "***"
    },
    {
      "type": "regex",
      "value": "***"
    },
    {
      "type": "regex",
      "value": "***"
    },
    {
      "type": "regex",
      "value": "***"
    },
    {
      "type": "regex",
      "value": "***"
    },
    {
      "type": "regex",
      "value": "***"
    },
    {
      "type": "regex",
      "value": "***"
    },
    {
      "type": "regex",
      "value": "***"
    },
    {
      "type": "regex",
      "value": "***"
    },
    {
      "type": "regex",
      "value": "***"
    },
    {
      "type": "regex",
      "value": "***"
    },
    {
      "type": "regex",
      "value": "***"
    },
    {
      "type": "regex",
      "value": "***"
    },
    {
      "type": "regex",
      "value": "***"
    },
    {
      "type": "regex",
      "value": "***"
    },
    {
      "type": "regex",
      "value": "***"
    },
    {
      "type": "regex",
      "value": "***"
    },
    {
      "type": "regex",
      "value": "***"
    },
    {
      "type": "regex",
      "value": "***"
    },
    {
      "type": "regex",
      "value": "***"
    },
    {
      "type": "regex",
      "value": "***"
    },
    {
      "type": "regex",
      "value": "***"
    },
    {
      "type": "regex",
      "value": "***"
    }
  ],
  "steps": [
    {
      "type": "action",
      "reference": {
        "type": "repository",
        "name": "actions/checkout",
        "ref": "v4",
        "repositoryType": "GitHub"
      },
      "displayNameToken": {
        "type": 0,
        "file": 1,
        "line": 26,
        "col": 15,
        "lit": "📥 Checkout Repository"
      },
      "contextName": "__actions_checkout",
      "condition": "success()",
      "id": "684abd75-af81-4bec-bfa7-c13409868d90",
      "name": "__actions_checkout"
    },
    {
      "type": "action",
      "reference": {
        "type": "repository",
        "name": "actions/setup-dotnet",
        "ref": "v4",
        "repositoryType": "GitHub"
      },
      "displayNameToken": {
        "type": 0,
        "file": 1,
        "line": 29,
        "col": 15,
        "lit": "⚙️ Setup .NET SDK"
      },
      "contextName": "__actions_setup-dotnet",
      "inputs": {
        "type": 2,
        "file": 1,
        "line": 32,
        "col": 11,
        "map": [
          {
            "key": {
              "type": 0,
              "file": 1,
              "line": 32,
              "col": 11,
              "lit": "dotnet-version"
            },
            "value": {
              "type": 0,
              "file": 1,
              "line": 32,
              "col": 27,
              "lit": "10.0.x"
            }
          }
        ]
      },
      "condition": "success()",
      "id": "e12e1e3d-8581-4b64-b9f2-14cd3df03319",
      "name": "__actions_setup-dotnet"
    },
    {
      "type": "action",
      "reference": {
        "type": "script"
      },
      "displayNameToken": {
        "type": 0,
        "file": 1,
        "line": 34,
        "col": 15,
        "lit": "🏗️ Build Framework"
      },
      "contextName": "__run",
      "inputs": {
        "type": 2,
        "map": [
          {
            "key": "script",
            "value": {
              "type": 0,
              "file": 1,
              "line": 35,
              "col": 14,
              "lit": "dotnet build src/ --configuration Release"
            }
          }
        ]
      },
      "condition": "success()",
      "id": "d787c5dd-4298-4b15-bf2e-e64e1a5920dc",
      "name": "__run"
    },
    {
      "type": "action",
      "reference": {
        "type": "script"
      },
      "displayNameToken": {
        "type": 0,
        "file": 1,
        "line": 37,
        "col": 15,
        "lit": "🌐 Install Playwright Browsers & OS Dependencies"
      },
      "contextName": "__run_2",
      "inputs": {
        "type": 2,
        "map": [
          {
            "key": "script",
            "value": {
              "type": 0,
              "file": 1,
              "line": 39,
              "col": 14,
              "lit": "pwsh src/bin/Release/net10.0/playwright.ps1 install --with-deps"
            }
          }
        ]
      },
      "condition": "success()",
      "id": "92ed3512-c3bc-408b-887c-8aaee9a7bb62",
      "name": "__run_2"
    },
    {
      "type": "action",
      "reference": {
        "type": "script"
      },
      "displayNameToken": {
        "type": 0,
        "file": 1,
        "line": 41,
        "col": 15,
        "lit": "🧪 Execute UI Test Suite"
      },
      "contextName": "__run_3",
      "inputs": {
        "type": 2,
        "map": [
          {
            "key": "script",
            "value": {
              "type": 0,
              "file": 1,
              "line": 43,
              "col": 14,
              "lit": "dotnet test src/ --configuration Release --no-build --verbosity normal --logger:\"trx;LogFileName=TestResults.trx\" --results-directory ./TestResults"
            }
          }
        ]
      },
      "condition": "success()",
      "id": "ca143405-13c7-4d92-8ad9-352a0618740c",
      "name": "__run_3"
    },
    {
      "type": "action",
      "reference": {
        "type": "repository",
        "name": "simple-elf/allure-report-action",
        "ref": "master",
        "repositoryType": "GitHub"
      },
      "displayNameToken": {
        "type": 0,
        "file": 1,
        "line": 45,
        "col": 15,
        "lit": "📊 Generate Allure Report"
      },
      "contextName": "allure-report",
      "inputs": {
        "type": 2,
        "file": 1,
        "line": 51,
        "col": 11,
        "map": [
          {
            "key": {
              "type": 0,
              "file": 1,
              "line": 51,
              "col": 11,
              "lit": "allure_results"
            },
            "value": {
              "type": 0,
              "file": 1,
              "line": 51,
              "col": 27,
              "lit": "src/bin/Release/net10.0/allure-results"
            }
          },
          {
            "key": {
              "type": 0,
              "file": 1,
              "line": 52,
              "col": 11,
              "lit": "gh_pages"
            },
            "value": {
              "type": 0,
              "file": 1,
              "line": 52,
              "col": 21,
              "lit": "gh-pages"
            }
          },
          {
            "key": {
              "type": 0,
              "file": 1,
              "line": 53,
              "col": 11,
              "lit": "allure_report"
            },
            "value": {
              "type": 0,
              "file": 1,
              "line": 53,
              "col": 26,
              "lit": "allure-report"
            }
          },
          {
            "key": {
              "type": 0,
              "file": 1,
              "line": 54,
              "col": 11,
              "lit": "allure_history"
            },
            "value": {
              "type": 0,
              "file": 1,
              "line": 54,
              "col": 27,
              "lit": "allure-history"
            }
          }
        ]
      },
      "condition": "always()",
      "id": "614b9be1-2c95-4e9e-b2c9-7d57765a4edb",
      "name": "allure-report"
    },
    {
      "type": "action",
      "reference": {
        "type": "repository",
        "name": "peaceiris/actions-gh-pages",
        "ref": "v3",
        "repositoryType": "GitHub"
      },
      "displayNameToken": {
        "type": 0,
        "file": 1,
        "line": 56,
        "col": 15,
        "lit": "🚀 Deploy Allure Report to GitHub Pages"
      },
      "contextName": "__peaceiris_actions-gh-pages",
      "inputs": {
        "type": 2,
        "file": 1,
        "line": 60,
        "col": 11,
        "map": [
          {
            "key": {
              "type": 0,
              "file": 1,
              "line": 60,
              "col": 11,
              "lit": "github_token"
            },
            "value": {
              "type": 3,
              "file": 1,
              "line": 60,
              "col": 25,
              "expr": "secrets.GITHUB_TOKEN"
            }
          },
          {
            "key": {
              "type": 0,
              "file": 1,
              "line": 61,
              "col": 11,
              "lit": "publish_branch"
            },
            "value": {
              "type": 0,
              "file": 1,
              "line": 61,
              "col": 27,
              "lit": "gh-pages"
            }
          },
          {
            "key": {
              "type": 0,
              "file": 1,
              "line": 62,
              "col": 11,
              "lit": "publish_dir"
            },
            "value": {
              "type": 0,
              "file": 1,
              "line": 62,
              "col": 24,
              "lit": "allure-history"
            }
          }
        ]
      },
      "condition": "always()",
      "id": "3b415b2b-4aab-4c75-9fd0-e7bd6acf1962",
      "name": "__peaceiris_actions-gh-pages"
    },
    {
      "type": "action",
      "reference": {
        "type": "repository",
        "name": "actions/upload-artifact",
        "ref": "v4",
        "repositoryType": "GitHub"
      },
      "displayNameToken": {
        "type": 0,
        "file": 1,
        "line": 64,
        "col": 15,
        "lit": "📊 Upload Test Results (On Failure)"
      },
      "contextName": "__actions_upload-artifact",
      "inputs": {
        "type": 2,
        "file": 1,
        "line": 69,
        "col": 11,
        "map": [
          {
            "key": {
              "type": 0,
              "file": 1,
              "line": 69,
              "col": 11,
              "lit": "name"
            },
            "value": {
              "type": 0,
              "file": 1,
              "line": 69,
              "col": 17,
              "lit": "nunit-test-results"
            }
          },
          {
            "key": {
              "type": 0,
              "file": 1,
              "line": 70,
              "col": 11,
              "lit": "path"
            },
            "value": {
              "type": 0,
              "file": 1,
              "line": 70,
              "col": 17,
              "lit": "**/TestResults/*.trx"
            }
          },
          {
            "key": {
              "type": 0,
              "file": 1,
              "line": 71,
              "col": 11,
              "lit": "retention-days"
            },
            "value": {
              "type": 0,
              "file": 1,
              "line": 71,
              "col": 27,
              "lit": "7"
            }
          }
        ]
      },
      "condition": "always()",
      "id": "818b66a1-5cfc-485a-9b07-373f719132e3",
      "name": "__actions_upload-artifact"
    }
  ],
  "variables": {
    "Actions.EnableHttpRedirects": {
      "value": "true"
    },
    "DistributedTask.AddWarningToNode12Action": {
      "value": "true"
    },
    "DistributedTask.AddWarningToNode16Action": {
      "value": "true"
    },
    "DistributedTask.AllowRunnerContainerHooks": {
      "value": "true"
    },
    "DistributedTask.DeprecateStepOutputCommands": {
      "value": "true"
    },
    "DistributedTask.DetailUntarFailure": {
      "value": "true"
    },
    "DistributedTask.EnableCompositeActions": {
      "value": "true"
    },
    "DistributedTask.EnableJobServerQueueTelemetry": {
      "value": "true"
    },
    "DistributedTask.EnhancedAnnotations": {
      "value": "true"
    },
    "DistributedTask.ForceGithubJavascriptActionsToNode16": {
      "value": "true"
    },
    "DistributedTask.ForceGithubJavascriptActionsToNode20": {
      "value": "true"
    },
    "DistributedTask.LogTemplateErrorsAsDebugMessages": {
      "value": "true"
    },
    "DistributedTask.MarkJobAsFailedOnWorkerCrash": {
      "value": "true"
    },
    "DistributedTask.NewActionMetadata": {
      "value": "true"
    },
    "DistributedTask.UploadStepSummary": {
      "value": "true"
    },
    "DistributedTask.UseActionArchiveCache": {
      "value": "true"
    },
    "DistributedTask.UseWhich2": {
      "value": "true"
    },
    "RunService.FixEmbeddedIssues": {
      "value": "true"
    },
    "actions.runner.requirenode24": {
      "value": "false"
    },
    "actions.runner.usenode24bydefault": {
      "value": "false"
    },
    "actions.runner.warnonnode20": {
      "value": "true"
    },
    "actions_add_check_run_id_to_job_context": {
      "value": "true"
    },
    "actions_batch_action_resolution": {
      "value": "false"
    },
    "actions_container_action_runner_temp": {
      "value": "true"
    },
    "actions_display_helpful_actions_download_errors": {
      "value": "true"
    },
    "actions_runner_compare_workflow_parser": {
      "value": "false"
    },
    "actions_runner_deprecate_linux_arm32": {
      "value": "false"
    },
    "actions_runner_emit_composite_markers": {
      "value": "false"
    },
    "actions_runner_kill_linux_arm32": {
      "value": "false"
    },
    "actions_runner_node20_removal_date": {
      "value": ""
    },
    "actions_runner_node24_default_date": {
      "value": "June 16th, 2026"
    },
    "actions_service_container_command": {
      "value": "true"
    },
    "actions_set_orchestration_id_env_for_actions": {
      "value": "true"
    },
    "actions_skip_retry_complete_job_upon_known_errors": {
      "value": "true"
    },
    "actions_snapshot_preflight_hosted_runner_check": {
      "value": "false"
    },
    "actions_snapshot_preflight_image_gen_pool_check": {
      "value": "false"
    },
    "actions_use_bearer_token_for_codeload": {
      "value": "false"
    },
    "actions_uses_cache_service_v2": {
      "value": "true"
    },
    "github_token": {
      "value": "***",
      "isSecret": true
    },
    "system.from_run_service": {
      "value": "true"
    },
    "system.github.job": {
      "value": "playwright-tests"
    },
    "system.github.launch_endpoint": {
      "value": "https://launch.actions.githubusercontent.com"
    },
    "system.github.results_endpoint": {
      "value": "https://results-receiver.actions.githubusercontent.com/"
    },
    "system.github.results_upload_with_sdk": {
      "value": "true"
    },
    "system.github.token": {
      "value": "***",
      "isSecret": true
    },
    "system.github.token.permissions": {
      "value": "{\"Contents\":\"write\",\"Metadata\":\"read\"}"
    },
    "system.orchestrationId": {
      "value": "68dc7fdf-0a37-4d80-9fb0-60a06311ab83.playwright-tests.__default"
    },
    "system.phaseDisplayName": {
      "value": "playwright-tests"
    },
    "system.runner.lowdiskspacethreshold": {
      "value": "100"
    },
    "system.runnerEnvironment": {
      "value": "self-hosted"
    },
    "system.runnerGroupName": {
      "value": "Default"
    }
  },
  "messageType": "RunnerJobRequest",
  "plan": {
    "scopeIdentifier": "00000000-0000-0000-0000-000000000000",
    "planType": "actions",
    "version": 0,
    "planId": "68dc7fdf-0a37-4d80-9fb0-60a06311ab83",
    "planGroup": null,
    "artifactUri": null,
    "artifactLocation": null,
    "definition": null,
    "owner": null
  },
  "timeline": {
    "id": "68dc7fdf-0a37-4d80-9fb0-60a06311ab83",
    "changeId": 0,
    "location": null
  },
  "jobId": "dfceb768-ea3c-5a3d-93f5-04fc129f1131",
  "jobDisplayName": "playwright-tests",
  "jobName": "__default",
  "requestId": 0,
  "lockedUntil": "0001-01-01T00:00:00",
  "resources": {
    "endpoints": [
      {
        "data": {
          "ServerId": "",
          "ServerName": "",
          "CacheServerUrl": "https://artifactcache.actions.githubusercontent.com/C5Yqq7pk47k0t6JeP5CJzmKbW01XgyzXfxxYEL5K3dDpanzavo/",
          "FeedStreamUrl": "wss://results-receiver.actions.githubusercontent.com/_ws/ingest.sock",
          "ResultsServiceUrl": "https://results-receiver.actions.githubusercontent.com/",
          "PipelinesServiceUrl": "https://pipelinesghubeus15.actions.githubusercontent.com/C5Yqq7pk47k0t6JeP5CJzmKbW01XgyzXfxxYEL5K3dDpanzavo/",
          "GenerateIdTokenUrl": "",
          "ConnectivityChecks": "[\"https://broker.actions.githubusercontent.com/health\",\"https://token.actions.githubusercontent.com/ready\",\"https://run.actions.githubusercontent.com/health\"]"
        },
        "name": "SystemVssConnection",
        "url": "https://run-actions-1-azure-eastus.actions.githubusercontent.com/173/",
        "authorization": {
          "parameters": {
            "AccessToken": "***"
          },
          "scheme": "OAuth"
        },
        "isShared": false,
        "isReady": true
      }
    ]
  },
  "contextData": {
    "github": {
      "t": 2,
      "d": [
        {
          "k": "ref",
          "v": "refs/heads/main"
        },
        {
          "k": "sha",
          "v": "15e23f30c7145f5f786afc1b94d54384d0324901"
        },
        {
          "k": "repository",
          "v": "ViktorVakareev/WorldBank-Core-Automation-Playwrite"
        },
        {
          "k": "repository_owner",
          "v": "ViktorVakareev"
        },
        {
          "k": "repository_owner_id",
          "v": "79919124"
        },
        {
          "k": "repositoryUrl",
          "v": "git://github.com/ViktorVakareev/WorldBank-Core-Automation-Playwrite.git"
        },
        {
          "k": "run_id",
          "v": "27208817433"
        },
        {
          "k": "run_number",
          "v": "6"
        },
        {
          "k": "retention_days",
          "v": "90"
        },
        {
          "k": "run_attempt",
          "v": "1"
        },
        {
          "k": "artifact_cache_size_limit",
          "v": "10"
        },
        {
          "k": "repository_visibility",
          "v": "public"
        },
        {
          "k": "actor_id",
          "v": "79919124"
        },
        {
          "k": "actor",
          "v": "ViktorVakareev"
        },
        {
          "k": "workflow",
          "v": "E2E Quality Gate"
        },
        {
          "k": "head_ref",
          "v": ""
        },
        {
          "k": "base_ref",
          "v": ""
        },
        {
          "k": "event_name",
          "v": "push"
        },
        {
          "k": "server_url",
          "v": "https://github.com"
        },
        {
          "k": "api_url",
          "v": "https://api.github.com"
        },
        {
          "k": "graphql_url",
          "v": "https://api.github.com/graphql"
        },
        {
          "k": "ref_name",
          "v": "main"
        },
        {
          "k": "ref_protected",
          "v": false
        },
        {
          "k": "ref_type",
          "v": "branch"
        },
        {
          "k": "secret_source",
          "v": "Actions"
        },
        {
          "k": "event",
          "v": {
            "t": 2,
            "d": [
              {
                "k": "after",
                "v": "15e23f30c7145f5f786afc1b94d54384d0324901"
              },
              {
                "k": "base_ref",
                "v": null
              },
              {
                "k": "before",
                "v": "b3d2c548bee4be5c43beaa8f4fb3498807141064"
              },
              {
                "k": "commits",
                "v": {
                  "t": 1,
                  "a": [
                    {
                      "t": 2,
                      "d": [
                        {
                          "k": "author",
                          "v": {
                            "t": 2,
                            "d": [
                              {
                                "k": "email",
                                "v": "79919124+ViktorVakareev@users.noreply.github.com"
                              },
                              {
                                "k": "name",
                                "v": "Victor Vakareev"
                              },
                              {
                                "k": "username",
                                "v": "ViktorVakareev"
                              }
                            ]
                          }
                        },
                        {
                          "k": "committer",
                          "v": {
                            "t": 2,
                            "d": [
                              {
                                "k": "email",
                                "v": "79919124+ViktorVakareev@users.noreply.github.com"
                              },
                              {
                                "k": "name",
                                "v": "Victor Vakareev"
                              },
                              {
                                "k": "username",
                                "v": "ViktorVakareev"
                              }
                            ]
                          }
                        },
                        {
                          "k": "distinct",
                          "v": true
                        },
                        {
                          "k": "id",
                          "v": "15e23f30c7145f5f786afc1b94d54384d0324901"
                        },
                        {
                          "k": "message",
                          "v": "github action setup"
                        },
                        {
                          "k": "timestamp",
                          "v": "2026-06-09T16:16:43+03:00"
                        },
                        {
                          "k": "tree_id",
                          "v": "0b3a8b04161fe137ae54b19c444dd5166a916ea9"
                        },
                        {
                          "k": "url",
                          "v": "https://github.com/ViktorVakareev/WorldBank-Core-Automation-Playwrite/commit/15e23f30c7145f5f786afc1b94d54384d0324901"
                        }
                      ]
                    }
                  ]
                }
              },
              {
                "k": "compare",
                "v": "https://github.com/ViktorVakareev/WorldBank-Core-Automation-Playwrite/compare/b3d2c548bee4...15e23f30c714"
              },
              {
                "k": "created",
                "v": false
              },
              {
                "k": "deleted",
                "v": false
              },
              {
                "k": "forced",
                "v": false
              },
              {
                "k": "head_commit",
                "v": {
                  "t": 2,
                  "d": [
                    {
                      "k": "author",
                      "v": {
                        "t": 2,
                        "d": [
                          {
                            "k": "email",
                            "v": "79919124+ViktorVakareev@users.noreply.github.com"
                          },
                          {
                            "k": "name",
                            "v": "Victor Vakareev"
                          },
                          {
                            "k": "username",
                            "v": "ViktorVakareev"
                          }
                        ]
                      }
                    },
                    {
                      "k": "committer",
                      "v": {
                        "t": 2,
                        "d": [
                          {
                            "k": "email",
                            "v": "79919124+ViktorVakareev@users.noreply.github.com"
                          },
                          {
                            "k": "name",
                            "v": "Victor Vakareev"
                          },
                          {
                            "k": "username",
                            "v": "ViktorVakareev"
                          }
                        ]
                      }
                    },
                    {
                      "k": "distinct",
                      "v": true
                    },
                    {
                      "k": "id",
                      "v": "15e23f30c7145f5f786afc1b94d54384d0324901"
                    },
                    {
                      "k": "message",
                      "v": "github action setup"
                    },
                    {
                      "k": "timestamp",
                      "v": "2026-06-09T16:16:43+03:00"
                    },
                    {
                      "k": "tree_id",
                      "v": "0b3a8b04161fe137ae54b19c444dd5166a916ea9"
                    },
                    {
                      "k": "url",
                      "v": "https://github.com/ViktorVakareev/WorldBank-Core-Automation-Playwrite/commit/15e23f30c7145f5f786afc1b94d54384d0324901"
                    }
                  ]
                }
              },
              {
                "k": "pusher",
                "v": {
                  "t": 2,
                  "d": [
                    {
                      "k": "email",
                      "v": "79919124+ViktorVakareev@users.noreply.github.com"
                    },
                    {
                      "k": "name",
                      "v": "ViktorVakareev"
                    }
                  ]
                }
              },
              {
                "k": "ref",
                "v": "refs/heads/main"
              },
              {
                "k": "repository",
                "v": {
                  "t": 2,
                  "d": [
                    {
                      "k": "allow_forking",
                      "v": true
                    },
                    {
                      "k": "archive_url",
                      "v": "https://api.github.com/repos/ViktorVakareev/WorldBank-Core-Automation-Playwrite/{archive_format}{/ref}"
                    },
                    {
                      "k": "archived",
                      "v": false
                    },
                    {
                      "k": "assignees_url",
                      "v": "https://api.github.com/repos/ViktorVakareev/WorldBank-Core-Automation-Playwrite/assignees{/user}"
                    },
                    {
                      "k": "blobs_url",
                      "v": "https://api.github.com/repos/ViktorVakareev/WorldBank-Core-Automation-Playwrite/git/blobs{/sha}"
                    },
                    {
                      "k": "branches_url",
                      "v": "https://api.github.com/repos/ViktorVakareev/WorldBank-Core-Automation-Playwrite/branches{/branch}"
                    },
                    {
                      "k": "clone_url",
                      "v": "https://github.com/ViktorVakareev/WorldBank-Core-Automation-Playwrite.git"
                    },
                    {
                      "k": "collaborators_url",
                      "v": "https://api.github.com/repos/ViktorVakareev/WorldBank-Core-Automation-Playwrite/collaborators{/collaborator}"
                    },
                    {
                      "k": "comments_url",
                      "v": "https://api.github.com/repos/ViktorVakareev/WorldBank-Core-Automation-Playwrite/comments{/number}"
                    },
                    {
                      "k": "commits_url",
                      "v": "https://api.github.com/repos/ViktorVakareev/WorldBank-Core-Automation-Playwrite/commits{/sha}"
                    },
                    {
                      "k": "compare_url",
                      "v": "https://api.github.com/repos/ViktorVakareev/WorldBank-Core-Automation-Playwrite/compare/{base}...{head}"
                    },
                    {
                      "k": "contents_url",
                      "v": "https://api.github.com/repos/ViktorVakareev/WorldBank-Core-Automation-Playwrite/contents/{+path}"
                    },
                    {
                      "k": "contributors_url",
                      "v": "https://api.github.com/repos/ViktorVakareev/WorldBank-Core-Automation-Playwrite/contributors"
                    },
                    {
                      "k": "created_at",
                      "v": 1779488756.0
                    },
                    {
                      "k": "default_branch",
                      "v": "main"
                    },
                    {
                      "k": "deployments_url",
                      "v": "https://api.github.com/repos/ViktorVakareev/WorldBank-Core-Automation-Playwrite/deployments"
                    },
                    {
                      "k": "description",
                      "v": null
                    },
                    {
                      "k": "disabled",
                      "v": false
                    },
                    {
                      "k": "downloads_url",
                      "v": "https://api.github.com/repos/ViktorVakareev/WorldBank-Core-Automation-Playwrite/downloads"
                    },
                    {
                      "k": "events_url",
                      "v": "https://api.github.com/repos/ViktorVakareev/WorldBank-Core-Automation-Playwrite/events"
                    },
                    {
                      "k": "fork",
                      "v": false
                    },
                    {
                      "k": "forks",
                      "v": 0.0
                    },
                    {
                      "k": "forks_count",
                      "v": 0.0
                    },
                    {
                      "k": "forks_url",
                      "v": "https://api.github.com/repos/ViktorVakareev/WorldBank-Core-Automation-Playwrite/forks"
                    },
                    {
                      "k": "full_name",
                      "v": "ViktorVakareev/WorldBank-Core-Automation-Playwrite"
                    },
                    {
                      "k": "git_commits_url",
                      "v": "https://api.github.com/repos/ViktorVakareev/WorldBank-Core-Automation-Playwrite/git/commits{/sha}"
                    },
                    {
                      "k": "git_refs_url",
                      "v": "https://api.github.com/repos/ViktorVakareev/WorldBank-Core-Automation-Playwrite/git/refs{/sha}"
                    },
                    {
                      "k": "git_tags_url",
                      "v": "https://api.github.com/repos/ViktorVakareev/WorldBank-Core-Automation-Playwrite/git/tags{/sha}"
                    },
                    {
                      "k": "git_url",
                      "v": "git://github.com/ViktorVakareev/WorldBank-Core-Automation-Playwrite.git"
                    },
                    {
                      "k": "has_discussions",
                      "v": false
                    },
                    {
                      "k": "has_downloads",
                      "v": true
                    },
                    {
                      "k": "has_issues",
                      "v": true
                    },
                    {
                      "k": "has_pages",
                      "v": false
                    },
                    {
                      "k": "has_projects",
                      "v": true
                    },
                    {
                      "k": "has_pull_requests",
                      "v": true
                    },
                    {
                      "k": "has_wiki",
                      "v": true
                    },
                    {
                      "k": "homepage",
                      "v": null
                    },
                    {
                      "k": "hooks_url",
                      "v": "https://api.github.com/repos/ViktorVakareev/WorldBank-Core-Automation-Playwrite/hooks"
                    },
                    {
                      "k": "html_url",
                      "v": "https://github.com/ViktorVakareev/WorldBank-Core-Automation-Playwrite"
                    },
                    {
                      "k": "id",
                      "v": 1247090621.0
                    },
                    {
                      "k": "is_template",
                      "v": false
                    },
                    {
                      "k": "issue_comment_url",
                      "v": "https://api.github.com/repos/ViktorVakareev/WorldBank-Core-Automation-Playwrite/issues/comments{/number}"
                    },
                    {
                      "k": "issue_events_url",
                      "v": "https://api.github.com/repos/ViktorVakareev/WorldBank-Core-Automation-Playwrite/issues/events{/number}"
                    },
                    {
                      "k": "issues_url",
                      "v": "https://api.github.com/repos/ViktorVakareev/WorldBank-Core-Automation-Playwrite/issues{/number}"
                    },
                    {
                      "k": "keys_url",
                      "v": "https://api.github.com/repos/ViktorVakareev/WorldBank-Core-Automation-Playwrite/keys{/key_id}"
                    },
                    {
                      "k": "labels_url",
                      "v": "https://api.github.com/repos/ViktorVakareev/WorldBank-Core-Automation-Playwrite/labels{/name}"
                    },
                    {
                      "k": "language",
                      "v": "C#"
                    },
                    {
                      "k": "languages_url",
                      "v": "https://api.github.com/repos/ViktorVakareev/WorldBank-Core-Automation-Playwrite/languages"
                    },
                    {
                      "k": "license",
                      "v": null
                    },
                    {
                      "k": "master_branch",
                      "v": "main"
                    },
                    {
                      "k": "merges_url",
                      "v": "https://api.github.com/repos/ViktorVakareev/WorldBank-Core-Automation-Playwrite/merges"
                    },
                    {
                      "k": "milestones_url",
                      "v": "https://api.github.com/repos/ViktorVakareev/WorldBank-Core-Automation-Playwrite/milestones{/number}"
                    },
                    {
                      "k": "mirror_url",
                      "v": null
                    },
                    {
                      "k": "name",
                      "v": "WorldBank-Core-Automation-Playwrite"
                    },
                    {
                      "k": "node_id",
                      "v": "R_kgDOSlUXvQ"
                    },
                    {
                      "k": "notifications_url",
                      "v": "https://api.github.com/repos/ViktorVakareev/WorldBank-Core-Automation-Playwrite/notifications{?since,all,participating}"
                    },
                    {
                      "k": "open_issues",
                      "v": 0.0
                    },
                    {
                      "k": "open_issues_count",
                      "v": 0.0
                    },
                    {
                      "k": "owner",
                      "v": {
                        "t": 2,
                        "d": [
                          {
                            "k": "avatar_url",
                            "v": "https://avatars.githubusercontent.com/u/79919124?v=4"
                          },
                          {
                            "k": "email",
                            "v": "79919124+ViktorVakareev@users.noreply.github.com"
                          },
                          {
                            "k": "events_url",
                            "v": "https://api.github.com/users/ViktorVakareev/events{/privacy}"
                          },
                          {
                            "k": "followers_url",
                            "v": "https://api.github.com/users/ViktorVakareev/followers"
                          },
                          {
                            "k": "following_url",
                            "v": "https://api.github.com/users/ViktorVakareev/following{/other_user}"
                          },
                          {
                            "k": "gists_url",
                            "v": "https://api.github.com/users/ViktorVakareev/gists{/gist_id}"
                          },
                          {
                            "k": "gravatar_id",
                            "v": ""
                          },
                          {
                            "k": "html_url",
                            "v": "https://github.com/ViktorVakareev"
                          },
                          {
                            "k": "id",
                            "v": 79919124.0
                          },
                          {
                            "k": "login",
                            "v": "ViktorVakareev"
                          },
                          {
                            "k": "name",
                            "v": "ViktorVakareev"
                          },
                          {
                            "k": "node_id",
                            "v": "MDQ6VXNlcjc5OTE5MTI0"
                          },
                          {
                            "k": "organizations_url",
                            "v": "https://api.github.com/users/ViktorVakareev/orgs"
                          },
                          {
                            "k": "received_events_url",
                            "v": "https://api.github.com/users/ViktorVakareev/received_events"
                          },
                          {
                            "k": "repos_url",
                            "v": "https://api.github.com/users/ViktorVakareev/repos"
                          },
                          {
                            "k": "site_admin",
                            "v": false
                          },
                          {
                            "k": "starred_url",
                            "v": "https://api.github.com/users/ViktorVakareev/starred{/owner}{/repo}"
                          },
                          {
                            "k": "subscriptions_url",
                            "v": "https://api.github.com/users/ViktorVakareev/subscriptions"
                          },
                          {
                            "k": "type",
                            "v": "User"
                          },
                          {
                            "k": "url",
                            "v": "https://api.github.com/users/ViktorVakareev"
                          },
                          {
                            "k": "user_view_type",
                            "v": "public"
                          }
                        ]
                      }
                    },
                    {
                      "k": "private",
                      "v": false
                    },
                    {
                      "k": "pull_request_creation_policy",
                      "v": "all"
                    },
                    {
                      "k": "pulls_url",
                      "v": "https://api.github.com/repos/ViktorVakareev/WorldBank-Core-Automation-Playwrite/pulls{/number}"
                    },
                    {
                      "k": "pushed_at",
                      "v": 1781011019.0
                    },
                    {
                      "k": "releases_url",
                      "v": "https://api.github.com/repos/ViktorVakareev/WorldBank-Core-Automation-Playwrite/releases{/id}"
                    },
                    {
                      "k": "size",
                      "v": 32.0
                    },
                    {
                      "k": "ssh_url",
                      "v": "git@github.com:ViktorVakareev/WorldBank-Core-Automation-Playwrite.git"
                    },
                    {
                      "k": "stargazers",
                      "v": 0.0
                    },
                    {
                      "k": "stargazers_count",
                      "v": 0.0
                    },
                    {
                      "k": "stargazers_url",
                      "v": "https://api.github.com/repos/ViktorVakareev/WorldBank-Core-Automation-Playwrite/stargazers"
                    },
                    {
                      "k": "statuses_url",
                      "v": "https://api.github.com/repos/ViktorVakareev/WorldBank-Core-Automation-Playwrite/statuses/{sha}"
                    },
                    {
                      "k": "subscribers_url",
                      "v": "https://api.github.com/repos/ViktorVakareev/WorldBank-Core-Automation-Playwrite/subscribers"
                    },
                    {
                      "k": "subscription_url",
                      "v": "https://api.github.com/repos/ViktorVakareev/WorldBank-Core-Automation-Playwrite/subscription"
                    },
                    {
                      "k": "svn_url",
                      "v": "https://github.com/ViktorVakareev/WorldBank-Core-Automation-Playwrite"
                    },
                    {
                      "k": "tags_url",
                      "v": "https://api.github.com/repos/ViktorVakareev/WorldBank-Core-Automation-Playwrite/tags"
                    },
                    {
                      "k": "teams_url",
                      "v": "https://api.github.com/repos/ViktorVakareev/WorldBank-Core-Automation-Playwrite/teams"
                    },
                    {
                      "k": "topics",
                      "v": {
                        "t": 1
                      }
                    },
                    {
                      "k": "trees_url",
                      "v": "https://api.github.com/repos/ViktorVakareev/WorldBank-Core-Automation-Playwrite/git/trees{/sha}"
                    },
                    {
                      "k": "updated_at",
                      "v": "2026-06-09T12:50:23Z"
                    },
                    {
                      "k": "url",
                      "v": "https://api.github.com/repos/ViktorVakareev/WorldBank-Core-Automation-Playwrite"
                    },
                    {
                      "k": "visibility",
                      "v": "public"
                    },
                    {
                      "k": "watchers",
                      "v": 0.0
                    },
                    {
                      "k": "watchers_count",
                      "v": 0.0
                    },
                    {
                      "k": "web_commit_signoff_required",
                      "v": false
                    }
                  ]
                }
              },
              {
                "k": "sender",
                "v": {
                  "t": 2,
                  "d": [
                    {
                      "k": "avatar_url",
                      "v": "https://avatars.githubusercontent.com/u/79919124?v=4"
                    },
                    {
                      "k": "events_url",
                      "v": "https://api.github.com/users/ViktorVakareev/events{/privacy}"
                    },
                    {
                      "k": "followers_url",
                      "v": "https://api.github.com/users/ViktorVakareev/followers"
                    },
                    {
                      "k": "following_url",
                      "v": "https://api.github.com/users/ViktorVakareev/following{/other_user}"
                    },
                    {
                      "k": "gists_url",
                      "v": "https://api.github.com/users/ViktorVakareev/gists{/gist_id}"
                    },
                    {
                      "k": "gravatar_id",
                      "v": ""
                    },
                    {
                      "k": "html_url",
                      "v": "https://github.com/ViktorVakareev"
                    },
                    {
                      "k": "id",
                      "v": 79919124.0
                    },
                    {
                      "k": "login",
                      "v": "ViktorVakareev"
                    },
                    {
                      "k": "node_id",
                      "v": "MDQ6VXNlcjc5OTE5MTI0"
                    },
                    {
                      "k": "organizations_url",
                      "v": "https://api.github.com/users/ViktorVakareev/orgs"
                    },
                    {
                      "k": "received_events_url",
                      "v": "https://api.github.com/users/ViktorVakareev/received_events"
                    },
                    {
                      "k": "repos_url",
                      "v": "https://api.github.com/users/ViktorVakareev/repos"
                    },
                    {
                      "k": "site_admin",
                      "v": false
                    },
                    {
                      "k": "starred_url",
                      "v": "https://api.github.com/users/ViktorVakareev/starred{/owner}{/repo}"
                    },
                    {
                      "k": "subscriptions_url",
                      "v": "https://api.github.com/users/ViktorVakareev/subscriptions"
                    },
                    {
                      "k": "type",
                      "v": "User"
                    },
                    {
                      "k": "url",
                      "v": "https://api.github.com/users/ViktorVakareev"
                    },
                    {
                      "k": "user_view_type",
                      "v": "public"
                    }
                  ]
                }
              }
            ]
          }
        },
        {
          "k": "workflow_ref",
          "v": "ViktorVakareev/WorldBank-Core-Automation-Playwrite/.github/workflows/playwright.yml@refs/heads/main"
        },
        {
          "k": "workflow_sha",
          "v": "15e23f30c7145f5f786afc1b94d54384d0324901"
        },
        {
          "k": "repository_id",
          "v": "1247090621"
        },
        {
          "k": "triggering_actor",
          "v": "ViktorVakareev"
        }
      ]
    },
    "inputs": {
      "t": 2
    },
    "job": {
      "t": 2,
      "d": [
        {
          "k": "check_run_id",
          "v": 80331854782.0
        },
        {
          "k": "workflow_ref",
          "v": "ViktorVakareev/WorldBank-Core-Automation-Playwrite/.github/workflows/playwright.yml@refs/heads/main"
        },
        {
          "k": "workflow_sha",
          "v": "15e23f30c7145f5f786afc1b94d54384d0324901"
        },
        {
          "k": "workflow_repository",
          "v": "ViktorVakareev/WorldBank-Core-Automation-Playwrite"
        },
        {
          "k": "workflow_file_path",
          "v": ".github/workflows/playwright.yml"
        }
      ]
    },
    "matrix": null,
    "needs": {
      "t": 2
    },
    "strategy": {
      "t": 2,
      "d": [
        {
          "k": "fail-fast",
          "v": true
        },
        {
          "k": "job-index",
          "v": 0.0
        },
        {
          "k": "job-total",
          "v": 1.0
        },
        {
          "k": "max-parallel",
          "v": 1.0
        }
      ]
    },
    "vars": {
      "t": 2
    }
  },
  "billingOwnerId": "U_kgDOBMN4FA"
}
[2026-06-09 13:17:06Z INFO JobRunner] Job ID dfceb768-ea3c-5a3d-93f5-04fc129f1131
[2026-06-09 13:17:06Z INFO ConfigurationStore] currentAssemblyLocation: C:\Users\vvaka\VisualStudio\repos\WorldBank.Automation.Solution\src\Automation.Framework\actions-runner\actions-runner-win-x64-2.334.0\bin\Runner.Worker.dll
[2026-06-09 13:17:06Z INFO HostContext] Well known directory 'Bin': 'C:\Users\vvaka\VisualStudio\repos\WorldBank.Automation.Solution\src\Automation.Framework\actions-runner\actions-runner-win-x64-2.334.0\bin'
[2026-06-09 13:17:06Z INFO ConfigurationStore] binPath: C:\Users\vvaka\VisualStudio\repos\WorldBank.Automation.Solution\src\Automation.Framework\actions-runner\actions-runner-win-x64-2.334.0\bin
[2026-06-09 13:17:06Z INFO HostContext] Well known directory 'Bin': 'C:\Users\vvaka\VisualStudio\repos\WorldBank.Automation.Solution\src\Automation.Framework\actions-runner\actions-runner-win-x64-2.334.0\bin'
[2026-06-09 13:17:06Z INFO HostContext] Well known directory 'Root': 'C:\Users\vvaka\VisualStudio\repos\WorldBank.Automation.Solution\src\Automation.Framework\actions-runner\actions-runner-win-x64-2.334.0'
[2026-06-09 13:17:06Z INFO ConfigurationStore] RootFolder: C:\Users\vvaka\VisualStudio\repos\WorldBank.Automation.Solution\src\Automation.Framework\actions-runner\actions-runner-win-x64-2.334.0
[2026-06-09 13:17:06Z INFO HostContext] Well known directory 'Bin': 'C:\Users\vvaka\VisualStudio\repos\WorldBank.Automation.Solution\src\Automation.Framework\actions-runner\actions-runner-win-x64-2.334.0\bin'
[2026-06-09 13:17:06Z INFO HostContext] Well known directory 'Root': 'C:\Users\vvaka\VisualStudio\repos\WorldBank.Automation.Solution\src\Automation.Framework\actions-runner\actions-runner-win-x64-2.334.0'
[2026-06-09 13:17:06Z INFO HostContext] Well known config file 'Runner': 'C:\Users\vvaka\VisualStudio\repos\WorldBank.Automation.Solution\src\Automation.Framework\actions-runner\actions-runner-win-x64-2.334.0\.runner'
[2026-06-09 13:17:06Z INFO ConfigurationStore] ConfigFilePath: C:\Users\vvaka\VisualStudio\repos\WorldBank.Automation.Solution\src\Automation.Framework\actions-runner\actions-runner-win-x64-2.334.0\.runner
[2026-06-09 13:17:06Z INFO HostContext] Well known directory 'Bin': 'C:\Users\vvaka\VisualStudio\repos\WorldBank.Automation.Solution\src\Automation.Framework\actions-runner\actions-runner-win-x64-2.334.0\bin'
[2026-06-09 13:17:06Z INFO HostContext] Well known directory 'Root': 'C:\Users\vvaka\VisualStudio\repos\WorldBank.Automation.Solution\src\Automation.Framework\actions-runner\actions-runner-win-x64-2.334.0'
[2026-06-09 13:17:06Z INFO HostContext] Well known config file 'MigratedRunner': 'C:\Users\vvaka\VisualStudio\repos\WorldBank.Automation.Solution\src\Automation.Framework\actions-runner\actions-runner-win-x64-2.334.0\.runner_migrated'
[2026-06-09 13:17:06Z INFO ConfigurationStore] MigratedConfigFilePath: C:\Users\vvaka\VisualStudio\repos\WorldBank.Automation.Solution\src\Automation.Framework\actions-runner\actions-runner-win-x64-2.334.0\.runner_migrated
[2026-06-09 13:17:06Z INFO HostContext] Well known directory 'Bin': 'C:\Users\vvaka\VisualStudio\repos\WorldBank.Automation.Solution\src\Automation.Framework\actions-runner\actions-runner-win-x64-2.334.0\bin'
[2026-06-09 13:17:06Z INFO HostContext] Well known directory 'Root': 'C:\Users\vvaka\VisualStudio\repos\WorldBank.Automation.Solution\src\Automation.Framework\actions-runner\actions-runner-win-x64-2.334.0'
[2026-06-09 13:17:06Z INFO HostContext] Well known config file 'Credentials': 'C:\Users\vvaka\VisualStudio\repos\WorldBank.Automation.Solution\src\Automation.Framework\actions-runner\actions-runner-win-x64-2.334.0\.credentials'
[2026-06-09 13:17:06Z INFO ConfigurationStore] CredFilePath: C:\Users\vvaka\VisualStudio\repos\WorldBank.Automation.Solution\src\Automation.Framework\actions-runner\actions-runner-win-x64-2.334.0\.credentials
[2026-06-09 13:17:06Z INFO HostContext] Well known directory 'Bin': 'C:\Users\vvaka\VisualStudio\repos\WorldBank.Automation.Solution\src\Automation.Framework\actions-runner\actions-runner-win-x64-2.334.0\bin'
[2026-06-09 13:17:06Z INFO HostContext] Well known directory 'Root': 'C:\Users\vvaka\VisualStudio\repos\WorldBank.Automation.Solution\src\Automation.Framework\actions-runner\actions-runner-win-x64-2.334.0'
[2026-06-09 13:17:06Z INFO HostContext] Well known config file 'MigratedCredentials': 'C:\Users\vvaka\VisualStudio\repos\WorldBank.Automation.Solution\src\Automation.Framework\actions-runner\actions-runner-win-x64-2.334.0\.credentials_migrated'
[2026-06-09 13:17:06Z INFO ConfigurationStore] MigratedCredFilePath: C:\Users\vvaka\VisualStudio\repos\WorldBank.Automation.Solution\src\Automation.Framework\actions-runner\actions-runner-win-x64-2.334.0\.credentials_migrated
[2026-06-09 13:17:06Z INFO HostContext] Well known directory 'Bin': 'C:\Users\vvaka\VisualStudio\repos\WorldBank.Automation.Solution\src\Automation.Framework\actions-runner\actions-runner-win-x64-2.334.0\bin'
[2026-06-09 13:17:06Z INFO HostContext] Well known directory 'Root': 'C:\Users\vvaka\VisualStudio\repos\WorldBank.Automation.Solution\src\Automation.Framework\actions-runner\actions-runner-win-x64-2.334.0'
[2026-06-09 13:17:06Z INFO HostContext] Well known config file 'Service': 'C:\Users\vvaka\VisualStudio\repos\WorldBank.Automation.Solution\src\Automation.Framework\actions-runner\actions-runner-win-x64-2.334.0\.service'
[2026-06-09 13:17:06Z INFO ConfigurationStore] ServiceConfigFilePath: C:\Users\vvaka\VisualStudio\repos\WorldBank.Automation.Solution\src\Automation.Framework\actions-runner\actions-runner-win-x64-2.334.0\.service
[2026-06-09 13:17:06Z INFO ConfigurationStore] Read setting file: 425 chars
[2026-06-09 13:17:06Z INFO JobRunner] Initializing launch client
[2026-06-09 13:17:06Z INFO JobServerQueue] Initializing results client
[2026-06-09 13:17:06Z INFO ResultServer] Creating websocket client ...wss://results-receiver.actions.githubusercontent.com/_ws/ingest.sock
[2026-06-09 13:17:06Z INFO ResultServer] Attempting to start websocket client with delay 00:00:00.
[2026-06-09 13:17:06Z INFO JobServerQueue] Start process web console line queue.
[2026-06-09 13:17:06Z INFO JobServerQueue] Start process file upload queue.
[2026-06-09 13:17:06Z INFO JobServerQueue] Start results file upload queue.
[2026-06-09 13:17:06Z INFO JobServerQueue] Starting results-based upload queue...
[2026-06-09 13:17:06Z INFO JobServerQueue] Start process timeline update queue.
[2026-06-09 13:17:06Z INFO ExecutionContext] Initializing Job context
[2026-06-09 13:17:06Z INFO ExecutionContext] Initialize GitHub context
[2026-06-09 13:17:06Z INFO ExecutionContext] Initialize Env context
[2026-06-09 13:17:06Z INFO HostContext] Well known directory 'Bin': 'C:\Users\vvaka\VisualStudio\repos\WorldBank.Automation.Solution\src\Automation.Framework\actions-runner\actions-runner-win-x64-2.334.0\bin'
[2026-06-09 13:17:06Z INFO HostContext] Well known directory 'Root': 'C:\Users\vvaka\VisualStudio\repos\WorldBank.Automation.Solution\src\Automation.Framework\actions-runner\actions-runner-win-x64-2.334.0'
[2026-06-09 13:17:06Z INFO HostContext] Well known directory 'Diag': 'C:\Users\vvaka\VisualStudio\repos\WorldBank.Automation.Solution\src\Automation.Framework\actions-runner\actions-runner-win-x64-2.334.0\_diag'
[2026-06-09 13:17:06Z INFO HostContext] Well known directory 'Bin': 'C:\Users\vvaka\VisualStudio\repos\WorldBank.Automation.Solution\src\Automation.Framework\actions-runner\actions-runner-win-x64-2.334.0\bin'
[2026-06-09 13:17:06Z INFO HostContext] Well known directory 'Root': 'C:\Users\vvaka\VisualStudio\repos\WorldBank.Automation.Solution\src\Automation.Framework\actions-runner\actions-runner-win-x64-2.334.0'
[2026-06-09 13:17:06Z INFO HostContext] Well known directory 'Diag': 'C:\Users\vvaka\VisualStudio\repos\WorldBank.Automation.Solution\src\Automation.Framework\actions-runner\actions-runner-win-x64-2.334.0\_diag'
[2026-06-09 13:17:06Z INFO JobRunner] Starting the job execution context.
[2026-06-09 13:17:06Z INFO HostContext] Well known directory 'Bin': 'C:\Users\vvaka\VisualStudio\repos\WorldBank.Automation.Solution\src\Automation.Framework\actions-runner\actions-runner-win-x64-2.334.0\bin'
[2026-06-09 13:17:06Z INFO HostContext] Well known directory 'Root': 'C:\Users\vvaka\VisualStudio\repos\WorldBank.Automation.Solution\src\Automation.Framework\actions-runner\actions-runner-win-x64-2.334.0'
[2026-06-09 13:17:06Z INFO HostContext] Well known directory 'Work': 'C:\Users\vvaka\VisualStudio\repos\WorldBank.Automation.Solution\src\Automation.Framework\actions-runner\actions-runner-win-x64-2.334.0\_work'
[2026-06-09 13:17:06Z INFO JobRunner] Validating directory permissions for: 'C:\Users\vvaka\VisualStudio\repos\WorldBank.Automation.Solution\src\Automation.Framework\actions-runner\actions-runner-win-x64-2.334.0\_work'
[2026-06-09 13:17:06Z INFO HostContext] Well known directory 'Bin': 'C:\Users\vvaka\VisualStudio\repos\WorldBank.Automation.Solution\src\Automation.Framework\actions-runner\actions-runner-win-x64-2.334.0\bin'
[2026-06-09 13:17:06Z INFO HostContext] Well known directory 'Root': 'C:\Users\vvaka\VisualStudio\repos\WorldBank.Automation.Solution\src\Automation.Framework\actions-runner\actions-runner-win-x64-2.334.0'
[2026-06-09 13:17:06Z INFO HostContext] Well known directory 'Work': 'C:\Users\vvaka\VisualStudio\repos\WorldBank.Automation.Solution\src\Automation.Framework\actions-runner\actions-runner-win-x64-2.334.0\_work'
[2026-06-09 13:17:06Z INFO HostContext] Well known directory 'Tools': 'C:\Users\vvaka\VisualStudio\repos\WorldBank.Automation.Solution\src\Automation.Framework\actions-runner\actions-runner-win-x64-2.334.0\_work\_tool'
[2026-06-09 13:17:06Z INFO HostContext] Well known directory 'Bin': 'C:\Users\vvaka\VisualStudio\repos\WorldBank.Automation.Solution\src\Automation.Framework\actions-runner\actions-runner-win-x64-2.334.0\bin'
[2026-06-09 13:17:06Z INFO HostContext] Well known directory 'Root': 'C:\Users\vvaka\VisualStudio\repos\WorldBank.Automation.Solution\src\Automation.Framework\actions-runner\actions-runner-win-x64-2.334.0'
[2026-06-09 13:17:06Z INFO HostContext] Well known directory 'Work': 'C:\Users\vvaka\VisualStudio\repos\WorldBank.Automation.Solution\src\Automation.Framework\actions-runner\actions-runner-win-x64-2.334.0\_work'
[2026-06-09 13:17:06Z INFO HostContext] Well known directory 'Temp': 'C:\Users\vvaka\VisualStudio\repos\WorldBank.Automation.Solution\src\Automation.Framework\actions-runner\actions-runner-win-x64-2.334.0\_work\_temp'
[2026-06-09 13:17:06Z INFO JobRunner] Getting job extension.
[2026-06-09 13:17:06Z INFO JobRunner] Initialize job. Getting all job steps.
[2026-06-09 13:17:06Z INFO HostContext] Well known directory 'Bin': 'C:\Users\vvaka\VisualStudio\repos\WorldBank.Automation.Solution\src\Automation.Framework\actions-runner\actions-runner-win-x64-2.334.0\bin'
[2026-06-09 13:17:06Z INFO HostContext] Well known directory 'Root': 'C:\Users\vvaka\VisualStudio\repos\WorldBank.Automation.Solution\src\Automation.Framework\actions-runner\actions-runner-win-x64-2.334.0'
[2026-06-09 13:17:06Z INFO HostContext] Well known directory 'Diag': 'C:\Users\vvaka\VisualStudio\repos\WorldBank.Automation.Solution\src\Automation.Framework\actions-runner\actions-runner-win-x64-2.334.0\_diag'
[2026-06-09 13:17:06Z INFO HostContext] Well known directory 'Bin': 'C:\Users\vvaka\VisualStudio\repos\WorldBank.Automation.Solution\src\Automation.Framework\actions-runner\actions-runner-win-x64-2.334.0\bin'
[2026-06-09 13:17:06Z INFO HostContext] Well known directory 'Root': 'C:\Users\vvaka\VisualStudio\repos\WorldBank.Automation.Solution\src\Automation.Framework\actions-runner\actions-runner-win-x64-2.334.0'
[2026-06-09 13:17:06Z INFO HostContext] Well known directory 'Diag': 'C:\Users\vvaka\VisualStudio\repos\WorldBank.Automation.Solution\src\Automation.Framework\actions-runner\actions-runner-win-x64-2.334.0\_diag'
[2026-06-09 13:17:06Z INFO HostContext] Well known directory 'Bin': 'C:\Users\vvaka\VisualStudio\repos\WorldBank.Automation.Solution\src\Automation.Framework\actions-runner\actions-runner-win-x64-2.334.0\bin'
[2026-06-09 13:17:06Z INFO HostContext] Well known directory 'Root': 'C:\Users\vvaka\VisualStudio\repos\WorldBank.Automation.Solution\src\Automation.Framework\actions-runner\actions-runner-win-x64-2.334.0'
[2026-06-09 13:17:06Z INFO HostContext] Well known config file 'Credentials': 'C:\Users\vvaka\VisualStudio\repos\WorldBank.Automation.Solution\src\Automation.Framework\actions-runner\actions-runner-win-x64-2.334.0\.credentials'
[2026-06-09 13:17:06Z INFO HostContext] Well known directory 'Bin': 'C:\Users\vvaka\VisualStudio\repos\WorldBank.Automation.Solution\src\Automation.Framework\actions-runner\actions-runner-win-x64-2.334.0\bin'
[2026-06-09 13:17:06Z INFO HostContext] Well known directory 'Root': 'C:\Users\vvaka\VisualStudio\repos\WorldBank.Automation.Solution\src\Automation.Framework\actions-runner\actions-runner-win-x64-2.334.0'
[2026-06-09 13:17:06Z INFO HostContext] Well known config file 'SetupInfo': 'C:\Users\vvaka\VisualStudio\repos\WorldBank.Automation.Solution\src\Automation.Framework\actions-runner\actions-runner-win-x64-2.334.0\.setup_info'
[2026-06-09 13:17:06Z INFO HostContext] Well known directory 'Bin': 'C:\Users\vvaka\VisualStudio\repos\WorldBank.Automation.Solution\src\Automation.Framework\actions-runner\actions-runner-win-x64-2.334.0\bin'
[2026-06-09 13:17:06Z INFO HostContext] Well known directory 'Root': 'C:\Users\vvaka\VisualStudio\repos\WorldBank.Automation.Solution\src\Automation.Framework\actions-runner\actions-runner-win-x64-2.334.0'
[2026-06-09 13:17:06Z INFO HostContext] Well known directory 'Work': 'C:\Users\vvaka\VisualStudio\repos\WorldBank.Automation.Solution\src\Automation.Framework\actions-runner\actions-runner-win-x64-2.334.0\_work'
[2026-06-09 13:17:06Z INFO PipelineDirectoryManager] Loading tracking config if exists: C:\Users\vvaka\VisualStudio\repos\WorldBank.Automation.Solution\src\Automation.Framework\actions-runner\actions-runner-win-x64-2.334.0\_work\_PipelineMapping\ViktorVakareev/WorldBank-Core-Automation-Playwrite\PipelineFolder.json
[2026-06-09 13:17:06Z INFO PipelineDirectoryManager] Updating job run properties.
[2026-06-09 13:17:06Z INFO HostContext] Well known directory 'Bin': 'C:\Users\vvaka\VisualStudio\repos\WorldBank.Automation.Solution\src\Automation.Framework\actions-runner\actions-runner-win-x64-2.334.0\bin'
[2026-06-09 13:17:06Z INFO HostContext] Well known directory 'Root': 'C:\Users\vvaka\VisualStudio\repos\WorldBank.Automation.Solution\src\Automation.Framework\actions-runner\actions-runner-win-x64-2.334.0'
[2026-06-09 13:17:06Z INFO HostContext] Well known directory 'Work': 'C:\Users\vvaka\VisualStudio\repos\WorldBank.Automation.Solution\src\Automation.Framework\actions-runner\actions-runner-win-x64-2.334.0\_work'
[2026-06-09 13:17:06Z INFO HostContext] Well known directory 'Bin': 'C:\Users\vvaka\VisualStudio\repos\WorldBank.Automation.Solution\src\Automation.Framework\actions-runner\actions-runner-win-x64-2.334.0\bin'
[2026-06-09 13:17:06Z INFO HostContext] Well known directory 'Root': 'C:\Users\vvaka\VisualStudio\repos\WorldBank.Automation.Solution\src\Automation.Framework\actions-runner\actions-runner-win-x64-2.334.0'
[2026-06-09 13:17:06Z INFO HostContext] Well known directory 'Work': 'C:\Users\vvaka\VisualStudio\repos\WorldBank.Automation.Solution\src\Automation.Framework\actions-runner\actions-runner-win-x64-2.334.0\_work'
[2026-06-09 13:17:06Z INFO HostContext] Well known directory 'Bin': 'C:\Users\vvaka\VisualStudio\repos\WorldBank.Automation.Solution\src\Automation.Framework\actions-runner\actions-runner-win-x64-2.334.0\bin'
[2026-06-09 13:17:06Z INFO HostContext] Well known directory 'Root': 'C:\Users\vvaka\VisualStudio\repos\WorldBank.Automation.Solution\src\Automation.Framework\actions-runner\actions-runner-win-x64-2.334.0'
[2026-06-09 13:17:06Z INFO HostContext] Well known directory 'Work': 'C:\Users\vvaka\VisualStudio\repos\WorldBank.Automation.Solution\src\Automation.Framework\actions-runner\actions-runner-win-x64-2.334.0\_work'
[2026-06-09 13:17:06Z INFO JobExtension] Downloading actions
[2026-06-09 13:17:06Z INFO HostContext] Well known directory 'Bin': 'C:\Users\vvaka\VisualStudio\repos\WorldBank.Automation.Solution\src\Automation.Framework\actions-runner\actions-runner-win-x64-2.334.0\bin'
[2026-06-09 13:17:06Z INFO HostContext] Well known directory 'Root': 'C:\Users\vvaka\VisualStudio\repos\WorldBank.Automation.Solution\src\Automation.Framework\actions-runner\actions-runner-win-x64-2.334.0'
[2026-06-09 13:17:06Z INFO HostContext] Well known directory 'Work': 'C:\Users\vvaka\VisualStudio\repos\WorldBank.Automation.Solution\src\Automation.Framework\actions-runner\actions-runner-win-x64-2.334.0\_work'
[2026-06-09 13:17:06Z INFO HostContext] Well known directory 'Actions': 'C:\Users\vvaka\VisualStudio\repos\WorldBank.Automation.Solution\src\Automation.Framework\actions-runner\actions-runner-win-x64-2.334.0\_work\_actions'
[2026-06-09 13:17:06Z INFO Worker] Listening for cancel message from the channel.
[2026-06-09 13:17:06Z INFO Worker] Waiting for the job to complete or for a cancel message from the channel.
[2026-06-09 13:17:07Z INFO ResultServer] Successfully started websocket client.
[2026-06-09 13:17:07Z INFO JobServerQueue] Try to append 1 batches web console lines for record 'e7bd8085-cc5f-437a-b969-5ada1d64f02b', success rate: 1/1.
[2026-06-09 13:17:07Z INFO JobServerQueue] Job timeline record has been updated for the first time.
[2026-06-09 13:17:07Z INFO HostContext] Well known directory 'Bin': 'C:\Users\vvaka\VisualStudio\repos\WorldBank.Automation.Solution\src\Automation.Framework\actions-runner\actions-runner-win-x64-2.334.0\bin'
[2026-06-09 13:17:07Z INFO HostContext] Well known directory 'Root': 'C:\Users\vvaka\VisualStudio\repos\WorldBank.Automation.Solution\src\Automation.Framework\actions-runner\actions-runner-win-x64-2.334.0'
[2026-06-09 13:17:07Z INFO HostContext] Well known directory 'Work': 'C:\Users\vvaka\VisualStudio\repos\WorldBank.Automation.Solution\src\Automation.Framework\actions-runner\actions-runner-win-x64-2.334.0\_work'
[2026-06-09 13:17:07Z INFO HostContext] Well known directory 'Actions': 'C:\Users\vvaka\VisualStudio\repos\WorldBank.Automation.Solution\src\Automation.Framework\actions-runner\actions-runner-win-x64-2.334.0\_work\_actions'
[2026-06-09 13:17:07Z INFO HostContext] Well known directory 'Bin': 'C:\Users\vvaka\VisualStudio\repos\WorldBank.Automation.Solution\src\Automation.Framework\actions-runner\actions-runner-win-x64-2.334.0\bin'
[2026-06-09 13:17:07Z INFO HostContext] Well known directory 'Root': 'C:\Users\vvaka\VisualStudio\repos\WorldBank.Automation.Solution\src\Automation.Framework\actions-runner\actions-runner-win-x64-2.334.0'
[2026-06-09 13:17:07Z INFO HostContext] Well known directory 'Work': 'C:\Users\vvaka\VisualStudio\repos\WorldBank.Automation.Solution\src\Automation.Framework\actions-runner\actions-runner-win-x64-2.334.0\_work'
[2026-06-09 13:17:07Z INFO HostContext] Well known directory 'Actions': 'C:\Users\vvaka\VisualStudio\repos\WorldBank.Automation.Solution\src\Automation.Framework\actions-runner\actions-runner-win-x64-2.334.0\_work\_actions'
[2026-06-09 13:17:07Z INFO ActionManager] Save archive 'https://codeload.github.com/actions/checkout/zip/34e114876b0b11c390a56381ad16ebd13914f8d5' into C:\Users\vvaka\VisualStudio\repos\WorldBank.Automation.Solution\src\Automation.Framework\actions-runner\actions-runner-win-x64-2.334.0\_work\_actions\_temp_612bb436-030b-4553-b094-0ff09763ce25\e53dd4be-2274-4c0e-8b6a-f00efcb29fe0.zip.
[2026-06-09 13:17:07Z INFO ActionManager] Using Basic token for action archive download.
[2026-06-09 13:17:07Z INFO JobServerQueue] Try to append 1 batches web console lines for record 'e7bd8085-cc5f-437a-b969-5ada1d64f02b', success rate: 1/1.
[2026-06-09 13:17:08Z INFO ActionManager] Request URL: https://codeload.github.com/actions/checkout/zip/34e114876b0b11c390a56381ad16ebd13914f8d5 X-GitHub-Request-Id: 6233:218EE0:67E5A:708EE:6A281253 Http Status: OK
[2026-06-09 13:17:09Z INFO ActionManager] Finished getting action repository.
[2026-06-09 13:17:10Z INFO HostContext] Well known directory 'Bin': 'C:\Users\vvaka\VisualStudio\repos\WorldBank.Automation.Solution\src\Automation.Framework\actions-runner\actions-runner-win-x64-2.334.0\bin'
[2026-06-09 13:17:10Z INFO HostContext] Well known directory 'Root': 'C:\Users\vvaka\VisualStudio\repos\WorldBank.Automation.Solution\src\Automation.Framework\actions-runner\actions-runner-win-x64-2.334.0'
[2026-06-09 13:17:10Z INFO HostContext] Well known directory 'Work': 'C:\Users\vvaka\VisualStudio\repos\WorldBank.Automation.Solution\src\Automation.Framework\actions-runner\actions-runner-win-x64-2.334.0\_work'
[2026-06-09 13:17:10Z INFO HostContext] Well known directory 'Actions': 'C:\Users\vvaka\VisualStudio\repos\WorldBank.Automation.Solution\src\Automation.Framework\actions-runner\actions-runner-win-x64-2.334.0\_work\_actions'
[2026-06-09 13:17:10Z INFO HostContext] Well known directory 'Bin': 'C:\Users\vvaka\VisualStudio\repos\WorldBank.Automation.Solution\src\Automation.Framework\actions-runner\actions-runner-win-x64-2.334.0\bin'
[2026-06-09 13:17:10Z INFO HostContext] Well known directory 'Root': 'C:\Users\vvaka\VisualStudio\repos\WorldBank.Automation.Solution\src\Automation.Framework\actions-runner\actions-runner-win-x64-2.334.0'
[2026-06-09 13:17:10Z INFO HostContext] Well known directory 'Work': 'C:\Users\vvaka\VisualStudio\repos\WorldBank.Automation.Solution\src\Automation.Framework\actions-runner\actions-runner-win-x64-2.334.0\_work'
[2026-06-09 13:17:10Z INFO HostContext] Well known directory 'Actions': 'C:\Users\vvaka\VisualStudio\repos\WorldBank.Automation.Solution\src\Automation.Framework\actions-runner\actions-runner-win-x64-2.334.0\_work\_actions'
[2026-06-09 13:17:10Z INFO ActionManager] Save archive 'https://codeload.github.com/actions/setup-dotnet/zip/67a3573c9a986a3f9c594539f4ab511d57bb3ce9' into C:\Users\vvaka\VisualStudio\repos\WorldBank.Automation.Solution\src\Automation.Framework\actions-runner\actions-runner-win-x64-2.334.0\_work\_actions\_temp_d0816af4-aebd-4a25-b10d-3173d8bf86dc\ce5ecc38-8e79-4f89-89b6-b268f4f4c62b.zip.
[2026-06-09 13:17:10Z INFO ActionManager] Using Basic token for action archive download.
[2026-06-09 13:17:10Z INFO JobServerQueue] Try to append 1 batches web console lines for record 'e7bd8085-cc5f-437a-b969-5ada1d64f02b', success rate: 1/1.
[2026-06-09 13:17:10Z INFO ActionManager] Request URL: https://codeload.github.com/actions/setup-dotnet/zip/67a3573c9a986a3f9c594539f4ab511d57bb3ce9 X-GitHub-Request-Id: CB04:108089:6A429:72EA7:6A281255 Http Status: OK
[2026-06-09 13:17:11Z INFO ActionManager] Finished getting action repository.
[2026-06-09 13:17:11Z INFO HostContext] Well known directory 'Bin': 'C:\Users\vvaka\VisualStudio\repos\WorldBank.Automation.Solution\src\Automation.Framework\actions-runner\actions-runner-win-x64-2.334.0\bin'
[2026-06-09 13:17:11Z INFO HostContext] Well known directory 'Root': 'C:\Users\vvaka\VisualStudio\repos\WorldBank.Automation.Solution\src\Automation.Framework\actions-runner\actions-runner-win-x64-2.334.0'
[2026-06-09 13:17:11Z INFO HostContext] Well known directory 'Work': 'C:\Users\vvaka\VisualStudio\repos\WorldBank.Automation.Solution\src\Automation.Framework\actions-runner\actions-runner-win-x64-2.334.0\_work'
[2026-06-09 13:17:11Z INFO HostContext] Well known directory 'Actions': 'C:\Users\vvaka\VisualStudio\repos\WorldBank.Automation.Solution\src\Automation.Framework\actions-runner\actions-runner-win-x64-2.334.0\_work\_actions'
[2026-06-09 13:17:11Z INFO HostContext] Well known directory 'Bin': 'C:\Users\vvaka\VisualStudio\repos\WorldBank.Automation.Solution\src\Automation.Framework\actions-runner\actions-runner-win-x64-2.334.0\bin'
[2026-06-09 13:17:11Z INFO HostContext] Well known directory 'Root': 'C:\Users\vvaka\VisualStudio\repos\WorldBank.Automation.Solution\src\Automation.Framework\actions-runner\actions-runner-win-x64-2.334.0'
[2026-06-09 13:17:11Z INFO HostContext] Well known directory 'Work': 'C:\Users\vvaka\VisualStudio\repos\WorldBank.Automation.Solution\src\Automation.Framework\actions-runner\actions-runner-win-x64-2.334.0\_work'
[2026-06-09 13:17:11Z INFO HostContext] Well known directory 'Actions': 'C:\Users\vvaka\VisualStudio\repos\WorldBank.Automation.Solution\src\Automation.Framework\actions-runner\actions-runner-win-x64-2.334.0\_work\_actions'
[2026-06-09 13:17:11Z INFO ActionManager] Save archive 'https://codeload.github.com/simple-elf/allure-report-action/zip/e463a472d3b1d750f9544369d60589ff1964c820' into C:\Users\vvaka\VisualStudio\repos\WorldBank.Automation.Solution\src\Automation.Framework\actions-runner\actions-runner-win-x64-2.334.0\_work\_actions\_temp_9c70e08c-f1ad-44ff-80b8-113233a1cc1e\b95863ef-aaa3-4833-9fb0-90e19410ced4.zip.
[2026-06-09 13:17:11Z INFO ActionManager] Using Basic token for action archive download.
[2026-06-09 13:17:12Z INFO JobServerQueue] Try to append 1 batches web console lines for record 'e7bd8085-cc5f-437a-b969-5ada1d64f02b', success rate: 1/1.
[2026-06-09 13:17:12Z INFO ActionManager] Request URL: https://codeload.github.com/simple-elf/allure-report-action/zip/e463a472d3b1d750f9544369d60589ff1964c820 X-GitHub-Request-Id: C204:224CA4:66BD7:6F606:6A281257 Http Status: OK
[2026-06-09 13:17:12Z INFO ActionManager] Finished getting action repository.
[2026-06-09 13:17:12Z INFO HostContext] Well known directory 'Bin': 'C:\Users\vvaka\VisualStudio\repos\WorldBank.Automation.Solution\src\Automation.Framework\actions-runner\actions-runner-win-x64-2.334.0\bin'
[2026-06-09 13:17:12Z INFO HostContext] Well known directory 'Root': 'C:\Users\vvaka\VisualStudio\repos\WorldBank.Automation.Solution\src\Automation.Framework\actions-runner\actions-runner-win-x64-2.334.0'
[2026-06-09 13:17:12Z INFO HostContext] Well known directory 'Work': 'C:\Users\vvaka\VisualStudio\repos\WorldBank.Automation.Solution\src\Automation.Framework\actions-runner\actions-runner-win-x64-2.334.0\_work'
[2026-06-09 13:17:12Z INFO HostContext] Well known directory 'Actions': 'C:\Users\vvaka\VisualStudio\repos\WorldBank.Automation.Solution\src\Automation.Framework\actions-runner\actions-runner-win-x64-2.334.0\_work\_actions'
[2026-06-09 13:17:12Z INFO HostContext] Well known directory 'Bin': 'C:\Users\vvaka\VisualStudio\repos\WorldBank.Automation.Solution\src\Automation.Framework\actions-runner\actions-runner-win-x64-2.334.0\bin'
[2026-06-09 13:17:12Z INFO HostContext] Well known directory 'Root': 'C:\Users\vvaka\VisualStudio\repos\WorldBank.Automation.Solution\src\Automation.Framework\actions-runner\actions-runner-win-x64-2.334.0'
[2026-06-09 13:17:12Z INFO HostContext] Well known directory 'Work': 'C:\Users\vvaka\VisualStudio\repos\WorldBank.Automation.Solution\src\Automation.Framework\actions-runner\actions-runner-win-x64-2.334.0\_work'
[2026-06-09 13:17:12Z INFO HostContext] Well known directory 'Actions': 'C:\Users\vvaka\VisualStudio\repos\WorldBank.Automation.Solution\src\Automation.Framework\actions-runner\actions-runner-win-x64-2.334.0\_work\_actions'
[2026-06-09 13:17:12Z INFO ActionManager] Save archive 'https://codeload.github.com/peaceiris/actions-gh-pages/zip/373f7f263a76c20808c831209c920827a82a2847' into C:\Users\vvaka\VisualStudio\repos\WorldBank.Automation.Solution\src\Automation.Framework\actions-runner\actions-runner-win-x64-2.334.0\_work\_actions\_temp_ec23a44c-44a2-447f-92d9-88240111da2f\3aafe561-ca06-4b14-b357-112261390a66.zip.
[2026-06-09 13:17:12Z INFO ActionManager] Using Basic token for action archive download.
[2026-06-09 13:17:12Z INFO JobServerQueue] Try to append 1 batches web console lines for record 'e7bd8085-cc5f-437a-b969-5ada1d64f02b', success rate: 1/1.
[2026-06-09 13:17:12Z INFO ActionManager] Request URL: https://codeload.github.com/peaceiris/actions-gh-pages/zip/373f7f263a76c20808c831209c920827a82a2847 X-GitHub-Request-Id: 0C56:21C433:665C1:6EFEC:6A281258 Http Status: OK
[2026-06-09 13:17:13Z INFO ActionManager] Finished getting action repository.
[2026-06-09 13:17:13Z INFO HostContext] Well known directory 'Bin': 'C:\Users\vvaka\VisualStudio\repos\WorldBank.Automation.Solution\src\Automation.Framework\actions-runner\actions-runner-win-x64-2.334.0\bin'
[2026-06-09 13:17:13Z INFO HostContext] Well known directory 'Root': 'C:\Users\vvaka\VisualStudio\repos\WorldBank.Automation.Solution\src\Automation.Framework\actions-runner\actions-runner-win-x64-2.334.0'
[2026-06-09 13:17:13Z INFO HostContext] Well known directory 'Work': 'C:\Users\vvaka\VisualStudio\repos\WorldBank.Automation.Solution\src\Automation.Framework\actions-runner\actions-runner-win-x64-2.334.0\_work'
[2026-06-09 13:17:13Z INFO HostContext] Well known directory 'Actions': 'C:\Users\vvaka\VisualStudio\repos\WorldBank.Automation.Solution\src\Automation.Framework\actions-runner\actions-runner-win-x64-2.334.0\_work\_actions'
[2026-06-09 13:17:13Z INFO HostContext] Well known directory 'Bin': 'C:\Users\vvaka\VisualStudio\repos\WorldBank.Automation.Solution\src\Automation.Framework\actions-runner\actions-runner-win-x64-2.334.0\bin'
[2026-06-09 13:17:13Z INFO HostContext] Well known directory 'Root': 'C:\Users\vvaka\VisualStudio\repos\WorldBank.Automation.Solution\src\Automation.Framework\actions-runner\actions-runner-win-x64-2.334.0'
[2026-06-09 13:17:13Z INFO HostContext] Well known directory 'Work': 'C:\Users\vvaka\VisualStudio\repos\WorldBank.Automation.Solution\src\Automation.Framework\actions-runner\actions-runner-win-x64-2.334.0\_work'
[2026-06-09 13:17:13Z INFO HostContext] Well known directory 'Actions': 'C:\Users\vvaka\VisualStudio\repos\WorldBank.Automation.Solution\src\Automation.Framework\actions-runner\actions-runner-win-x64-2.334.0\_work\_actions'
[2026-06-09 13:17:13Z INFO ActionManager] Save archive 'https://codeload.github.com/actions/upload-artifact/zip/ea165f8d65b6e75b540449e92b4886f43607fa02' into C:\Users\vvaka\VisualStudio\repos\WorldBank.Automation.Solution\src\Automation.Framework\actions-runner\actions-runner-win-x64-2.334.0\_work\_actions\_temp_9f826c30-5aec-4df8-bffe-b8e26700f7b9\8580f4d4-88c9-4f85-a7bd-db1bd27769ba.zip.
[2026-06-09 13:17:13Z INFO ActionManager] Using Basic token for action archive download.
[2026-06-09 13:17:13Z INFO JobServerQueue] Try to append 1 batches web console lines for record 'e7bd8085-cc5f-437a-b969-5ada1d64f02b', success rate: 1/1.
[2026-06-09 13:17:14Z INFO ActionManager] Request URL: https://codeload.github.com/actions/upload-artifact/zip/ea165f8d65b6e75b540449e92b4886f43607fa02 X-GitHub-Request-Id: 0C56:21C433:6664E:6F080:6A281259 Http Status: OK
[2026-06-09 13:17:15Z INFO ActionManager] Finished getting action repository.
[2026-06-09 13:17:15Z INFO HostContext] Well known directory 'Bin': 'C:\Users\vvaka\VisualStudio\repos\WorldBank.Automation.Solution\src\Automation.Framework\actions-runner\actions-runner-win-x64-2.334.0\bin'
[2026-06-09 13:17:15Z INFO HostContext] Well known directory 'Root': 'C:\Users\vvaka\VisualStudio\repos\WorldBank.Automation.Solution\src\Automation.Framework\actions-runner\actions-runner-win-x64-2.334.0'
[2026-06-09 13:17:15Z INFO HostContext] Well known directory 'Work': 'C:\Users\vvaka\VisualStudio\repos\WorldBank.Automation.Solution\src\Automation.Framework\actions-runner\actions-runner-win-x64-2.334.0\_work'
[2026-06-09 13:17:15Z INFO HostContext] Well known directory 'Actions': 'C:\Users\vvaka\VisualStudio\repos\WorldBank.Automation.Solution\src\Automation.Framework\actions-runner\actions-runner-win-x64-2.334.0\_work\_actions'
[2026-06-09 13:17:15Z INFO ActionManifestManagerLegacy] Load schema file with definitions: [
  "null",
  "boolean",
  "number",
  "string",
  "sequence",
  "mapping",
  "any",
  "action-root",
  "inputs",
  "input",
  "outputs",
  "output-definition",
  "runs",
  "container-runs",
  "container-runs-args",
  "container-runs-env",
  "node-runs",
  "plugin-runs",
  "composite-runs",
  "composite-steps",
  "composite-step",
  "run-step",
  "uses-step",
  "container-runs-context",
  "output-value",
  "input-default-context",
  "non-empty-string",
  "string-steps-context",
  "boolean-steps-context",
  "step-env",
  "step-if",
  "step-with"
]
[2026-06-09 13:17:15Z INFO ActionManifestManager] Load schema file with definitions: [
  "null",
  "boolean",
  "number",
  "string",
  "sequence",
  "mapping",
  "any",
  "action-root",
  "inputs",
  "input",
  "outputs",
  "output-definition",
  "runs",
  "container-runs",
  "container-runs-args",
  "container-runs-env",
  "node-runs",
  "plugin-runs",
  "composite-runs",
  "composite-steps",
  "composite-step",
  "run-step",
  "uses-step",
  "container-runs-context",
  "output-value",
  "input-default-context",
  "non-empty-string",
  "string-steps-context",
  "boolean-steps-context",
  "step-env",
  "step-if",
  "step-with"
]
[2026-06-09 13:17:15Z INFO HostContext] Well known directory 'Bin': 'C:\Users\vvaka\VisualStudio\repos\WorldBank.Automation.Solution\src\Automation.Framework\actions-runner\actions-runner-win-x64-2.334.0\bin'
[2026-06-09 13:17:15Z INFO HostContext] Well known directory 'Root': 'C:\Users\vvaka\VisualStudio\repos\WorldBank.Automation.Solution\src\Automation.Framework\actions-runner\actions-runner-win-x64-2.334.0'
[2026-06-09 13:17:15Z INFO HostContext] Well known directory 'Work': 'C:\Users\vvaka\VisualStudio\repos\WorldBank.Automation.Solution\src\Automation.Framework\actions-runner\actions-runner-win-x64-2.334.0\_work'
[2026-06-09 13:17:15Z INFO HostContext] Well known directory 'Actions': 'C:\Users\vvaka\VisualStudio\repos\WorldBank.Automation.Solution\src\Automation.Framework\actions-runner\actions-runner-win-x64-2.334.0\_work\_actions'
[2026-06-09 13:17:15Z INFO ActionManifestManagerLegacy] Loaded action.yml file: {
  "name": "Checkout",
  "description": "Checkout a Git repository at a particular version",
  "inputs": {
    "type": 2,
    "map": [
      {
        "key": {
          "type": 0,
          "file": 2,
          "line": 4,
          "col": 3,
          "lit": "repository"
        },
        "value": {
          "type": 3,
          "file": 2,
          "line": 6,
          "col": 14,
          "expr": "github.repository"
        }
      },
      {
        "key": {
          "type": 0,
          "file": 2,
          "line": 7,
          "col": 3,
          "lit": "ref"
        },
        "value": ""
      },
      {
        "key": {
          "type": 0,
          "file": 2,
          "line": 12,
          "col": 3,
          "lit": "token"
        },
        "value": {
          "type": 3,
          "file": 2,
          "line": 24,
          "col": 14,
          "expr": "github.token"
        }
      },
      {
        "key": {
          "type": 0,
          "file": 2,
          "line": 25,
          "col": 3,
          "lit": "ssh-key"
        },
        "value": ""
      },
      {
        "key": {
          "type": 0,
          "file": 2,
          "line": 37,
          "col": 3,
          "lit": "ssh-known-hosts"
        },
        "value": ""
      },
      {
        "key": {
          "type": 0,
          "file": 2,
          "line": 42,
          "col": 3,
          "lit": "ssh-strict"
        },
        "value": {
          "type": 0,
          "file": 2,
          "line": 47,
          "col": 14,
          "lit": "true"
        }
      },
      {
        "key": {
          "type": 0,
          "file": 2,
          "line": 48,
          "col": 3,
          "lit": "ssh-user"
        },
        "value": {
          "type": 0,
          "file": 2,
          "line": 51,
          "col": 14,
          "lit": "git"
        }
      },
      {
        "key": {
          "type": 0,
          "file": 2,
          "line": 52,
          "col": 3,
          "lit": "persist-credentials"
        },
        "value": {
          "type": 0,
          "file": 2,
          "line": 54,
          "col": 14,
          "lit": "true"
        }
      },
      {
        "key": {
          "type": 0,
          "file": 2,
          "line": 55,
          "col": 3,
          "lit": "path"
        },
        "value": ""
      },
      {
        "key": {
          "type": 0,
          "file": 2,
          "line": 57,
          "col": 3,
          "lit": "clean"
        },
        "value": {
          "type": 0,
          "file": 2,
          "line": 59,
          "col": 14,
          "lit": "true"
        }
      },
      {
        "key": {
          "type": 0,
          "file": 2,
          "line": 60,
          "col": 3,
          "lit": "filter"
        },
        "value": {
          "type": 0,
          "file": 2,
          "line": 64,
          "col": 14,
          "lit": ""
        }
      },
      {
        "key": {
          "type": 0,
          "file": 2,
          "line": 65,
          "col": 3,
          "lit": "sparse-checkout"
        },
        "value": {
          "type": 0,
          "file": 2,
          "line": 69,
          "col": 14,
          "lit": ""
        }
      },
      {
        "key": {
          "type": 0,
          "file": 2,
          "line": 70,
          "col": 3,
          "lit": "sparse-checkout-cone-mode"
        },
        "value": {
          "type": 0,
          "file": 2,
          "line": 73,
          "col": 14,
          "lit": "true"
        }
      },
      {
        "key": {
          "type": 0,
          "file": 2,
          "line": 74,
          "col": 3,
          "lit": "fetch-depth"
        },
        "value": {
          "type": 0,
          "file": 2,
          "line": 76,
          "col": 14,
          "lit": "1"
        }
      },
      {
        "key": {
          "type": 0,
          "file": 2,
          "line": 77,
          "col": 3,
          "lit": "fetch-tags"
        },
        "value": {
          "type": 0,
          "file": 2,
          "line": 79,
          "col": 14,
          "lit": "false"
        }
      },
      {
        "key": {
          "type": 0,
          "file": 2,
          "line": 80,
          "col": 3,
          "lit": "show-progress"
        },
        "value": {
          "type": 0,
          "file": 2,
          "line": 82,
          "col": 14,
          "lit": "true"
        }
      },
      {
        "key": {
          "type": 0,
          "file": 2,
          "line": 83,
          "col": 3,
          "lit": "lfs"
        },
        "value": {
          "type": 0,
          "file": 2,
          "line": 85,
          "col": 14,
          "lit": "false"
        }
      },
      {
        "key": {
          "type": 0,
          "file": 2,
          "line": 86,
          "col": 3,
          "lit": "submodules"
        },
        "value": {
          "type": 0,
          "file": 2,
          "line": 94,
          "col": 14,
          "lit": "false"
        }
      },
      {
        "key": {
          "type": 0,
          "file": 2,
          "line": 95,
          "col": 3,
          "lit": "set-safe-directory"
        },
        "value": {
          "type": 0,
          "file": 2,
          "line": 97,
          "col": 14,
          "lit": "true"
        }
      },
      {
        "key": {
          "type": 0,
          "file": 2,
          "line": 98,
          "col": 3,
          "lit": "github-server-url"
        },
        "value": ""
      }
    ]
  },
  "execution": {
    "executionType": "nodeJS",
    "hasPre": false,
    "hasPost": true,
    "script": "dist/index.js",
    "pre": null,
    "post": "dist/index.js",
    "nodeVersion": "node20",
    "cleanupCondition": "always()",
    "initCondition": "always()"
  },
  "deprecated": null
}
[2026-06-09 13:17:15Z INFO ActionManager] Action node.js file: dist/index.js, no more preparation.
[2026-06-09 13:17:15Z INFO HostContext] Well known directory 'Bin': 'C:\Users\vvaka\VisualStudio\repos\WorldBank.Automation.Solution\src\Automation.Framework\actions-runner\actions-runner-win-x64-2.334.0\bin'
[2026-06-09 13:17:15Z INFO HostContext] Well known directory 'Root': 'C:\Users\vvaka\VisualStudio\repos\WorldBank.Automation.Solution\src\Automation.Framework\actions-runner\actions-runner-win-x64-2.334.0'
[2026-06-09 13:17:15Z INFO HostContext] Well known directory 'Work': 'C:\Users\vvaka\VisualStudio\repos\WorldBank.Automation.Solution\src\Automation.Framework\actions-runner\actions-runner-win-x64-2.334.0\_work'
[2026-06-09 13:17:15Z INFO HostContext] Well known directory 'Actions': 'C:\Users\vvaka\VisualStudio\repos\WorldBank.Automation.Solution\src\Automation.Framework\actions-runner\actions-runner-win-x64-2.334.0\_work\_actions'
[2026-06-09 13:17:15Z INFO ActionManager] Load action that reference repository from 'C:\Users\vvaka\VisualStudio\repos\WorldBank.Automation.Solution\src\Automation.Framework\actions-runner\actions-runner-win-x64-2.334.0\_work\_actions\actions\checkout\v4'
[2026-06-09 13:17:15Z INFO HostContext] Well known directory 'Bin': 'C:\Users\vvaka\VisualStudio\repos\WorldBank.Automation.Solution\src\Automation.Framework\actions-runner\actions-runner-win-x64-2.334.0\bin'
[2026-06-09 13:17:15Z INFO HostContext] Well known directory 'Root': 'C:\Users\vvaka\VisualStudio\repos\WorldBank.Automation.Solution\src\Automation.Framework\actions-runner\actions-runner-win-x64-2.334.0'
[2026-06-09 13:17:15Z INFO HostContext] Well known directory 'Work': 'C:\Users\vvaka\VisualStudio\repos\WorldBank.Automation.Solution\src\Automation.Framework\actions-runner\actions-runner-win-x64-2.334.0\_work'
[2026-06-09 13:17:15Z INFO HostContext] Well known directory 'Actions': 'C:\Users\vvaka\VisualStudio\repos\WorldBank.Automation.Solution\src\Automation.Framework\actions-runner\actions-runner-win-x64-2.334.0\_work\_actions'
[2026-06-09 13:17:15Z INFO ActionManifestManagerLegacy] Loaded action.yml file: {
  "name": "Checkout",
  "description": "Checkout a Git repository at a particular version",
  "inputs": {
    "type": 2,
    "map": [
      {
        "key": {
          "type": 0,
          "file": 2,
          "line": 4,
          "col": 3,
          "lit": "repository"
        },
        "value": {
          "type": 3,
          "file": 2,
          "line": 6,
          "col": 14,
          "expr": "github.repository"
        }
      },
      {
        "key": {
          "type": 0,
          "file": 2,
          "line": 7,
          "col": 3,
          "lit": "ref"
        },
        "value": ""
      },
      {
        "key": {
          "type": 0,
          "file": 2,
          "line": 12,
          "col": 3,
          "lit": "token"
        },
        "value": {
          "type": 3,
          "file": 2,
          "line": 24,
          "col": 14,
          "expr": "github.token"
        }
      },
      {
        "key": {
          "type": 0,
          "file": 2,
          "line": 25,
          "col": 3,
          "lit": "ssh-key"
        },
        "value": ""
      },
      {
        "key": {
          "type": 0,
          "file": 2,
          "line": 37,
          "col": 3,
          "lit": "ssh-known-hosts"
        },
        "value": ""
      },
      {
        "key": {
          "type": 0,
          "file": 2,
          "line": 42,
          "col": 3,
          "lit": "ssh-strict"
        },
        "value": {
          "type": 0,
          "file": 2,
          "line": 47,
          "col": 14,
          "lit": "true"
        }
      },
      {
        "key": {
          "type": 0,
          "file": 2,
          "line": 48,
          "col": 3,
          "lit": "ssh-user"
        },
        "value": {
          "type": 0,
          "file": 2,
          "line": 51,
          "col": 14,
          "lit": "git"
        }
      },
      {
        "key": {
          "type": 0,
          "file": 2,
          "line": 52,
          "col": 3,
          "lit": "persist-credentials"
        },
        "value": {
          "type": 0,
          "file": 2,
          "line": 54,
          "col": 14,
          "lit": "true"
        }
      },
      {
        "key": {
          "type": 0,
          "file": 2,
          "line": 55,
          "col": 3,
          "lit": "path"
        },
        "value": ""
      },
      {
        "key": {
          "type": 0,
          "file": 2,
          "line": 57,
          "col": 3,
          "lit": "clean"
        },
        "value": {
          "type": 0,
          "file": 2,
          "line": 59,
          "col": 14,
          "lit": "true"
        }
      },
      {
        "key": {
          "type": 0,
          "file": 2,
          "line": 60,
          "col": 3,
          "lit": "filter"
        },
        "value": {
          "type": 0,
          "file": 2,
          "line": 64,
          "col": 14,
          "lit": ""
        }
      },
      {
        "key": {
          "type": 0,
          "file": 2,
          "line": 65,
          "col": 3,
          "lit": "sparse-checkout"
        },
        "value": {
          "type": 0,
          "file": 2,
          "line": 69,
          "col": 14,
          "lit": ""
        }
      },
      {
        "key": {
          "type": 0,
          "file": 2,
          "line": 70,
          "col": 3,
          "lit": "sparse-checkout-cone-mode"
        },
        "value": {
          "type": 0,
          "file": 2,
          "line": 73,
          "col": 14,
          "lit": "true"
        }
      },
      {
        "key": {
          "type": 0,
          "file": 2,
          "line": 74,
          "col": 3,
          "lit": "fetch-depth"
        },
        "value": {
          "type": 0,
          "file": 2,
          "line": 76,
          "col": 14,
          "lit": "1"
        }
      },
      {
        "key": {
          "type": 0,
          "file": 2,
          "line": 77,
          "col": 3,
          "lit": "fetch-tags"
        },
        "value": {
          "type": 0,
          "file": 2,
          "line": 79,
          "col": 14,
          "lit": "false"
        }
      },
      {
        "key": {
          "type": 0,
          "file": 2,
          "line": 80,
          "col": 3,
          "lit": "show-progress"
        },
        "value": {
          "type": 0,
          "file": 2,
          "line": 82,
          "col": 14,
          "lit": "true"
        }
      },
      {
        "key": {
          "type": 0,
          "file": 2,
          "line": 83,
          "col": 3,
          "lit": "lfs"
        },
        "value": {
          "type": 0,
          "file": 2,
          "line": 85,
          "col": 14,
          "lit": "false"
        }
      },
      {
        "key": {
          "type": 0,
          "file": 2,
          "line": 86,
          "col": 3,
          "lit": "submodules"
        },
        "value": {
          "type": 0,
          "file": 2,
          "line": 94,
          "col": 14,
          "lit": "false"
        }
      },
      {
        "key": {
          "type": 0,
          "file": 2,
          "line": 95,
          "col": 3,
          "lit": "set-safe-directory"
        },
        "value": {
          "type": 0,
          "file": 2,
          "line": 97,
          "col": 14,
          "lit": "true"
        }
      },
      {
        "key": {
          "type": 0,
          "file": 2,
          "line": 98,
          "col": 3,
          "lit": "github-server-url"
        },
        "value": ""
      }
    ]
  },
  "execution": {
    "executionType": "nodeJS",
    "hasPre": false,
    "hasPost": true,
    "script": "dist/index.js",
    "pre": null,
    "post": "dist/index.js",
    "nodeVersion": "node20",
    "cleanupCondition": "always()",
    "initCondition": "always()"
  },
  "deprecated": null
}
[2026-06-09 13:17:15Z INFO ActionManager] Action pre node.js file: N/A.
[2026-06-09 13:17:15Z INFO ActionManager] Action node.js file: dist/index.js.
[2026-06-09 13:17:15Z INFO ActionManager] Action post node.js file: dist/index.js.
[2026-06-09 13:17:15Z INFO HostContext] Well known directory 'Bin': 'C:\Users\vvaka\VisualStudio\repos\WorldBank.Automation.Solution\src\Automation.Framework\actions-runner\actions-runner-win-x64-2.334.0\bin'
[2026-06-09 13:17:15Z INFO HostContext] Well known directory 'Root': 'C:\Users\vvaka\VisualStudio\repos\WorldBank.Automation.Solution\src\Automation.Framework\actions-runner\actions-runner-win-x64-2.334.0'
[2026-06-09 13:17:15Z INFO HostContext] Well known directory 'Work': 'C:\Users\vvaka\VisualStudio\repos\WorldBank.Automation.Solution\src\Automation.Framework\actions-runner\actions-runner-win-x64-2.334.0\_work'
[2026-06-09 13:17:15Z INFO HostContext] Well known directory 'Actions': 'C:\Users\vvaka\VisualStudio\repos\WorldBank.Automation.Solution\src\Automation.Framework\actions-runner\actions-runner-win-x64-2.334.0\_work\_actions'
[2026-06-09 13:17:15Z INFO HostContext] Well known directory 'Bin': 'C:\Users\vvaka\VisualStudio\repos\WorldBank.Automation.Solution\src\Automation.Framework\actions-runner\actions-runner-win-x64-2.334.0\bin'
[2026-06-09 13:17:15Z INFO HostContext] Well known directory 'Root': 'C:\Users\vvaka\VisualStudio\repos\WorldBank.Automation.Solution\src\Automation.Framework\actions-runner\actions-runner-win-x64-2.334.0'
[2026-06-09 13:17:15Z INFO HostContext] Well known directory 'Work': 'C:\Users\vvaka\VisualStudio\repos\WorldBank.Automation.Solution\src\Automation.Framework\actions-runner\actions-runner-win-x64-2.334.0\_work'
[2026-06-09 13:17:15Z INFO HostContext] Well known directory 'Actions': 'C:\Users\vvaka\VisualStudio\repos\WorldBank.Automation.Solution\src\Automation.Framework\actions-runner\actions-runner-win-x64-2.334.0\_work\_actions'
[2026-06-09 13:17:15Z INFO ActionManifestManagerLegacy] Ignore action property author.
[2026-06-09 13:17:15Z INFO ActionManifestManagerLegacy] Ignore action property branding.
[2026-06-09 13:17:15Z INFO ActionManifestManagerLegacy] Loaded action.yml file: {
  "name": "Setup .NET Core SDK",
  "description": "Used to build and publish .NET source. Set up a specific version of the .NET and authentication to private NuGet repository",
  "inputs": {
    "type": 2,
    "map": [
      {
        "key": {
          "type": 0,
          "file": 3,
          "line": 8,
          "col": 3,
          "lit": "dotnet-version"
        },
        "value": ""
      },
      {
        "key": {
          "type": 0,
          "file": 3,
          "line": 10,
          "col": 3,
          "lit": "dotnet-quality"
        },
        "value": ""
      },
      {
        "key": {
          "type": 0,
          "file": 3,
          "line": 12,
          "col": 3,
          "lit": "global-json-file"
        },
        "value": ""
      },
      {
        "key": {
          "type": 0,
          "file": 3,
          "line": 14,
          "col": 3,
          "lit": "source-url"
        },
        "value": ""
      },
      {
        "key": {
          "type": 0,
          "file": 3,
          "line": 16,
          "col": 3,
          "lit": "owner"
        },
        "value": ""
      },
      {
        "key": {
          "type": 0,
          "file": 3,
          "line": 18,
          "col": 3,
          "lit": "config-file"
        },
        "value": ""
      },
      {
        "key": {
          "type": 0,
          "file": 3,
          "line": 20,
          "col": 3,
          "lit": "cache"
        },
        "value": {
          "type": 0,
          "file": 3,
          "line": 23,
          "col": 14,
          "lit": "false"
        }
      },
      {
        "key": {
          "type": 0,
          "file": 3,
          "line": 24,
          "col": 3,
          "lit": "cache-dependency-path"
        },
        "value": ""
      }
    ]
  },
  "execution": {
    "executionType": "nodeJS",
    "hasPre": false,
    "hasPost": true,
    "script": "dist/setup/index.js",
    "pre": null,
    "post": "dist/cache-save/index.js",
    "nodeVersion": "node20",
    "cleanupCondition": "success()",
    "initCondition": "always()"
  },
  "deprecated": null
}
[2026-06-09 13:17:15Z INFO ActionManager] Action node.js file: dist/setup/index.js, no more preparation.
[2026-06-09 13:17:15Z INFO HostContext] Well known directory 'Bin': 'C:\Users\vvaka\VisualStudio\repos\WorldBank.Automation.Solution\src\Automation.Framework\actions-runner\actions-runner-win-x64-2.334.0\bin'
[2026-06-09 13:17:15Z INFO HostContext] Well known directory 'Root': 'C:\Users\vvaka\VisualStudio\repos\WorldBank.Automation.Solution\src\Automation.Framework\actions-runner\actions-runner-win-x64-2.334.0'
[2026-06-09 13:17:15Z INFO HostContext] Well known directory 'Work': 'C:\Users\vvaka\VisualStudio\repos\WorldBank.Automation.Solution\src\Automation.Framework\actions-runner\actions-runner-win-x64-2.334.0\_work'
[2026-06-09 13:17:15Z INFO HostContext] Well known directory 'Actions': 'C:\Users\vvaka\VisualStudio\repos\WorldBank.Automation.Solution\src\Automation.Framework\actions-runner\actions-runner-win-x64-2.334.0\_work\_actions'
[2026-06-09 13:17:15Z INFO ActionManager] Load action that reference repository from 'C:\Users\vvaka\VisualStudio\repos\WorldBank.Automation.Solution\src\Automation.Framework\actions-runner\actions-runner-win-x64-2.334.0\_work\_actions\actions\setup-dotnet\v4'
[2026-06-09 13:17:15Z INFO HostContext] Well known directory 'Bin': 'C:\Users\vvaka\VisualStudio\repos\WorldBank.Automation.Solution\src\Automation.Framework\actions-runner\actions-runner-win-x64-2.334.0\bin'
[2026-06-09 13:17:15Z INFO HostContext] Well known directory 'Root': 'C:\Users\vvaka\VisualStudio\repos\WorldBank.Automation.Solution\src\Automation.Framework\actions-runner\actions-runner-win-x64-2.334.0'
[2026-06-09 13:17:15Z INFO HostContext] Well known directory 'Work': 'C:\Users\vvaka\VisualStudio\repos\WorldBank.Automation.Solution\src\Automation.Framework\actions-runner\actions-runner-win-x64-2.334.0\_work'
[2026-06-09 13:17:15Z INFO HostContext] Well known directory 'Actions': 'C:\Users\vvaka\VisualStudio\repos\WorldBank.Automation.Solution\src\Automation.Framework\actions-runner\actions-runner-win-x64-2.334.0\_work\_actions'
[2026-06-09 13:17:15Z INFO ActionManifestManagerLegacy] Ignore action property author.
[2026-06-09 13:17:15Z INFO ActionManifestManagerLegacy] Ignore action property branding.
[2026-06-09 13:17:15Z INFO ActionManifestManagerLegacy] Loaded action.yml file: {
  "name": "Setup .NET Core SDK",
  "description": "Used to build and publish .NET source. Set up a specific version of the .NET and authentication to private NuGet repository",
  "inputs": {
    "type": 2,
    "map": [
      {
        "key": {
          "type": 0,
          "file": 3,
          "line": 8,
          "col": 3,
          "lit": "dotnet-version"
        },
        "value": ""
      },
      {
        "key": {
          "type": 0,
          "file": 3,
          "line": 10,
          "col": 3,
          "lit": "dotnet-quality"
        },
        "value": ""
      },
      {
        "key": {
          "type": 0,
          "file": 3,
          "line": 12,
          "col": 3,
          "lit": "global-json-file"
        },
        "value": ""
      },
      {
        "key": {
          "type": 0,
          "file": 3,
          "line": 14,
          "col": 3,
          "lit": "source-url"
        },
        "value": ""
      },
      {
        "key": {
          "type": 0,
          "file": 3,
          "line": 16,
          "col": 3,
          "lit": "owner"
        },
        "value": ""
      },
      {
        "key": {
          "type": 0,
          "file": 3,
          "line": 18,
          "col": 3,
          "lit": "config-file"
        },
        "value": ""
      },
      {
        "key": {
          "type": 0,
          "file": 3,
          "line": 20,
          "col": 3,
          "lit": "cache"
        },
        "value": {
          "type": 0,
          "file": 3,
          "line": 23,
          "col": 14,
          "lit": "false"
        }
      },
      {
        "key": {
          "type": 0,
          "file": 3,
          "line": 24,
          "col": 3,
          "lit": "cache-dependency-path"
        },
        "value": ""
      }
    ]
  },
  "execution": {
    "executionType": "nodeJS",
    "hasPre": false,
    "hasPost": true,
    "script": "dist/setup/index.js",
    "pre": null,
    "post": "dist/cache-save/index.js",
    "nodeVersion": "node20",
    "cleanupCondition": "success()",
    "initCondition": "always()"
  },
  "deprecated": null
}
[2026-06-09 13:17:15Z INFO ActionManager] Action pre node.js file: N/A.
[2026-06-09 13:17:15Z INFO ActionManager] Action node.js file: dist/setup/index.js.
[2026-06-09 13:17:15Z INFO ActionManager] Action post node.js file: dist/cache-save/index.js.
[2026-06-09 13:17:15Z INFO HostContext] Well known directory 'Bin': 'C:\Users\vvaka\VisualStudio\repos\WorldBank.Automation.Solution\src\Automation.Framework\actions-runner\actions-runner-win-x64-2.334.0\bin'
[2026-06-09 13:17:15Z INFO HostContext] Well known directory 'Root': 'C:\Users\vvaka\VisualStudio\repos\WorldBank.Automation.Solution\src\Automation.Framework\actions-runner\actions-runner-win-x64-2.334.0'
[2026-06-09 13:17:15Z INFO HostContext] Well known directory 'Work': 'C:\Users\vvaka\VisualStudio\repos\WorldBank.Automation.Solution\src\Automation.Framework\actions-runner\actions-runner-win-x64-2.334.0\_work'
[2026-06-09 13:17:15Z INFO HostContext] Well known directory 'Actions': 'C:\Users\vvaka\VisualStudio\repos\WorldBank.Automation.Solution\src\Automation.Framework\actions-runner\actions-runner-win-x64-2.334.0\_work\_actions'
[2026-06-09 13:17:15Z INFO HostContext] Well known directory 'Bin': 'C:\Users\vvaka\VisualStudio\repos\WorldBank.Automation.Solution\src\Automation.Framework\actions-runner\actions-runner-win-x64-2.334.0\bin'
[2026-06-09 13:17:15Z INFO HostContext] Well known directory 'Root': 'C:\Users\vvaka\VisualStudio\repos\WorldBank.Automation.Solution\src\Automation.Framework\actions-runner\actions-runner-win-x64-2.334.0'
[2026-06-09 13:17:15Z INFO HostContext] Well known directory 'Work': 'C:\Users\vvaka\VisualStudio\repos\WorldBank.Automation.Solution\src\Automation.Framework\actions-runner\actions-runner-win-x64-2.334.0\_work'
[2026-06-09 13:17:15Z INFO HostContext] Well known directory 'Actions': 'C:\Users\vvaka\VisualStudio\repos\WorldBank.Automation.Solution\src\Automation.Framework\actions-runner\actions-runner-win-x64-2.334.0\_work\_actions'
[2026-06-09 13:17:15Z INFO ActionManifestManagerLegacy] Ignore action property author.
[2026-06-09 13:17:15Z INFO ActionManifestManagerLegacy] Ignore action property branding.
[2026-06-09 13:17:15Z INFO ActionManifestManagerLegacy] Loaded action.yml file: {
  "name": "Allure Report with history",
  "description": "Generate Allure Report with history",
  "inputs": {
    "type": 2,
    "map": [
      {
        "key": {
          "type": 0,
          "file": 4,
          "line": 8,
          "col": 3,
          "lit": "allure_results"
        },
        "value": {
          "type": 0,
          "file": 4,
          "line": 11,
          "col": 14,
          "lit": "allure-results"
        }
      },
      {
        "key": {
          "type": 0,
          "file": 4,
          "line": 12,
          "col": 3,
          "lit": "allure_report"
        },
        "value": {
          "type": 0,
          "file": 4,
          "line": 15,
          "col": 14,
          "lit": "allure-report"
        }
      },
      {
        "key": {
          "type": 0,
          "file": 4,
          "line": 16,
          "col": 3,
          "lit": "gh_pages"
        },
        "value": {
          "type": 0,
          "file": 4,
          "line": 19,
          "col": 14,
          "lit": "gh-pages"
        }
      },
      {
        "key": {
          "type": 0,
          "file": 4,
          "line": 20,
          "col": 3,
          "lit": "allure_history"
        },
        "value": {
          "type": 0,
          "file": 4,
          "line": 23,
          "col": 14,
          "lit": "allure-history"
        }
      },
      {
        "key": {
          "type": 0,
          "file": 4,
          "line": 24,
          "col": 3,
          "lit": "subfolder"
        },
        "value": {
          "type": 0,
          "file": 4,
          "line": 27,
          "col": 14,
          "lit": ""
        }
      },
      {
        "key": {
          "type": 0,
          "file": 4,
          "line": 28,
          "col": 3,
          "lit": "keep_reports"
        },
        "value": {
          "type": 0,
          "file": 4,
          "line": 31,
          "col": 14,
          "lit": "20"
        }
      },
      {
        "key": {
          "type": 0,
          "file": 4,
          "line": 32,
          "col": 3,
          "lit": "github_run_num"
        },
        "value": {
          "type": 3,
          "file": 4,
          "line": 35,
          "col": 14,
          "expr": "github.run_number"
        }
      },
      {
        "key": {
          "type": 0,
          "file": 4,
          "line": 36,
          "col": 3,
          "lit": "github_run_id"
        },
        "value": {
          "type": 3,
          "file": 4,
          "line": 39,
          "col": 14,
          "expr": "github.run_id"
        }
      },
      {
        "key": {
          "type": 0,
          "file": 4,
          "line": 40,
          "col": 3,
          "lit": "github_repo"
        },
        "value": {
          "type": 3,
          "file": 4,
          "line": 43,
          "col": 14,
          "expr": "github.repository"
        }
      },
      {
        "key": {
          "type": 0,
          "file": 4,
          "line": 44,
          "col": 3,
          "lit": "github_repo_owner"
        },
        "value": {
          "type": 3,
          "file": 4,
          "line": 47,
          "col": 14,
          "expr": "github.repository_owner"
        }
      },
      {
        "key": {
          "type": 0,
          "file": 4,
          "line": 48,
          "col": 3,
          "lit": "github_tests_repo"
        },
        "value": {
          "type": 3,
          "file": 4,
          "line": 51,
          "col": 14,
          "expr": "github.repository"
        }
      },
      {
        "key": {
          "type": 0,
          "file": 4,
          "line": 52,
          "col": 3,
          "lit": "report_url"
        },
        "value": {
          "type": 0,
          "file": 4,
          "line": 55,
          "col": 14,
          "lit": ""
        }
      },
      {
        "key": {
          "type": 0,
          "file": 4,
          "line": 56,
          "col": 3,
          "lit": "github_server_url"
        },
        "value": {
          "type": 3,
          "file": 4,
          "line": 59,
          "col": 14,
          "expr": "github.server_url"
        }
      },
      {
        "key": {
          "type": 0,
          "file": 4,
          "line": 60,
          "col": 3,
          "lit": "report_name"
        },
        "value": ""
      }
    ]
  },
  "execution": {
    "executionType": "container",
    "hasPre": false,
    "hasPost": false,
    "image": "Dockerfile",
    "entryPoint": null,
    "arguments": null,
    "environment": null,
    "pre": null,
    "post": null,
    "cleanupCondition": "always()",
    "initCondition": "always()"
  },
  "deprecated": null
}
[2026-06-09 13:17:15Z INFO ActionManager] Action allure-report (614b9be1-2c95-4e9e-b2c9-7d57765a4edb) from repository 'simple-elf/allure-report-action@master' needs to build image 'C:\Users\vvaka\VisualStudio\repos\WorldBank.Automation.Solution\src\Automation.Framework\actions-runner\actions-runner-win-x64-2.334.0\_work\_actions\simple-elf\allure-report-action\master\Dockerfile'
[2026-06-09 13:17:15Z INFO HostContext] Well known directory 'Bin': 'C:\Users\vvaka\VisualStudio\repos\WorldBank.Automation.Solution\src\Automation.Framework\actions-runner\actions-runner-win-x64-2.334.0\bin'
[2026-06-09 13:17:15Z INFO HostContext] Well known directory 'Root': 'C:\Users\vvaka\VisualStudio\repos\WorldBank.Automation.Solution\src\Automation.Framework\actions-runner\actions-runner-win-x64-2.334.0'
[2026-06-09 13:17:15Z INFO HostContext] Well known directory 'Work': 'C:\Users\vvaka\VisualStudio\repos\WorldBank.Automation.Solution\src\Automation.Framework\actions-runner\actions-runner-win-x64-2.334.0\_work'
[2026-06-09 13:17:15Z INFO HostContext] Well known directory 'Actions': 'C:\Users\vvaka\VisualStudio\repos\WorldBank.Automation.Solution\src\Automation.Framework\actions-runner\actions-runner-win-x64-2.334.0\_work\_actions'
[2026-06-09 13:17:15Z INFO ActionManager] Load action that reference repository from 'C:\Users\vvaka\VisualStudio\repos\WorldBank.Automation.Solution\src\Automation.Framework\actions-runner\actions-runner-win-x64-2.334.0\_work\_actions\simple-elf\allure-report-action\master'
[2026-06-09 13:17:15Z INFO HostContext] Well known directory 'Bin': 'C:\Users\vvaka\VisualStudio\repos\WorldBank.Automation.Solution\src\Automation.Framework\actions-runner\actions-runner-win-x64-2.334.0\bin'
[2026-06-09 13:17:15Z INFO HostContext] Well known directory 'Root': 'C:\Users\vvaka\VisualStudio\repos\WorldBank.Automation.Solution\src\Automation.Framework\actions-runner\actions-runner-win-x64-2.334.0'
[2026-06-09 13:17:15Z INFO HostContext] Well known directory 'Work': 'C:\Users\vvaka\VisualStudio\repos\WorldBank.Automation.Solution\src\Automation.Framework\actions-runner\actions-runner-win-x64-2.334.0\_work'
[2026-06-09 13:17:15Z INFO HostContext] Well known directory 'Actions': 'C:\Users\vvaka\VisualStudio\repos\WorldBank.Automation.Solution\src\Automation.Framework\actions-runner\actions-runner-win-x64-2.334.0\_work\_actions'
[2026-06-09 13:17:15Z INFO ActionManifestManagerLegacy] Ignore action property author.
[2026-06-09 13:17:15Z INFO ActionManifestManagerLegacy] Ignore action property branding.
[2026-06-09 13:17:15Z INFO ActionManifestManagerLegacy] Loaded action.yml file: {
  "name": "Allure Report with history",
  "description": "Generate Allure Report with history",
  "inputs": {
    "type": 2,
    "map": [
      {
        "key": {
          "type": 0,
          "file": 4,
          "line": 8,
          "col": 3,
          "lit": "allure_results"
        },
        "value": {
          "type": 0,
          "file": 4,
          "line": 11,
          "col": 14,
          "lit": "allure-results"
        }
      },
      {
        "key": {
          "type": 0,
          "file": 4,
          "line": 12,
          "col": 3,
          "lit": "allure_report"
        },
        "value": {
          "type": 0,
          "file": 4,
          "line": 15,
          "col": 14,
          "lit": "allure-report"
        }
      },
      {
        "key": {
          "type": 0,
          "file": 4,
          "line": 16,
          "col": 3,
          "lit": "gh_pages"
        },
        "value": {
          "type": 0,
          "file": 4,
          "line": 19,
          "col": 14,
          "lit": "gh-pages"
        }
      },
      {
        "key": {
          "type": 0,
          "file": 4,
          "line": 20,
          "col": 3,
          "lit": "allure_history"
        },
        "value": {
          "type": 0,
          "file": 4,
          "line": 23,
          "col": 14,
          "lit": "allure-history"
        }
      },
      {
        "key": {
          "type": 0,
          "file": 4,
          "line": 24,
          "col": 3,
          "lit": "subfolder"
        },
        "value": {
          "type": 0,
          "file": 4,
          "line": 27,
          "col": 14,
          "lit": ""
        }
      },
      {
        "key": {
          "type": 0,
          "file": 4,
          "line": 28,
          "col": 3,
          "lit": "keep_reports"
        },
        "value": {
          "type": 0,
          "file": 4,
          "line": 31,
          "col": 14,
          "lit": "20"
        }
      },
      {
        "key": {
          "type": 0,
          "file": 4,
          "line": 32,
          "col": 3,
          "lit": "github_run_num"
        },
        "value": {
          "type": 3,
          "file": 4,
          "line": 35,
          "col": 14,
          "expr": "github.run_number"
        }
      },
      {
        "key": {
          "type": 0,
          "file": 4,
          "line": 36,
          "col": 3,
          "lit": "github_run_id"
        },
        "value": {
          "type": 3,
          "file": 4,
          "line": 39,
          "col": 14,
          "expr": "github.run_id"
        }
      },
      {
        "key": {
          "type": 0,
          "file": 4,
          "line": 40,
          "col": 3,
          "lit": "github_repo"
        },
        "value": {
          "type": 3,
          "file": 4,
          "line": 43,
          "col": 14,
          "expr": "github.repository"
        }
      },
      {
        "key": {
          "type": 0,
          "file": 4,
          "line": 44,
          "col": 3,
          "lit": "github_repo_owner"
        },
        "value": {
          "type": 3,
          "file": 4,
          "line": 47,
          "col": 14,
          "expr": "github.repository_owner"
        }
      },
      {
        "key": {
          "type": 0,
          "file": 4,
          "line": 48,
          "col": 3,
          "lit": "github_tests_repo"
        },
        "value": {
          "type": 3,
          "file": 4,
          "line": 51,
          "col": 14,
          "expr": "github.repository"
        }
      },
      {
        "key": {
          "type": 0,
          "file": 4,
          "line": 52,
          "col": 3,
          "lit": "report_url"
        },
        "value": {
          "type": 0,
          "file": 4,
          "line": 55,
          "col": 14,
          "lit": ""
        }
      },
      {
        "key": {
          "type": 0,
          "file": 4,
          "line": 56,
          "col": 3,
          "lit": "github_server_url"
        },
        "value": {
          "type": 3,
          "file": 4,
          "line": 59,
          "col": 14,
          "expr": "github.server_url"
        }
      },
      {
        "key": {
          "type": 0,
          "file": 4,
          "line": 60,
          "col": 3,
          "lit": "report_name"
        },
        "value": ""
      }
    ]
  },
  "execution": {
    "executionType": "container",
    "hasPre": false,
    "hasPost": false,
    "image": "Dockerfile",
    "entryPoint": null,
    "arguments": null,
    "environment": null,
    "pre": null,
    "post": null,
    "cleanupCondition": "always()",
    "initCondition": "always()"
  },
  "deprecated": null
}
[2026-06-09 13:17:15Z INFO ActionManager] Action container Dockerfile/image: Dockerfile.
[2026-06-09 13:17:15Z INFO HostContext] Well known directory 'Bin': 'C:\Users\vvaka\VisualStudio\repos\WorldBank.Automation.Solution\src\Automation.Framework\actions-runner\actions-runner-win-x64-2.334.0\bin'
[2026-06-09 13:17:15Z INFO HostContext] Well known directory 'Root': 'C:\Users\vvaka\VisualStudio\repos\WorldBank.Automation.Solution\src\Automation.Framework\actions-runner\actions-runner-win-x64-2.334.0'
[2026-06-09 13:17:15Z INFO HostContext] Well known directory 'Work': 'C:\Users\vvaka\VisualStudio\repos\WorldBank.Automation.Solution\src\Automation.Framework\actions-runner\actions-runner-win-x64-2.334.0\_work'
[2026-06-09 13:17:15Z INFO HostContext] Well known directory 'Actions': 'C:\Users\vvaka\VisualStudio\repos\WorldBank.Automation.Solution\src\Automation.Framework\actions-runner\actions-runner-win-x64-2.334.0\_work\_actions'
[2026-06-09 13:17:15Z INFO HostContext] Well known directory 'Bin': 'C:\Users\vvaka\VisualStudio\repos\WorldBank.Automation.Solution\src\Automation.Framework\actions-runner\actions-runner-win-x64-2.334.0\bin'
[2026-06-09 13:17:15Z INFO HostContext] Well known directory 'Root': 'C:\Users\vvaka\VisualStudio\repos\WorldBank.Automation.Solution\src\Automation.Framework\actions-runner\actions-runner-win-x64-2.334.0'
[2026-06-09 13:17:15Z INFO HostContext] Well known directory 'Work': 'C:\Users\vvaka\VisualStudio\repos\WorldBank.Automation.Solution\src\Automation.Framework\actions-runner\actions-runner-win-x64-2.334.0\_work'
[2026-06-09 13:17:15Z INFO HostContext] Well known directory 'Actions': 'C:\Users\vvaka\VisualStudio\repos\WorldBank.Automation.Solution\src\Automation.Framework\actions-runner\actions-runner-win-x64-2.334.0\_work\_actions'
[2026-06-09 13:17:15Z INFO ActionManifestManagerLegacy] Ignore action property author.
[2026-06-09 13:17:15Z INFO ActionManifestManagerLegacy] Ignore action property branding.
[2026-06-09 13:17:15Z INFO ActionManifestManagerLegacy] Loaded action.yml file: {
  "name": "GitHub Pages action",
  "description": "GitHub Actions for GitHub Pages 🚀 Deploy static files and publish your site easily. Static-Site-Generators-friendly.",
  "inputs": {
    "type": 2,
    "map": [
      {
        "key": {
          "type": 0,
          "file": 5,
          "line": 11,
          "col": 3,
          "lit": "deploy_key"
        },
        "value": ""
      },
      {
        "key": {
          "type": 0,
          "file": 5,
          "line": 14,
          "col": 3,
          "lit": "github_token"
        },
        "value": ""
      },
      {
        "key": {
          "type": 0,
          "file": 5,
          "line": 17,
          "col": 3,
          "lit": "personal_token"
        },
        "value": ""
      },
      {
        "key": {
          "type": 0,
          "file": 5,
          "line": 20,
          "col": 3,
          "lit": "publish_branch"
        },
        "value": {
          "type": 0,
          "file": 5,
          "line": 23,
          "col": 14,
          "lit": "gh-pages"
        }
      },
      {
        "key": {
          "type": 0,
          "file": 5,
          "line": 24,
          "col": 3,
          "lit": "publish_dir"
        },
        "value": {
          "type": 0,
          "file": 5,
          "line": 27,
          "col": 14,
          "lit": "public"
        }
      },
      {
        "key": {
          "type": 0,
          "file": 5,
          "line": 28,
          "col": 3,
          "lit": "destination_dir"
        },
        "value": {
          "type": 0,
          "file": 5,
          "line": 31,
          "col": 14,
          "lit": ""
        }
      },
      {
        "key": {
          "type": 0,
          "file": 5,
          "line": 32,
          "col": 3,
          "lit": "external_repository"
        },
        "value": ""
      },
      {
        "key": {
          "type": 0,
          "file": 5,
          "line": 35,
          "col": 3,
          "lit": "allow_empty_commit"
        },
        "value": {
          "type": 0,
          "file": 5,
          "line": 38,
          "col": 14,
          "lit": "false"
        }
      },
      {
        "key": {
          "type": 0,
          "file": 5,
          "line": 39,
          "col": 3,
          "lit": "keep_files"
        },
        "value": {
          "type": 0,
          "file": 5,
          "line": 42,
          "col": 14,
          "lit": "false"
        }
      },
      {
        "key": {
          "type": 0,
          "file": 5,
          "line": 43,
          "col": 3,
          "lit": "force_orphan"
        },
        "value": {
          "type": 0,
          "file": 5,
          "line": 46,
          "col": 14,
          "lit": "false"
        }
      },
      {
        "key": {
          "type": 0,
          "file": 5,
          "line": 47,
          "col": 3,
          "lit": "user_name"
        },
        "value": ""
      },
      {
        "key": {
          "type": 0,
          "file": 5,
          "line": 50,
          "col": 3,
          "lit": "user_email"
        },
        "value": ""
      },
      {
        "key": {
          "type": 0,
          "file": 5,
          "line": 53,
          "col": 3,
          "lit": "commit_message"
        },
        "value": ""
      },
      {
        "key": {
          "type": 0,
          "file": 5,
          "line": 56,
          "col": 3,
          "lit": "full_commit_message"
        },
        "value": ""
      },
      {
        "key": {
          "type": 0,
          "file": 5,
          "line": 59,
          "col": 3,
          "lit": "tag_name"
        },
        "value": ""
      },
      {
        "key": {
          "type": 0,
          "file": 5,
          "line": 62,
          "col": 3,
          "lit": "tag_message"
        },
        "value": ""
      },
      {
        "key": {
          "type": 0,
          "file": 5,
          "line": 65,
          "col": 3,
          "lit": "enable_jekyll"
        },
        "value": {
          "type": 0,
          "file": 5,
          "line": 68,
          "col": 14,
          "lit": "false"
        }
      },
      {
        "key": {
          "type": 0,
          "file": 5,
          "line": 69,
          "col": 3,
          "lit": "disable_nojekyll"
        },
        "value": {
          "type": 0,
          "file": 5,
          "line": 72,
          "col": 14,
          "lit": "false"
        }
      },
      {
        "key": {
          "type": 0,
          "file": 5,
          "line": 73,
          "col": 3,
          "lit": "cname"
        },
        "value": ""
      },
      {
        "key": {
          "type": 0,
          "file": 5,
          "line": 76,
          "col": 3,
          "lit": "exclude_assets"
        },
        "value": {
          "type": 0,
          "file": 5,
          "line": 79,
          "col": 14,
          "lit": ".github"
        }
      }
    ]
  },
  "execution": {
    "executionType": "nodeJS",
    "hasPre": false,
    "hasPost": false,
    "script": "lib/index.js",
    "pre": null,
    "post": null,
    "nodeVersion": "node16",
    "cleanupCondition": "always()",
    "initCondition": "always()"
  },
  "deprecated": null
}
[2026-06-09 13:17:15Z INFO ActionManager] Action node.js file: lib/index.js, no more preparation.
[2026-06-09 13:17:15Z INFO HostContext] Well known directory 'Bin': 'C:\Users\vvaka\VisualStudio\repos\WorldBank.Automation.Solution\src\Automation.Framework\actions-runner\actions-runner-win-x64-2.334.0\bin'
[2026-06-09 13:17:15Z INFO HostContext] Well known directory 'Root': 'C:\Users\vvaka\VisualStudio\repos\WorldBank.Automation.Solution\src\Automation.Framework\actions-runner\actions-runner-win-x64-2.334.0'
[2026-06-09 13:17:15Z INFO HostContext] Well known directory 'Work': 'C:\Users\vvaka\VisualStudio\repos\WorldBank.Automation.Solution\src\Automation.Framework\actions-runner\actions-runner-win-x64-2.334.0\_work'
[2026-06-09 13:17:15Z INFO HostContext] Well known directory 'Actions': 'C:\Users\vvaka\VisualStudio\repos\WorldBank.Automation.Solution\src\Automation.Framework\actions-runner\actions-runner-win-x64-2.334.0\_work\_actions'
[2026-06-09 13:17:15Z INFO ActionManager] Load action that reference repository from 'C:\Users\vvaka\VisualStudio\repos\WorldBank.Automation.Solution\src\Automation.Framework\actions-runner\actions-runner-win-x64-2.334.0\_work\_actions\peaceiris\actions-gh-pages\v3'
[2026-06-09 13:17:15Z INFO HostContext] Well known directory 'Bin': 'C:\Users\vvaka\VisualStudio\repos\WorldBank.Automation.Solution\src\Automation.Framework\actions-runner\actions-runner-win-x64-2.334.0\bin'
[2026-06-09 13:17:15Z INFO HostContext] Well known directory 'Root': 'C:\Users\vvaka\VisualStudio\repos\WorldBank.Automation.Solution\src\Automation.Framework\actions-runner\actions-runner-win-x64-2.334.0'
[2026-06-09 13:17:15Z INFO HostContext] Well known directory 'Work': 'C:\Users\vvaka\VisualStudio\repos\WorldBank.Automation.Solution\src\Automation.Framework\actions-runner\actions-runner-win-x64-2.334.0\_work'
[2026-06-09 13:17:15Z INFO HostContext] Well known directory 'Actions': 'C:\Users\vvaka\VisualStudio\repos\WorldBank.Automation.Solution\src\Automation.Framework\actions-runner\actions-runner-win-x64-2.334.0\_work\_actions'
[2026-06-09 13:17:15Z INFO ActionManifestManagerLegacy] Ignore action property author.
[2026-06-09 13:17:15Z INFO ActionManifestManagerLegacy] Ignore action property branding.
[2026-06-09 13:17:15Z INFO ActionManifestManagerLegacy] Loaded action.yml file: {
  "name": "GitHub Pages action",
  "description": "GitHub Actions for GitHub Pages 🚀 Deploy static files and publish your site easily. Static-Site-Generators-friendly.",
  "inputs": {
    "type": 2,
    "map": [
      {
        "key": {
          "type": 0,
          "file": 5,
          "line": 11,
          "col": 3,
          "lit": "deploy_key"
        },
        "value": ""
      },
      {
        "key": {
          "type": 0,
          "file": 5,
          "line": 14,
          "col": 3,
          "lit": "github_token"
        },
        "value": ""
      },
      {
        "key": {
          "type": 0,
          "file": 5,
          "line": 17,
          "col": 3,
          "lit": "personal_token"
        },
        "value": ""
      },
      {
        "key": {
          "type": 0,
          "file": 5,
          "line": 20,
          "col": 3,
          "lit": "publish_branch"
        },
        "value": {
          "type": 0,
          "file": 5,
          "line": 23,
          "col": 14,
          "lit": "gh-pages"
        }
      },
      {
        "key": {
          "type": 0,
          "file": 5,
          "line": 24,
          "col": 3,
          "lit": "publish_dir"
        },
        "value": {
          "type": 0,
          "file": 5,
          "line": 27,
          "col": 14,
          "lit": "public"
        }
      },
      {
        "key": {
          "type": 0,
          "file": 5,
          "line": 28,
          "col": 3,
          "lit": "destination_dir"
        },
        "value": {
          "type": 0,
          "file": 5,
          "line": 31,
          "col": 14,
          "lit": ""
        }
      },
      {
        "key": {
          "type": 0,
          "file": 5,
          "line": 32,
          "col": 3,
          "lit": "external_repository"
        },
        "value": ""
      },
      {
        "key": {
          "type": 0,
          "file": 5,
          "line": 35,
          "col": 3,
          "lit": "allow_empty_commit"
        },
        "value": {
          "type": 0,
          "file": 5,
          "line": 38,
          "col": 14,
          "lit": "false"
        }
      },
      {
        "key": {
          "type": 0,
          "file": 5,
          "line": 39,
          "col": 3,
          "lit": "keep_files"
        },
        "value": {
          "type": 0,
          "file": 5,
          "line": 42,
          "col": 14,
          "lit": "false"
        }
      },
      {
        "key": {
          "type": 0,
          "file": 5,
          "line": 43,
          "col": 3,
          "lit": "force_orphan"
        },
        "value": {
          "type": 0,
          "file": 5,
          "line": 46,
          "col": 14,
          "lit": "false"
        }
      },
      {
        "key": {
          "type": 0,
          "file": 5,
          "line": 47,
          "col": 3,
          "lit": "user_name"
        },
        "value": ""
      },
      {
        "key": {
          "type": 0,
          "file": 5,
          "line": 50,
          "col": 3,
          "lit": "user_email"
        },
        "value": ""
      },
      {
        "key": {
          "type": 0,
          "file": 5,
          "line": 53,
          "col": 3,
          "lit": "commit_message"
        },
        "value": ""
      },
      {
        "key": {
          "type": 0,
          "file": 5,
          "line": 56,
          "col": 3,
          "lit": "full_commit_message"
        },
        "value": ""
      },
      {
        "key": {
          "type": 0,
          "file": 5,
          "line": 59,
          "col": 3,
          "lit": "tag_name"
        },
        "value": ""
      },
      {
        "key": {
          "type": 0,
          "file": 5,
          "line": 62,
          "col": 3,
          "lit": "tag_message"
        },
        "value": ""
      },
      {
        "key": {
          "type": 0,
          "file": 5,
          "line": 65,
          "col": 3,
          "lit": "enable_jekyll"
        },
        "value": {
          "type": 0,
          "file": 5,
          "line": 68,
          "col": 14,
          "lit": "false"
        }
      },
      {
        "key": {
          "type": 0,
          "file": 5,
          "line": 69,
          "col": 3,
          "lit": "disable_nojekyll"
        },
        "value": {
          "type": 0,
          "file": 5,
          "line": 72,
          "col": 14,
          "lit": "false"
        }
      },
      {
        "key": {
          "type": 0,
          "file": 5,
          "line": 73,
          "col": 3,
          "lit": "cname"
        },
        "value": ""
      },
      {
        "key": {
          "type": 0,
          "file": 5,
          "line": 76,
          "col": 3,
          "lit": "exclude_assets"
        },
        "value": {
          "type": 0,
          "file": 5,
          "line": 79,
          "col": 14,
          "lit": ".github"
        }
      }
    ]
  },
  "execution": {
    "executionType": "nodeJS",
    "hasPre": false,
    "hasPost": false,
    "script": "lib/index.js",
    "pre": null,
    "post": null,
    "nodeVersion": "node16",
    "cleanupCondition": "always()",
    "initCondition": "always()"
  },
  "deprecated": null
}
[2026-06-09 13:17:15Z INFO ActionManager] Action pre node.js file: N/A.
[2026-06-09 13:17:15Z INFO ActionManager] Action node.js file: lib/index.js.
[2026-06-09 13:17:15Z INFO ActionManager] Action post node.js file: N/A.
[2026-06-09 13:17:15Z INFO HostContext] Well known directory 'Bin': 'C:\Users\vvaka\VisualStudio\repos\WorldBank.Automation.Solution\src\Automation.Framework\actions-runner\actions-runner-win-x64-2.334.0\bin'
[2026-06-09 13:17:15Z INFO HostContext] Well known directory 'Root': 'C:\Users\vvaka\VisualStudio\repos\WorldBank.Automation.Solution\src\Automation.Framework\actions-runner\actions-runner-win-x64-2.334.0'
[2026-06-09 13:17:15Z INFO HostContext] Well known directory 'Work': 'C:\Users\vvaka\VisualStudio\repos\WorldBank.Automation.Solution\src\Automation.Framework\actions-runner\actions-runner-win-x64-2.334.0\_work'
[2026-06-09 13:17:15Z INFO HostContext] Well known directory 'Actions': 'C:\Users\vvaka\VisualStudio\repos\WorldBank.Automation.Solution\src\Automation.Framework\actions-runner\actions-runner-win-x64-2.334.0\_work\_actions'
[2026-06-09 13:17:15Z INFO HostContext] Well known directory 'Bin': 'C:\Users\vvaka\VisualStudio\repos\WorldBank.Automation.Solution\src\Automation.Framework\actions-runner\actions-runner-win-x64-2.334.0\bin'
[2026-06-09 13:17:15Z INFO HostContext] Well known directory 'Root': 'C:\Users\vvaka\VisualStudio\repos\WorldBank.Automation.Solution\src\Automation.Framework\actions-runner\actions-runner-win-x64-2.334.0'
[2026-06-09 13:17:15Z INFO HostContext] Well known directory 'Work': 'C:\Users\vvaka\VisualStudio\repos\WorldBank.Automation.Solution\src\Automation.Framework\actions-runner\actions-runner-win-x64-2.334.0\_work'
[2026-06-09 13:17:15Z INFO HostContext] Well known directory 'Actions': 'C:\Users\vvaka\VisualStudio\repos\WorldBank.Automation.Solution\src\Automation.Framework\actions-runner\actions-runner-win-x64-2.334.0\_work\_actions'
[2026-06-09 13:17:15Z INFO ActionManifestManagerLegacy] Ignore action property author.
[2026-06-09 13:17:15Z INFO ActionManifestManagerLegacy] Loaded action.yml file: {
  "name": "Upload a Build Artifact",
  "description": "Upload a build artifact that can be used by subsequent workflow steps",
  "inputs": {
    "type": 2,
    "map": [
      {
        "key": {
          "type": 0,
          "file": 6,
          "line": 5,
          "col": 3,
          "lit": "name"
        },
        "value": {
          "type": 0,
          "file": 6,
          "line": 7,
          "col": 14,
          "lit": "artifact"
        }
      },
      {
        "key": {
          "type": 0,
          "file": 6,
          "line": 8,
          "col": 3,
          "lit": "path"
        },
        "value": ""
      },
      {
        "key": {
          "type": 0,
          "file": 6,
          "line": 11,
          "col": 3,
          "lit": "if-no-files-found"
        },
        "value": {
          "type": 0,
          "file": 6,
          "line": 19,
          "col": 14,
          "lit": "warn"
        }
      },
      {
        "key": {
          "type": 0,
          "file": 6,
          "line": 20,
          "col": 3,
          "lit": "retention-days"
        },
        "value": ""
      },
      {
        "key": {
          "type": 0,
          "file": 6,
          "line": 26,
          "col": 3,
          "lit": "compression-level"
        },
        "value": {
          "type": 0,
          "file": 6,
          "line": 36,
          "col": 14,
          "lit": "6"
        }
      },
      {
        "key": {
          "type": 0,
          "file": 6,
          "line": 37,
          "col": 3,
          "lit": "overwrite"
        },
        "value": {
          "type": 0,
          "file": 6,
          "line": 42,
          "col": 14,
          "lit": "false"
        }
      },
      {
        "key": {
          "type": 0,
          "file": 6,
          "line": 43,
          "col": 3,
          "lit": "include-hidden-files"
        },
        "value": {
          "type": 0,
          "file": 6,
          "line": 47,
          "col": 14,
          "lit": "false"
        }
      }
    ]
  },
  "execution": {
    "executionType": "nodeJS",
    "hasPre": false,
    "hasPost": false,
    "script": "dist/upload/index.js",
    "pre": null,
    "post": null,
    "nodeVersion": "node20",
    "cleanupCondition": "always()",
    "initCondition": "always()"
  },
  "deprecated": null
}
[2026-06-09 13:17:15Z INFO ActionManager] Action node.js file: dist/upload/index.js, no more preparation.
[2026-06-09 13:17:15Z INFO HostContext] Well known directory 'Bin': 'C:\Users\vvaka\VisualStudio\repos\WorldBank.Automation.Solution\src\Automation.Framework\actions-runner\actions-runner-win-x64-2.334.0\bin'
[2026-06-09 13:17:15Z INFO HostContext] Well known directory 'Root': 'C:\Users\vvaka\VisualStudio\repos\WorldBank.Automation.Solution\src\Automation.Framework\actions-runner\actions-runner-win-x64-2.334.0'
[2026-06-09 13:17:15Z INFO HostContext] Well known directory 'Work': 'C:\Users\vvaka\VisualStudio\repos\WorldBank.Automation.Solution\src\Automation.Framework\actions-runner\actions-runner-win-x64-2.334.0\_work'
[2026-06-09 13:17:15Z INFO HostContext] Well known directory 'Actions': 'C:\Users\vvaka\VisualStudio\repos\WorldBank.Automation.Solution\src\Automation.Framework\actions-runner\actions-runner-win-x64-2.334.0\_work\_actions'
[2026-06-09 13:17:15Z INFO ActionManager] Load action that reference repository from 'C:\Users\vvaka\VisualStudio\repos\WorldBank.Automation.Solution\src\Automation.Framework\actions-runner\actions-runner-win-x64-2.334.0\_work\_actions\actions\upload-artifact\v4'
[2026-06-09 13:17:15Z INFO HostContext] Well known directory 'Bin': 'C:\Users\vvaka\VisualStudio\repos\WorldBank.Automation.Solution\src\Automation.Framework\actions-runner\actions-runner-win-x64-2.334.0\bin'
[2026-06-09 13:17:15Z INFO HostContext] Well known directory 'Root': 'C:\Users\vvaka\VisualStudio\repos\WorldBank.Automation.Solution\src\Automation.Framework\actions-runner\actions-runner-win-x64-2.334.0'
[2026-06-09 13:17:15Z INFO HostContext] Well known directory 'Work': 'C:\Users\vvaka\VisualStudio\repos\WorldBank.Automation.Solution\src\Automation.Framework\actions-runner\actions-runner-win-x64-2.334.0\_work'
[2026-06-09 13:17:15Z INFO HostContext] Well known directory 'Actions': 'C:\Users\vvaka\VisualStudio\repos\WorldBank.Automation.Solution\src\Automation.Framework\actions-runner\actions-runner-win-x64-2.334.0\_work\_actions'
[2026-06-09 13:17:15Z INFO ActionManifestManagerLegacy] Ignore action property author.
[2026-06-09 13:17:15Z INFO ActionManifestManagerLegacy] Loaded action.yml file: {
  "name": "Upload a Build Artifact",
  "description": "Upload a build artifact that can be used by subsequent workflow steps",
  "inputs": {
    "type": 2,
    "map": [
      {
        "key": {
          "type": 0,
          "file": 6,
          "line": 5,
          "col": 3,
          "lit": "name"
        },
        "value": {
          "type": 0,
          "file": 6,
          "line": 7,
          "col": 14,
          "lit": "artifact"
        }
      },
      {
        "key": {
          "type": 0,
          "file": 6,
          "line": 8,
          "col": 3,
          "lit": "path"
        },
        "value": ""
      },
      {
        "key": {
          "type": 0,
          "file": 6,
          "line": 11,
          "col": 3,
          "lit": "if-no-files-found"
        },
        "value": {
          "type": 0,
          "file": 6,
          "line": 19,
          "col": 14,
          "lit": "warn"
        }
      },
      {
        "key": {
          "type": 0,
          "file": 6,
          "line": 20,
          "col": 3,
          "lit": "retention-days"
        },
        "value": ""
      },
      {
        "key": {
          "type": 0,
          "file": 6,
          "line": 26,
          "col": 3,
          "lit": "compression-level"
        },
        "value": {
          "type": 0,
          "file": 6,
          "line": 36,
          "col": 14,
          "lit": "6"
        }
      },
      {
        "key": {
          "type": 0,
          "file": 6,
          "line": 37,
          "col": 3,
          "lit": "overwrite"
        },
        "value": {
          "type": 0,
          "file": 6,
          "line": 42,
          "col": 14,
          "lit": "false"
        }
      },
      {
        "key": {
          "type": 0,
          "file": 6,
          "line": 43,
          "col": 3,
          "lit": "include-hidden-files"
        },
        "value": {
          "type": 0,
          "file": 6,
          "line": 47,
          "col": 14,
          "lit": "false"
        }
      }
    ]
  },
  "execution": {
    "executionType": "nodeJS",
    "hasPre": false,
    "hasPost": false,
    "script": "dist/upload/index.js",
    "pre": null,
    "post": null,
    "nodeVersion": "node20",
    "cleanupCondition": "always()",
    "initCondition": "always()"
  },
  "deprecated": null
}
[2026-06-09 13:17:15Z INFO ActionManager] Action pre node.js file: N/A.
[2026-06-09 13:17:15Z INFO ActionManager] Action node.js file: dist/upload/index.js.
[2026-06-09 13:17:15Z INFO ActionManager] Action post node.js file: N/A.
[2026-06-09 13:17:15Z INFO ActionManager] 1 steps need to build image from 'C:\Users\vvaka\VisualStudio\repos\WorldBank.Automation.Solution\src\Automation.Framework\actions-runner\actions-runner-win-x64-2.334.0\_work\_actions\simple-elf\allure-report-action\master\Dockerfile'
[2026-06-09 13:17:15Z INFO JobExtension] Adding .
[2026-06-09 13:17:15Z INFO JobExtension] Adding .
[2026-06-09 13:17:15Z INFO JobExtension] Adding .
[2026-06-09 13:17:15Z INFO JobExtension] Adding .
[2026-06-09 13:17:15Z INFO JobExtension] Adding .
[2026-06-09 13:17:15Z INFO JobExtension] Adding .
[2026-06-09 13:17:15Z INFO JobExtension] Adding .
[2026-06-09 13:17:15Z INFO JobExtension] Adding .
[2026-06-09 13:17:15Z INFO HostContext] Well known directory 'Bin': 'C:\Users\vvaka\VisualStudio\repos\WorldBank.Automation.Solution\src\Automation.Framework\actions-runner\actions-runner-win-x64-2.334.0\bin'
[2026-06-09 13:17:15Z INFO HostContext] Well known directory 'Root': 'C:\Users\vvaka\VisualStudio\repos\WorldBank.Automation.Solution\src\Automation.Framework\actions-runner\actions-runner-win-x64-2.334.0'
[2026-06-09 13:17:15Z INFO HostContext] Well known directory 'Diag': 'C:\Users\vvaka\VisualStudio\repos\WorldBank.Automation.Solution\src\Automation.Framework\actions-runner\actions-runner-win-x64-2.334.0\_diag'
[2026-06-09 13:17:15Z INFO HostContext] Well known directory 'Bin': 'C:\Users\vvaka\VisualStudio\repos\WorldBank.Automation.Solution\src\Automation.Framework\actions-runner\actions-runner-win-x64-2.334.0\bin'
[2026-06-09 13:17:15Z INFO HostContext] Well known directory 'Root': 'C:\Users\vvaka\VisualStudio\repos\WorldBank.Automation.Solution\src\Automation.Framework\actions-runner\actions-runner-win-x64-2.334.0'
[2026-06-09 13:17:15Z INFO HostContext] Well known directory 'Diag': 'C:\Users\vvaka\VisualStudio\repos\WorldBank.Automation.Solution\src\Automation.Framework\actions-runner\actions-runner-win-x64-2.334.0\_diag'
[2026-06-09 13:17:15Z INFO HostContext] Well known directory 'Bin': 'C:\Users\vvaka\VisualStudio\repos\WorldBank.Automation.Solution\src\Automation.Framework\actions-runner\actions-runner-win-x64-2.334.0\bin'
[2026-06-09 13:17:15Z INFO HostContext] Well known directory 'Root': 'C:\Users\vvaka\VisualStudio\repos\WorldBank.Automation.Solution\src\Automation.Framework\actions-runner\actions-runner-win-x64-2.334.0'
[2026-06-09 13:17:15Z INFO HostContext] Well known directory 'Diag': 'C:\Users\vvaka\VisualStudio\repos\WorldBank.Automation.Solution\src\Automation.Framework\actions-runner\actions-runner-win-x64-2.334.0\_diag'
[2026-06-09 13:17:15Z INFO HostContext] Well known directory 'Bin': 'C:\Users\vvaka\VisualStudio\repos\WorldBank.Automation.Solution\src\Automation.Framework\actions-runner\actions-runner-win-x64-2.334.0\bin'
[2026-06-09 13:17:15Z INFO HostContext] Well known directory 'Root': 'C:\Users\vvaka\VisualStudio\repos\WorldBank.Automation.Solution\src\Automation.Framework\actions-runner\actions-runner-win-x64-2.334.0'
[2026-06-09 13:17:15Z INFO HostContext] Well known directory 'Diag': 'C:\Users\vvaka\VisualStudio\repos\WorldBank.Automation.Solution\src\Automation.Framework\actions-runner\actions-runner-win-x64-2.334.0\_diag'
[2026-06-09 13:17:15Z INFO HostContext] Well known directory 'Bin': 'C:\Users\vvaka\VisualStudio\repos\WorldBank.Automation.Solution\src\Automation.Framework\actions-runner\actions-runner-win-x64-2.334.0\bin'
[2026-06-09 13:17:15Z INFO HostContext] Well known directory 'Root': 'C:\Users\vvaka\VisualStudio\repos\WorldBank.Automation.Solution\src\Automation.Framework\actions-runner\actions-runner-win-x64-2.334.0'
[2026-06-09 13:17:15Z INFO HostContext] Well known directory 'Diag': 'C:\Users\vvaka\VisualStudio\repos\WorldBank.Automation.Solution\src\Automation.Framework\actions-runner\actions-runner-win-x64-2.334.0\_diag'
[2026-06-09 13:17:15Z INFO HostContext] Well known directory 'Bin': 'C:\Users\vvaka\VisualStudio\repos\WorldBank.Automation.Solution\src\Automation.Framework\actions-runner\actions-runner-win-x64-2.334.0\bin'
[2026-06-09 13:17:15Z INFO HostContext] Well known directory 'Root': 'C:\Users\vvaka\VisualStudio\repos\WorldBank.Automation.Solution\src\Automation.Framework\actions-runner\actions-runner-win-x64-2.334.0'
[2026-06-09 13:17:15Z INFO HostContext] Well known directory 'Diag': 'C:\Users\vvaka\VisualStudio\repos\WorldBank.Automation.Solution\src\Automation.Framework\actions-runner\actions-runner-win-x64-2.334.0\_diag'
[2026-06-09 13:17:15Z INFO HostContext] Well known directory 'Bin': 'C:\Users\vvaka\VisualStudio\repos\WorldBank.Automation.Solution\src\Automation.Framework\actions-runner\actions-runner-win-x64-2.334.0\bin'
[2026-06-09 13:17:15Z INFO HostContext] Well known directory 'Root': 'C:\Users\vvaka\VisualStudio\repos\WorldBank.Automation.Solution\src\Automation.Framework\actions-runner\actions-runner-win-x64-2.334.0'
[2026-06-09 13:17:15Z INFO HostContext] Well known directory 'Diag': 'C:\Users\vvaka\VisualStudio\repos\WorldBank.Automation.Solution\src\Automation.Framework\actions-runner\actions-runner-win-x64-2.334.0\_diag'
[2026-06-09 13:17:15Z INFO HostContext] Well known directory 'Bin': 'C:\Users\vvaka\VisualStudio\repos\WorldBank.Automation.Solution\src\Automation.Framework\actions-runner\actions-runner-win-x64-2.334.0\bin'
[2026-06-09 13:17:15Z INFO HostContext] Well known directory 'Root': 'C:\Users\vvaka\VisualStudio\repos\WorldBank.Automation.Solution\src\Automation.Framework\actions-runner\actions-runner-win-x64-2.334.0'
[2026-06-09 13:17:15Z INFO HostContext] Well known directory 'Diag': 'C:\Users\vvaka\VisualStudio\repos\WorldBank.Automation.Solution\src\Automation.Framework\actions-runner\actions-runner-win-x64-2.334.0\_diag'
[2026-06-09 13:17:15Z INFO HostContext] Well known directory 'Bin': 'C:\Users\vvaka\VisualStudio\repos\WorldBank.Automation.Solution\src\Automation.Framework\actions-runner\actions-runner-win-x64-2.334.0\bin'
[2026-06-09 13:17:15Z INFO HostContext] Well known directory 'Root': 'C:\Users\vvaka\VisualStudio\repos\WorldBank.Automation.Solution\src\Automation.Framework\actions-runner\actions-runner-win-x64-2.334.0'
[2026-06-09 13:17:15Z INFO HostContext] Well known directory 'Diag': 'C:\Users\vvaka\VisualStudio\repos\WorldBank.Automation.Solution\src\Automation.Framework\actions-runner\actions-runner-win-x64-2.334.0\_diag'
[2026-06-09 13:17:15Z INFO HostContext] Well known directory 'Bin': 'C:\Users\vvaka\VisualStudio\repos\WorldBank.Automation.Solution\src\Automation.Framework\actions-runner\actions-runner-win-x64-2.334.0\bin'
[2026-06-09 13:17:15Z INFO HostContext] Well known directory 'Root': 'C:\Users\vvaka\VisualStudio\repos\WorldBank.Automation.Solution\src\Automation.Framework\actions-runner\actions-runner-win-x64-2.334.0'
[2026-06-09 13:17:15Z INFO HostContext] Well known directory 'Diag': 'C:\Users\vvaka\VisualStudio\repos\WorldBank.Automation.Solution\src\Automation.Framework\actions-runner\actions-runner-win-x64-2.334.0\_diag'
[2026-06-09 13:17:15Z INFO HostContext] Well known directory 'Bin': 'C:\Users\vvaka\VisualStudio\repos\WorldBank.Automation.Solution\src\Automation.Framework\actions-runner\actions-runner-win-x64-2.334.0\bin'
[2026-06-09 13:17:15Z INFO HostContext] Well known directory 'Root': 'C:\Users\vvaka\VisualStudio\repos\WorldBank.Automation.Solution\src\Automation.Framework\actions-runner\actions-runner-win-x64-2.334.0'
[2026-06-09 13:17:15Z INFO HostContext] Well known directory 'Diag': 'C:\Users\vvaka\VisualStudio\repos\WorldBank.Automation.Solution\src\Automation.Framework\actions-runner\actions-runner-win-x64-2.334.0\_diag'
[2026-06-09 13:17:15Z INFO HostContext] Well known directory 'Bin': 'C:\Users\vvaka\VisualStudio\repos\WorldBank.Automation.Solution\src\Automation.Framework\actions-runner\actions-runner-win-x64-2.334.0\bin'
[2026-06-09 13:17:15Z INFO HostContext] Well known directory 'Root': 'C:\Users\vvaka\VisualStudio\repos\WorldBank.Automation.Solution\src\Automation.Framework\actions-runner\actions-runner-win-x64-2.334.0'
[2026-06-09 13:17:15Z INFO HostContext] Well known directory 'Diag': 'C:\Users\vvaka\VisualStudio\repos\WorldBank.Automation.Solution\src\Automation.Framework\actions-runner\actions-runner-win-x64-2.334.0\_diag'
[2026-06-09 13:17:15Z INFO HostContext] Well known directory 'Bin': 'C:\Users\vvaka\VisualStudio\repos\WorldBank.Automation.Solution\src\Automation.Framework\actions-runner\actions-runner-win-x64-2.334.0\bin'
[2026-06-09 13:17:15Z INFO HostContext] Well known directory 'Root': 'C:\Users\vvaka\VisualStudio\repos\WorldBank.Automation.Solution\src\Automation.Framework\actions-runner\actions-runner-win-x64-2.334.0'
[2026-06-09 13:17:15Z INFO HostContext] Well known directory 'Diag': 'C:\Users\vvaka\VisualStudio\repos\WorldBank.Automation.Solution\src\Automation.Framework\actions-runner\actions-runner-win-x64-2.334.0\_diag'
[2026-06-09 13:17:15Z INFO HostContext] Well known directory 'Bin': 'C:\Users\vvaka\VisualStudio\repos\WorldBank.Automation.Solution\src\Automation.Framework\actions-runner\actions-runner-win-x64-2.334.0\bin'
[2026-06-09 13:17:15Z INFO HostContext] Well known directory 'Root': 'C:\Users\vvaka\VisualStudio\repos\WorldBank.Automation.Solution\src\Automation.Framework\actions-runner\actions-runner-win-x64-2.334.0'
[2026-06-09 13:17:15Z INFO HostContext] Well known directory 'Diag': 'C:\Users\vvaka\VisualStudio\repos\WorldBank.Automation.Solution\src\Automation.Framework\actions-runner\actions-runner-win-x64-2.334.0\_diag'
[2026-06-09 13:17:15Z INFO HostContext] Well known directory 'Bin': 'C:\Users\vvaka\VisualStudio\repos\WorldBank.Automation.Solution\src\Automation.Framework\actions-runner\actions-runner-win-x64-2.334.0\bin'
[2026-06-09 13:17:15Z INFO HostContext] Well known directory 'Root': 'C:\Users\vvaka\VisualStudio\repos\WorldBank.Automation.Solution\src\Automation.Framework\actions-runner\actions-runner-win-x64-2.334.0'
[2026-06-09 13:17:15Z INFO HostContext] Well known directory 'Diag': 'C:\Users\vvaka\VisualStudio\repos\WorldBank.Automation.Solution\src\Automation.Framework\actions-runner\actions-runner-win-x64-2.334.0\_diag'
[2026-06-09 13:17:15Z INFO HostContext] Well known directory 'Bin': 'C:\Users\vvaka\VisualStudio\repos\WorldBank.Automation.Solution\src\Automation.Framework\actions-runner\actions-runner-win-x64-2.334.0\bin'
[2026-06-09 13:17:15Z INFO HostContext] Well known directory 'Root': 'C:\Users\vvaka\VisualStudio\repos\WorldBank.Automation.Solution\src\Automation.Framework\actions-runner\actions-runner-win-x64-2.334.0'
[2026-06-09 13:17:15Z INFO HostContext] Well known directory 'Diag': 'C:\Users\vvaka\VisualStudio\repos\WorldBank.Automation.Solution\src\Automation.Framework\actions-runner\actions-runner-win-x64-2.334.0\_diag'
[2026-06-09 13:17:15Z INFO JobExtension] Total accessible running process: 437.
[2026-06-09 13:17:15Z INFO HostContext] Well known directory 'Bin': 'C:\Users\vvaka\VisualStudio\repos\WorldBank.Automation.Solution\src\Automation.Framework\actions-runner\actions-runner-win-x64-2.334.0\bin'
[2026-06-09 13:17:15Z INFO HostContext] Well known directory 'Root': 'C:\Users\vvaka\VisualStudio\repos\WorldBank.Automation.Solution\src\Automation.Framework\actions-runner\actions-runner-win-x64-2.334.0'
[2026-06-09 13:17:15Z INFO HostContext] Well known directory 'Work': 'C:\Users\vvaka\VisualStudio\repos\WorldBank.Automation.Solution\src\Automation.Framework\actions-runner\actions-runner-win-x64-2.334.0\_work'
[2026-06-09 13:17:15Z INFO JobExtension] Start checking server connectivity.
[2026-06-09 13:17:15Z INFO JobExtension] Check server connectivity for https://broker.actions.githubusercontent.com/health.
[2026-06-09 13:17:15Z INFO JobExtension] Check server connectivity for https://token.actions.githubusercontent.com/ready.
[2026-06-09 13:17:15Z INFO JobExtension] Check server connectivity for https://run.actions.githubusercontent.com/health.
[2026-06-09 13:17:15Z INFO JobExtension] Start checking service connectivity in background.
[2026-06-09 13:17:15Z INFO ExecutionContext] Publish step telemetry for current step {
  "action": "setup_job",
  "type": "runner",
  "stage": "Pre",
  "stepId": "e7bd8085-cc5f-437a-b969-5ada1d64f02b",
  "result": "succeeded",
  "errorMessages": [],
  "executionTimeInSeconds": 9,
  "startTime": "2026-06-09T13:17:06.6768934Z",
  "finishTime": "2026-06-09T13:17:15.3673424Z"
}.
[2026-06-09 13:17:15Z INFO JobRunner] Total job steps: 8.
[2026-06-09 13:17:15Z INFO JobRunner] Run all job steps.
[2026-06-09 13:17:15Z INFO DapDebugger] DapDebugger initialized
[2026-06-09 13:17:15Z INFO StepsRunner] Processing step: DisplayName='📥 Checkout Repository'
[2026-06-09 13:17:15Z INFO StepsRunner] Evaluating: success()
[2026-06-09 13:17:15Z INFO StepsRunner] Result: true
[2026-06-09 13:17:15Z INFO StepsRunner] Starting the step.
[2026-06-09 13:17:15Z INFO HostContext] Well known directory 'Bin': 'C:\Users\vvaka\VisualStudio\repos\WorldBank.Automation.Solution\src\Automation.Framework\actions-runner\actions-runner-win-x64-2.334.0\bin'
[2026-06-09 13:17:15Z INFO HostContext] Well known directory 'Root': 'C:\Users\vvaka\VisualStudio\repos\WorldBank.Automation.Solution\src\Automation.Framework\actions-runner\actions-runner-win-x64-2.334.0'
[2026-06-09 13:17:15Z INFO HostContext] Well known directory 'Work': 'C:\Users\vvaka\VisualStudio\repos\WorldBank.Automation.Solution\src\Automation.Framework\actions-runner\actions-runner-win-x64-2.334.0\_work'
[2026-06-09 13:17:15Z INFO StepsRunner] Which2: 'chcp'
[2026-06-09 13:17:15Z INFO StepsRunner] Location: 'C:\WINDOWS\system32\chcp.COM'
[2026-06-09 13:17:15Z INFO JobServerQueue] Try to append 1 batches web console lines for record 'e7bd8085-cc5f-437a-b969-5ada1d64f02b', success rate: 1/1.
[2026-06-09 13:17:15Z INFO ProcessInvokerWrapper] Starting process:
[2026-06-09 13:17:15Z INFO ProcessInvokerWrapper]   File name: 'C:\WINDOWS\system32\chcp.COM'
[2026-06-09 13:17:15Z INFO ProcessInvokerWrapper]   Arguments: '65001'
[2026-06-09 13:17:15Z INFO ProcessInvokerWrapper]   Working directory: 'C:\Users\vvaka\VisualStudio\repos\WorldBank.Automation.Solution\src\Automation.Framework\actions-runner\actions-runner-win-x64-2.334.0\_work'
[2026-06-09 13:17:15Z INFO ProcessInvokerWrapper]   Require exit code zero: 'False'
[2026-06-09 13:17:15Z INFO ProcessInvokerWrapper]   Encoding web name:  ; code page: ''
[2026-06-09 13:17:15Z INFO ProcessInvokerWrapper]   Force kill process on cancellation: 'False'
[2026-06-09 13:17:15Z INFO ProcessInvokerWrapper]   Redirected STDIN: 'False'
[2026-06-09 13:17:15Z INFO ProcessInvokerWrapper]   Persist current code page: 'True'
[2026-06-09 13:17:15Z INFO ProcessInvokerWrapper]   Keep redirected STDIN open: 'False'
[2026-06-09 13:17:15Z INFO ProcessInvokerWrapper]   High priority process: 'False'
[2026-06-09 13:17:15Z INFO ProcessInvokerWrapper] Process started with process id 19372, waiting for process exit.
[2026-06-09 13:17:15Z INFO ProcessInvokerWrapper] STDOUT/STDERR stream read finished.
[2026-06-09 13:17:15Z INFO ProcessInvokerWrapper] STDOUT/STDERR stream read finished.
[2026-06-09 13:17:15Z INFO ProcessInvokerWrapper] Finished process 19372 with exit code 0, and elapsed time 00:00:00.0456596.
[2026-06-09 13:17:15Z INFO StepsRunner] Successfully returned to code page 65001 (UTF8)
[2026-06-09 13:17:15Z INFO HostContext] Well known directory 'Bin': 'C:\Users\vvaka\VisualStudio\repos\WorldBank.Automation.Solution\src\Automation.Framework\actions-runner\actions-runner-win-x64-2.334.0\bin'
[2026-06-09 13:17:15Z INFO HostContext] Well known directory 'Root': 'C:\Users\vvaka\VisualStudio\repos\WorldBank.Automation.Solution\src\Automation.Framework\actions-runner\actions-runner-win-x64-2.334.0'
[2026-06-09 13:17:15Z INFO HostContext] Well known directory 'Work': 'C:\Users\vvaka\VisualStudio\repos\WorldBank.Automation.Solution\src\Automation.Framework\actions-runner\actions-runner-win-x64-2.334.0\_work'
[2026-06-09 13:17:15Z INFO HostContext] Well known directory 'Actions': 'C:\Users\vvaka\VisualStudio\repos\WorldBank.Automation.Solution\src\Automation.Framework\actions-runner\actions-runner-win-x64-2.334.0\_work\_actions'
[2026-06-09 13:17:15Z INFO ActionManager] Load action that reference repository from 'C:\Users\vvaka\VisualStudio\repos\WorldBank.Automation.Solution\src\Automation.Framework\actions-runner\actions-runner-win-x64-2.334.0\_work\_actions\actions\checkout\v4'
[2026-06-09 13:17:15Z INFO HostContext] Well known directory 'Bin': 'C:\Users\vvaka\VisualStudio\repos\WorldBank.Automation.Solution\src\Automation.Framework\actions-runner\actions-runner-win-x64-2.334.0\bin'
[2026-06-09 13:17:15Z INFO HostContext] Well known directory 'Root': 'C:\Users\vvaka\VisualStudio\repos\WorldBank.Automation.Solution\src\Automation.Framework\actions-runner\actions-runner-win-x64-2.334.0'
[2026-06-09 13:17:15Z INFO HostContext] Well known directory 'Work': 'C:\Users\vvaka\VisualStudio\repos\WorldBank.Automation.Solution\src\Automation.Framework\actions-runner\actions-runner-win-x64-2.334.0\_work'
[2026-06-09 13:17:15Z INFO HostContext] Well known directory 'Actions': 'C:\Users\vvaka\VisualStudio\repos\WorldBank.Automation.Solution\src\Automation.Framework\actions-runner\actions-runner-win-x64-2.334.0\_work\_actions'
[2026-06-09 13:17:15Z INFO ActionManifestManagerLegacy] Loaded action.yml file: {
  "name": "Checkout",
  "description": "Checkout a Git repository at a particular version",
  "inputs": {
    "type": 2,
    "map": [
      {
        "key": {
          "type": 0,
          "file": 2,
          "line": 4,
          "col": 3,
          "lit": "repository"
        },
        "value": {
          "type": 3,
          "file": 2,
          "line": 6,
          "col": 14,
          "expr": "github.repository"
        }
      },
      {
        "key": {
          "type": 0,
          "file": 2,
          "line": 7,
          "col": 3,
          "lit": "ref"
        },
        "value": ""
      },
      {
        "key": {
          "type": 0,
          "file": 2,
          "line": 12,
          "col": 3,
          "lit": "token"
        },
        "value": {
          "type": 3,
          "file": 2,
          "line": 24,
          "col": 14,
          "expr": "github.token"
        }
      },
      {
        "key": {
          "type": 0,
          "file": 2,
          "line": 25,
          "col": 3,
          "lit": "ssh-key"
        },
        "value": ""
      },
      {
        "key": {
          "type": 0,
          "file": 2,
          "line": 37,
          "col": 3,
          "lit": "ssh-known-hosts"
        },
        "value": ""
      },
      {
        "key": {
          "type": 0,
          "file": 2,
          "line": 42,
          "col": 3,
          "lit": "ssh-strict"
        },
        "value": {
          "type": 0,
          "file": 2,
          "line": 47,
          "col": 14,
          "lit": "true"
        }
      },
      {
        "key": {
          "type": 0,
          "file": 2,
          "line": 48,
          "col": 3,
          "lit": "ssh-user"
        },
        "value": {
          "type": 0,
          "file": 2,
          "line": 51,
          "col": 14,
          "lit": "git"
        }
      },
      {
        "key": {
          "type": 0,
          "file": 2,
          "line": 52,
          "col": 3,
          "lit": "persist-credentials"
        },
        "value": {
          "type": 0,
          "file": 2,
          "line": 54,
          "col": 14,
          "lit": "true"
        }
      },
      {
        "key": {
          "type": 0,
          "file": 2,
          "line": 55,
          "col": 3,
          "lit": "path"
        },
        "value": ""
      },
      {
        "key": {
          "type": 0,
          "file": 2,
          "line": 57,
          "col": 3,
          "lit": "clean"
        },
        "value": {
          "type": 0,
          "file": 2,
          "line": 59,
          "col": 14,
          "lit": "true"
        }
      },
      {
        "key": {
          "type": 0,
          "file": 2,
          "line": 60,
          "col": 3,
          "lit": "filter"
        },
        "value": {
          "type": 0,
          "file": 2,
          "line": 64,
          "col": 14,
          "lit": ""
        }
      },
      {
        "key": {
          "type": 0,
          "file": 2,
          "line": 65,
          "col": 3,
          "lit": "sparse-checkout"
        },
        "value": {
          "type": 0,
          "file": 2,
          "line": 69,
          "col": 14,
          "lit": ""
        }
      },
      {
        "key": {
          "type": 0,
          "file": 2,
          "line": 70,
          "col": 3,
          "lit": "sparse-checkout-cone-mode"
        },
        "value": {
          "type": 0,
          "file": 2,
          "line": 73,
          "col": 14,
          "lit": "true"
        }
      },
      {
        "key": {
          "type": 0,
          "file": 2,
          "line": 74,
          "col": 3,
          "lit": "fetch-depth"
        },
        "value": {
          "type": 0,
          "file": 2,
          "line": 76,
          "col": 14,
          "lit": "1"
        }
      },
      {
        "key": {
          "type": 0,
          "file": 2,
          "line": 77,
          "col": 3,
          "lit": "fetch-tags"
        },
        "value": {
          "type": 0,
          "file": 2,
          "line": 79,
          "col": 14,
          "lit": "false"
        }
      },
      {
        "key": {
          "type": 0,
          "file": 2,
          "line": 80,
          "col": 3,
          "lit": "show-progress"
        },
        "value": {
          "type": 0,
          "file": 2,
          "line": 82,
          "col": 14,
          "lit": "true"
        }
      },
      {
        "key": {
          "type": 0,
          "file": 2,
          "line": 83,
          "col": 3,
          "lit": "lfs"
        },
        "value": {
          "type": 0,
          "file": 2,
          "line": 85,
          "col": 14,
          "lit": "false"
        }
      },
      {
        "key": {
          "type": 0,
          "file": 2,
          "line": 86,
          "col": 3,
          "lit": "submodules"
        },
        "value": {
          "type": 0,
          "file": 2,
          "line": 94,
          "col": 14,
          "lit": "false"
        }
      },
      {
        "key": {
          "type": 0,
          "file": 2,
          "line": 95,
          "col": 3,
          "lit": "set-safe-directory"
        },
        "value": {
          "type": 0,
          "file": 2,
          "line": 97,
          "col": 14,
          "lit": "true"
        }
      },
      {
        "key": {
          "type": 0,
          "file": 2,
          "line": 98,
          "col": 3,
          "lit": "github-server-url"
        },
        "value": ""
      }
    ]
  },
  "execution": {
    "executionType": "nodeJS",
    "hasPre": false,
    "hasPost": true,
    "script": "dist/index.js",
    "pre": null,
    "post": "dist/index.js",
    "nodeVersion": "node20",
    "cleanupCondition": "always()",
    "initCondition": "always()"
  },
  "deprecated": null
}
[2026-06-09 13:17:15Z INFO ActionManager] Action pre node.js file: N/A.
[2026-06-09 13:17:15Z INFO ActionManager] Action node.js file: dist/index.js.
[2026-06-09 13:17:15Z INFO ActionManager] Action post node.js file: dist/index.js.
[2026-06-09 13:17:15Z INFO ExecutionContext] Reserve record order 10 to 18 for post job actions.
[2026-06-09 13:17:15Z INFO HostContext] Well known directory 'Bin': 'C:\Users\vvaka\VisualStudio\repos\WorldBank.Automation.Solution\src\Automation.Framework\actions-runner\actions-runner-win-x64-2.334.0\bin'
[2026-06-09 13:17:15Z INFO HostContext] Well known directory 'Root': 'C:\Users\vvaka\VisualStudio\repos\WorldBank.Automation.Solution\src\Automation.Framework\actions-runner\actions-runner-win-x64-2.334.0'
[2026-06-09 13:17:15Z INFO HostContext] Well known directory 'Diag': 'C:\Users\vvaka\VisualStudio\repos\WorldBank.Automation.Solution\src\Automation.Framework\actions-runner\actions-runner-win-x64-2.334.0\_diag'
[2026-06-09 13:17:15Z INFO HostContext] Well known directory 'Bin': 'C:\Users\vvaka\VisualStudio\repos\WorldBank.Automation.Solution\src\Automation.Framework\actions-runner\actions-runner-win-x64-2.334.0\bin'
[2026-06-09 13:17:15Z INFO HostContext] Well known directory 'Root': 'C:\Users\vvaka\VisualStudio\repos\WorldBank.Automation.Solution\src\Automation.Framework\actions-runner\actions-runner-win-x64-2.334.0'
[2026-06-09 13:17:15Z INFO HostContext] Well known directory 'Diag': 'C:\Users\vvaka\VisualStudio\repos\WorldBank.Automation.Solution\src\Automation.Framework\actions-runner\actions-runner-win-x64-2.334.0\_diag'
[2026-06-09 13:17:15Z INFO HostContext] Well known directory 'Bin': 'C:\Users\vvaka\VisualStudio\repos\WorldBank.Automation.Solution\src\Automation.Framework\actions-runner\actions-runner-win-x64-2.334.0\bin'
[2026-06-09 13:17:15Z INFO HostContext] Well known directory 'Root': 'C:\Users\vvaka\VisualStudio\repos\WorldBank.Automation.Solution\src\Automation.Framework\actions-runner\actions-runner-win-x64-2.334.0'
[2026-06-09 13:17:15Z INFO HostContext] Well known directory 'Work': 'C:\Users\vvaka\VisualStudio\repos\WorldBank.Automation.Solution\src\Automation.Framework\actions-runner\actions-runner-win-x64-2.334.0\_work'
[2026-06-09 13:17:15Z INFO HostContext] Well known directory 'Temp': 'C:\Users\vvaka\VisualStudio\repos\WorldBank.Automation.Solution\src\Automation.Framework\actions-runner\actions-runner-win-x64-2.334.0\_work\_temp'
[2026-06-09 13:17:15Z INFO ExecutionContext] Write event payload to C:\Users\vvaka\VisualStudio\repos\WorldBank.Automation.Solution\src\Automation.Framework\actions-runner\actions-runner-win-x64-2.334.0\_work\_temp\_github_workflow\event.json
[2026-06-09 13:17:15Z INFO HostContext] Well known directory 'Bin': 'C:\Users\vvaka\VisualStudio\repos\WorldBank.Automation.Solution\src\Automation.Framework\actions-runner\actions-runner-win-x64-2.334.0\bin'
[2026-06-09 13:17:15Z INFO HostContext] Well known directory 'Root': 'C:\Users\vvaka\VisualStudio\repos\WorldBank.Automation.Solution\src\Automation.Framework\actions-runner\actions-runner-win-x64-2.334.0'
[2026-06-09 13:17:15Z INFO HostContext] Well known directory 'Work': 'C:\Users\vvaka\VisualStudio\repos\WorldBank.Automation.Solution\src\Automation.Framework\actions-runner\actions-runner-win-x64-2.334.0\_work'
[2026-06-09 13:17:15Z INFO HostContext] Well known directory 'Temp': 'C:\Users\vvaka\VisualStudio\repos\WorldBank.Automation.Solution\src\Automation.Framework\actions-runner\actions-runner-win-x64-2.334.0\_work\_temp'
[2026-06-09 13:17:15Z INFO ExtensionManager] Getting extensions for interface: 'GitHub.Runner.Worker.IFileCommandExtension'
[2026-06-09 13:17:15Z INFO ExtensionManager] Creating instance: GitHub.Runner.Worker.AddPathFileCommand, Runner.Worker
[2026-06-09 13:17:15Z INFO ExtensionManager] Creating instance: GitHub.Runner.Worker.SetEnvFileCommand, Runner.Worker
[2026-06-09 13:17:15Z INFO ExtensionManager] Creating instance: GitHub.Runner.Worker.CreateStepSummaryCommand, Runner.Worker
[2026-06-09 13:17:15Z INFO ExtensionManager] Creating instance: GitHub.Runner.Worker.SaveStateFileCommand, Runner.Worker
[2026-06-09 13:17:15Z INFO ExtensionManager] Creating instance: GitHub.Runner.Worker.SetOutputFileCommand, Runner.Worker
[2026-06-09 13:17:15Z INFO ActionManifestManagerLegacy] Input 'repository': default value evaluate result: {
  "type": 0,
  "file": 2,
  "line": 6,
  "col": 14,
  "lit": "ViktorVakareev/WorldBank-Core-Automation-Playwrite"
}
[2026-06-09 13:17:15Z INFO ActionManifestManagerLegacy] Input 'ref': default value evaluate result: ""
[2026-06-09 13:17:15Z INFO ActionManifestManagerLegacy] Input 'token': default value evaluate result: {
  "type": 0,
  "file": 2,
  "line": 24,
  "col": 14,
  "lit": "***"
}
[2026-06-09 13:17:15Z INFO ActionManifestManagerLegacy] Input 'ssh-key': default value evaluate result: ""
[2026-06-09 13:17:15Z INFO ActionManifestManagerLegacy] Input 'ssh-known-hosts': default value evaluate result: ""
[2026-06-09 13:17:15Z INFO ActionManifestManagerLegacy] Input 'ssh-strict': default value evaluate result: {
  "type": 0,
  "file": 2,
  "line": 47,
  "col": 14,
  "lit": "true"
}
[2026-06-09 13:17:15Z INFO ActionManifestManagerLegacy] Input 'ssh-user': default value evaluate result: {
  "type": 0,
  "file": 2,
  "line": 51,
  "col": 14,
  "lit": "git"
}
[2026-06-09 13:17:15Z INFO ActionManifestManagerLegacy] Input 'persist-credentials': default value evaluate result: {
  "type": 0,
  "file": 2,
  "line": 54,
  "col": 14,
  "lit": "true"
}
[2026-06-09 13:17:15Z INFO ActionManifestManagerLegacy] Input 'path': default value evaluate result: ""
[2026-06-09 13:17:15Z INFO ActionManifestManagerLegacy] Input 'clean': default value evaluate result: {
  "type": 0,
  "file": 2,
  "line": 59,
  "col": 14,
  "lit": "true"
}
[2026-06-09 13:17:15Z INFO ActionManifestManagerLegacy] Input 'filter': default value evaluate result: {
  "type": 0,
  "file": 2,
  "line": 64,
  "col": 14,
  "lit": ""
}
[2026-06-09 13:17:15Z INFO ActionManifestManagerLegacy] Input 'sparse-checkout': default value evaluate result: {
  "type": 0,
  "file": 2,
  "line": 69,
  "col": 14,
  "lit": ""
}
[2026-06-09 13:17:15Z INFO ActionManifestManagerLegacy] Input 'sparse-checkout-cone-mode': default value evaluate result: {
  "type": 0,
  "file": 2,
  "line": 73,
  "col": 14,
  "lit": "true"
}
[2026-06-09 13:17:15Z INFO ActionManifestManagerLegacy] Input 'fetch-depth': default value evaluate result: {
  "type": 0,
  "file": 2,
  "line": 76,
  "col": 14,
  "lit": "1"
}
[2026-06-09 13:17:15Z INFO ActionManifestManagerLegacy] Input 'fetch-tags': default value evaluate result: {
  "type": 0,
  "file": 2,
  "line": 79,
  "col": 14,
  "lit": "false"
}
[2026-06-09 13:17:15Z INFO ActionManifestManagerLegacy] Input 'show-progress': default value evaluate result: {
  "type": 0,
  "file": 2,
  "line": 82,
  "col": 14,
  "lit": "true"
}
[2026-06-09 13:17:15Z INFO ActionManifestManagerLegacy] Input 'lfs': default value evaluate result: {
  "type": 0,
  "file": 2,
  "line": 85,
  "col": 14,
  "lit": "false"
}
[2026-06-09 13:17:15Z INFO ActionManifestManagerLegacy] Input 'submodules': default value evaluate result: {
  "type": 0,
  "file": 2,
  "line": 94,
  "col": 14,
  "lit": "false"
}
[2026-06-09 13:17:15Z INFO ActionManifestManagerLegacy] Input 'set-safe-directory': default value evaluate result: {
  "type": 0,
  "file": 2,
  "line": 97,
  "col": 14,
  "lit": "true"
}
[2026-06-09 13:17:15Z INFO ActionManifestManagerLegacy] Input 'github-server-url': default value evaluate result: ""
[2026-06-09 13:17:15Z INFO ExtensionManager] Getting extensions for interface: 'GitHub.Runner.Worker.IActionCommandExtension'
[2026-06-09 13:17:15Z INFO ExtensionManager] Creating instance: GitHub.Runner.Worker.InternalPluginSetRepoPathCommandExtension, Runner.Worker
[2026-06-09 13:17:15Z INFO ExtensionManager] Creating instance: GitHub.Runner.Worker.SetEnvCommandExtension, Runner.Worker
[2026-06-09 13:17:15Z INFO ExtensionManager] Creating instance: GitHub.Runner.Worker.SetOutputCommandExtension, Runner.Worker
[2026-06-09 13:17:15Z INFO ExtensionManager] Creating instance: GitHub.Runner.Worker.SaveStateCommandExtension, Runner.Worker
[2026-06-09 13:17:15Z INFO ExtensionManager] Creating instance: GitHub.Runner.Worker.AddPathCommandExtension, Runner.Worker
[2026-06-09 13:17:15Z INFO ExtensionManager] Creating instance: GitHub.Runner.Worker.AddMaskCommandExtension, Runner.Worker
[2026-06-09 13:17:15Z INFO ExtensionManager] Creating instance: GitHub.Runner.Worker.AddMatcherCommandExtension, Runner.Worker
[2026-06-09 13:17:15Z INFO ExtensionManager] Creating instance: GitHub.Runner.Worker.RemoveMatcherCommandExtension, Runner.Worker
[2026-06-09 13:17:15Z INFO ExtensionManager] Creating instance: GitHub.Runner.Worker.WarningCommandExtension, Runner.Worker
[2026-06-09 13:17:15Z INFO ExtensionManager] Creating instance: GitHub.Runner.Worker.ErrorCommandExtension, Runner.Worker
[2026-06-09 13:17:15Z INFO ExtensionManager] Creating instance: GitHub.Runner.Worker.NoticeCommandExtension, Runner.Worker
[2026-06-09 13:17:15Z INFO ExtensionManager] Creating instance: GitHub.Runner.Worker.DebugCommandExtension, Runner.Worker
[2026-06-09 13:17:15Z INFO ExtensionManager] Creating instance: GitHub.Runner.Worker.GroupCommandExtension, Runner.Worker
[2026-06-09 13:17:15Z INFO ExtensionManager] Creating instance: GitHub.Runner.Worker.EndGroupCommandExtension, Runner.Worker
[2026-06-09 13:17:15Z INFO ExtensionManager] Creating instance: GitHub.Runner.Worker.EchoCommandExtension, Runner.Worker
[2026-06-09 13:17:15Z INFO ActionCommandManager] Register action command extension for command internal-set-repo-path
[2026-06-09 13:17:15Z INFO ActionCommandManager] Register action command extension for command set-env
[2026-06-09 13:17:15Z INFO ActionCommandManager] Register action command extension for command set-output
[2026-06-09 13:17:15Z INFO ActionCommandManager] Register action command extension for command save-state
[2026-06-09 13:17:15Z INFO ActionCommandManager] Register action command extension for command add-path
[2026-06-09 13:17:15Z INFO ActionCommandManager] Register action command extension for command add-mask
[2026-06-09 13:17:15Z INFO ActionCommandManager] Register action command extension for command add-matcher
[2026-06-09 13:17:15Z INFO ActionCommandManager] Register action command extension for command remove-matcher
[2026-06-09 13:17:15Z INFO ActionCommandManager] Register action command extension for command warning
[2026-06-09 13:17:15Z INFO ActionCommandManager] Register action command extension for command error
[2026-06-09 13:17:15Z INFO ActionCommandManager] Register action command extension for command notice
[2026-06-09 13:17:15Z INFO ActionCommandManager] Register action command extension for command debug
[2026-06-09 13:17:15Z INFO ActionCommandManager] Register action command extension for command group
[2026-06-09 13:17:15Z INFO ActionCommandManager] Register action command extension for command endgroup
[2026-06-09 13:17:15Z INFO ActionCommandManager] Register action command extension for command echo
[2026-06-09 13:17:15Z INFO HostContext] Well known directory 'Bin': 'C:\Users\vvaka\VisualStudio\repos\WorldBank.Automation.Solution\src\Automation.Framework\actions-runner\actions-runner-win-x64-2.334.0\bin'
[2026-06-09 13:17:15Z INFO HostContext] Well known directory 'Root': 'C:\Users\vvaka\VisualStudio\repos\WorldBank.Automation.Solution\src\Automation.Framework\actions-runner\actions-runner-win-x64-2.334.0'
[2026-06-09 13:17:15Z INFO HostContext] Well known directory 'Externals': 'C:\Users\vvaka\VisualStudio\repos\WorldBank.Automation.Solution\src\Automation.Framework\actions-runner\actions-runner-win-x64-2.334.0\externals'
[2026-06-09 13:17:15Z INFO ProcessInvokerWrapper] Starting process:
[2026-06-09 13:17:15Z INFO ProcessInvokerWrapper]   File name: 'C:\Users\vvaka\VisualStudio\repos\WorldBank.Automation.Solution\src\Automation.Framework\actions-runner\actions-runner-win-x64-2.334.0\externals\node20\bin\node.exe'
[2026-06-09 13:17:15Z INFO ProcessInvokerWrapper]   Arguments: '"C:\Users\vvaka\VisualStudio\repos\WorldBank.Automation.Solution\src\Automation.Framework\actions-runner\actions-runner-win-x64-2.334.0\_work\_actions\actions\checkout\v4\dist/index.js"'
[2026-06-09 13:17:15Z INFO ProcessInvokerWrapper]   Working directory: 'C:\Users\vvaka\VisualStudio\repos\WorldBank.Automation.Solution\src\Automation.Framework\actions-runner\actions-runner-win-x64-2.334.0\_work\WorldBank-Core-Automation-Playwrite\WorldBank-Core-Automation-Playwrite'
[2026-06-09 13:17:15Z INFO ProcessInvokerWrapper]   Require exit code zero: 'False'
[2026-06-09 13:17:15Z INFO ProcessInvokerWrapper]   Encoding web name: utf-8 ; code page: '65001'
[2026-06-09 13:17:15Z INFO ProcessInvokerWrapper]   Force kill process on cancellation: 'False'
[2026-06-09 13:17:15Z INFO ProcessInvokerWrapper]   Redirected STDIN: 'False'
[2026-06-09 13:17:15Z INFO ProcessInvokerWrapper]   Persist current code page: 'True'
[2026-06-09 13:17:15Z INFO ProcessInvokerWrapper]   Keep redirected STDIN open: 'False'
[2026-06-09 13:17:15Z INFO ProcessInvokerWrapper]   High priority process: 'False'
[2026-06-09 13:17:15Z INFO ProcessInvokerWrapper] Process started with process id 56616, waiting for process exit.
[2026-06-09 13:17:15Z INFO JobServerQueue] Try to append 1 batches web console lines for record '684abd75-af81-4bec-bfa7-c13409868d90', success rate: 1/1.
[2026-06-09 13:17:15Z INFO JobServerQueue] Got a step log file to send to results service.
[2026-06-09 13:17:15Z INFO JobServerQueue] Starting upload of step log file to results service ResultsLog, C:\Users\vvaka\VisualStudio\repos\WorldBank.Automation.Solution\src\Automation.Framework\actions-runner\actions-runner-win-x64-2.334.0\_diag\blocks\68dc7fdf-0a37-4d80-9fb0-60a06311ab83_e7bd8085-cc5f-437a-b969-5ada1d64f02b.1
[2026-06-09 13:17:15Z INFO JobServerQueue] Try to upload 1 log files or attachments, success rate: 1/1.
[2026-06-09 13:17:15Z INFO AddMaskCommandExtension] Add new secret mask with length of 588
[2026-06-09 13:17:15Z INFO JobServerQueue] Try to append 1 batches web console lines for record '684abd75-af81-4bec-bfa7-c13409868d90', success rate: 1/1.
[2026-06-09 13:17:16Z INFO JobServerQueue] Try to append 1 batches web console lines for record '684abd75-af81-4bec-bfa7-c13409868d90', success rate: 1/1.
[2026-06-09 13:17:16Z INFO JobServerQueue] Tried to upload 1 file(s) to results, success rate: 1/1.
[2026-06-09 13:17:17Z INFO JobServerQueue] Try to append 1 batches web console lines for record '684abd75-af81-4bec-bfa7-c13409868d90', success rate: 1/1.
[2026-06-09 13:17:17Z INFO JobServerQueue] Try to append 1 batches web console lines for record '684abd75-af81-4bec-bfa7-c13409868d90', success rate: 1/1.
[2026-06-09 13:17:18Z INFO JobServerQueue] Try to append 1 batches web console lines for record '684abd75-af81-4bec-bfa7-c13409868d90', success rate: 1/1.
[2026-06-09 13:17:18Z INFO JobServerQueue] Try to append 1 batches web console lines for record '684abd75-af81-4bec-bfa7-c13409868d90', success rate: 1/1.
[2026-06-09 13:17:19Z INFO JobServerQueue] Try to append 1 batches web console lines for record '684abd75-af81-4bec-bfa7-c13409868d90', success rate: 1/1.
[2026-06-09 13:17:20Z INFO JobServerQueue] Try to append 1 batches web console lines for record '684abd75-af81-4bec-bfa7-c13409868d90', success rate: 1/1.
[2026-06-09 13:17:22Z INFO JobServerQueue] Try to append 1 batches web console lines for record '684abd75-af81-4bec-bfa7-c13409868d90', success rate: 1/1.
[2026-06-09 13:17:22Z INFO JobServerQueue] Try to append 1 batches web console lines for record '684abd75-af81-4bec-bfa7-c13409868d90', success rate: 1/1.
[2026-06-09 13:17:23Z INFO JobServerQueue] Try to append 1 batches web console lines for record '684abd75-af81-4bec-bfa7-c13409868d90', success rate: 1/1.
[2026-06-09 13:17:25Z INFO HostContext] Well known directory 'Bin': 'C:\Users\vvaka\VisualStudio\repos\WorldBank.Automation.Solution\src\Automation.Framework\actions-runner\actions-runner-win-x64-2.334.0\bin'
[2026-06-09 13:17:25Z INFO HostContext] Well known directory 'Root': 'C:\Users\vvaka\VisualStudio\repos\WorldBank.Automation.Solution\src\Automation.Framework\actions-runner\actions-runner-win-x64-2.334.0'
[2026-06-09 13:17:25Z INFO HostContext] Well known directory 'Work': 'C:\Users\vvaka\VisualStudio\repos\WorldBank.Automation.Solution\src\Automation.Framework\actions-runner\actions-runner-win-x64-2.334.0\_work'
[2026-06-09 13:17:35Z INFO HostContext] Well known directory 'Bin': 'C:\Users\vvaka\VisualStudio\repos\WorldBank.Automation.Solution\src\Automation.Framework\actions-runner\actions-runner-win-x64-2.334.0\bin'
[2026-06-09 13:17:35Z INFO HostContext] Well known directory 'Root': 'C:\Users\vvaka\VisualStudio\repos\WorldBank.Automation.Solution\src\Automation.Framework\actions-runner\actions-runner-win-x64-2.334.0'
[2026-06-09 13:17:35Z INFO HostContext] Well known directory 'Work': 'C:\Users\vvaka\VisualStudio\repos\WorldBank.Automation.Solution\src\Automation.Framework\actions-runner\actions-runner-win-x64-2.334.0\_work'
[2026-06-09 13:17:35Z INFO JobServerQueue] Try to append 1 batches web console lines for record '684abd75-af81-4bec-bfa7-c13409868d90', success rate: 1/1.
[2026-06-09 13:17:36Z INFO JobServerQueue] Try to append 1 batches web console lines for record '684abd75-af81-4bec-bfa7-c13409868d90', success rate: 1/1.
[2026-06-09 13:17:45Z INFO HostContext] Well known directory 'Bin': 'C:\Users\vvaka\VisualStudio\repos\WorldBank.Automation.Solution\src\Automation.Framework\actions-runner\actions-runner-win-x64-2.334.0\bin'
[2026-06-09 13:17:45Z INFO HostContext] Well known directory 'Root': 'C:\Users\vvaka\VisualStudio\repos\WorldBank.Automation.Solution\src\Automation.Framework\actions-runner\actions-runner-win-x64-2.334.0'
[2026-06-09 13:17:45Z INFO HostContext] Well known directory 'Work': 'C:\Users\vvaka\VisualStudio\repos\WorldBank.Automation.Solution\src\Automation.Framework\actions-runner\actions-runner-win-x64-2.334.0\_work'
[2026-06-09 13:17:54Z INFO JobServerQueue] Try to append 1 batches web console lines for record '684abd75-af81-4bec-bfa7-c13409868d90', success rate: 1/1.
[2026-06-09 13:17:55Z INFO HostContext] Well known directory 'Bin': 'C:\Users\vvaka\VisualStudio\repos\WorldBank.Automation.Solution\src\Automation.Framework\actions-runner\actions-runner-win-x64-2.334.0\bin'
[2026-06-09 13:17:55Z INFO HostContext] Well known directory 'Root': 'C:\Users\vvaka\VisualStudio\repos\WorldBank.Automation.Solution\src\Automation.Framework\actions-runner\actions-runner-win-x64-2.334.0'
[2026-06-09 13:17:55Z INFO HostContext] Well known directory 'Work': 'C:\Users\vvaka\VisualStudio\repos\WorldBank.Automation.Solution\src\Automation.Framework\actions-runner\actions-runner-win-x64-2.334.0\_work'
[2026-06-09 13:17:55Z INFO ProcessInvokerWrapper] STDOUT/STDERR stream read finished.
[2026-06-09 13:17:55Z INFO ProcessInvokerWrapper] STDOUT/STDERR stream read finished.
[2026-06-09 13:17:55Z INFO ProcessInvokerWrapper] Finished process 56616 with exit code 1, and elapsed time 00:00:40.1328720.
[2026-06-09 13:17:55Z INFO CreateStepSummaryCommand] Step Summary file (C:\Users\vvaka\VisualStudio\repos\WorldBank.Automation.Solution\src\Automation.Framework\actions-runner\actions-runner-win-x64-2.334.0\_work\_temp\_runner_file_commands\step_summary_03af2c00-2546-471b-80d8-90b512e697fb) is empty; skipping attachment upload
[2026-06-09 13:17:55Z INFO StepsRunner] Step result: Failed
[2026-06-09 13:17:55Z INFO ExecutionContext] Publish step telemetry for current step {
  "action": "actions/checkout",
  "ref": "v4",
  "type": "node20",
  "stage": "Main",
  "stepId": "684abd75-af81-4bec-bfa7-c13409868d90",
  "stepContextName": "__actions_checkout",
  "hasPreStep": false,
  "hasPostStep": true,
  "result": "failed",
  "errorMessages": [
    "ambiguous argument 'HEAD': unknown revision or path not in the working tree.",
    "Unable to clean or reset the repository. The repository will be recreated instead.",
    "cannot write keep file '.git/objects/pack/pack-dd98c2c51bd32fa3d2581bc8a0ef120b2d64fda7.keep': Filename too long"
  ],
  "executionTimeInSeconds": 41,
  "startTime": "2026-06-09T13:17:15.3822959Z",
  "finishTime": "2026-06-09T13:17:55.6476306Z"
}.
[2026-06-09 13:17:55Z INFO StepsRunner] Update job result with current step result 'Failed'.
[2026-06-09 13:17:55Z INFO StepsRunner] Current state: job state = 'Failed'
[2026-06-09 13:17:55Z INFO StepsRunner] Processing step: DisplayName='⚙️ Setup .NET SDK'
[2026-06-09 13:17:55Z INFO StepsRunner] Evaluating: success()
[2026-06-09 13:17:55Z INFO StepsRunner] Result: false
[2026-06-09 13:17:55Z INFO StepsRunner] Skipping step due to condition evaluation.
[2026-06-09 13:17:55Z INFO StepsRunner] No need for updating job result with current step result 'Skipped'.
[2026-06-09 13:17:55Z INFO StepsRunner] Current state: job state = 'Failed'
[2026-06-09 13:17:55Z INFO StepsRunner] Processing step: DisplayName='🏗️ Build Framework'
[2026-06-09 13:17:55Z INFO StepsRunner] Evaluating: success()
[2026-06-09 13:17:55Z INFO StepsRunner] Result: false
[2026-06-09 13:17:55Z INFO StepsRunner] Skipping step due to condition evaluation.
[2026-06-09 13:17:55Z INFO StepsRunner] No need for updating job result with current step result 'Skipped'.
[2026-06-09 13:17:55Z INFO StepsRunner] Current state: job state = 'Failed'
[2026-06-09 13:17:55Z INFO StepsRunner] Processing step: DisplayName='🌐 Install Playwright Browsers & OS Dependencies'
[2026-06-09 13:17:55Z INFO StepsRunner] Evaluating: success()
[2026-06-09 13:17:55Z INFO StepsRunner] Result: false
[2026-06-09 13:17:55Z INFO StepsRunner] Skipping step due to condition evaluation.
[2026-06-09 13:17:55Z INFO StepsRunner] No need for updating job result with current step result 'Skipped'.
[2026-06-09 13:17:55Z INFO StepsRunner] Current state: job state = 'Failed'
[2026-06-09 13:17:55Z INFO StepsRunner] Processing step: DisplayName='🧪 Execute UI Test Suite'
[2026-06-09 13:17:55Z INFO StepsRunner] Evaluating: success()
[2026-06-09 13:17:55Z INFO StepsRunner] Result: false
[2026-06-09 13:17:55Z INFO StepsRunner] Skipping step due to condition evaluation.
[2026-06-09 13:17:55Z INFO StepsRunner] No need for updating job result with current step result 'Skipped'.
[2026-06-09 13:17:55Z INFO StepsRunner] Current state: job state = 'Failed'
[2026-06-09 13:17:55Z INFO StepsRunner] Processing step: DisplayName='📊 Generate Allure Report'
[2026-06-09 13:17:55Z INFO StepsRunner] Evaluating: always()
[2026-06-09 13:17:55Z INFO StepsRunner] Result: true
[2026-06-09 13:17:55Z INFO StepsRunner] Starting the step.
[2026-06-09 13:17:55Z INFO HostContext] Well known directory 'Bin': 'C:\Users\vvaka\VisualStudio\repos\WorldBank.Automation.Solution\src\Automation.Framework\actions-runner\actions-runner-win-x64-2.334.0\bin'
[2026-06-09 13:17:55Z INFO HostContext] Well known directory 'Root': 'C:\Users\vvaka\VisualStudio\repos\WorldBank.Automation.Solution\src\Automation.Framework\actions-runner\actions-runner-win-x64-2.334.0'
[2026-06-09 13:17:55Z INFO HostContext] Well known directory 'Work': 'C:\Users\vvaka\VisualStudio\repos\WorldBank.Automation.Solution\src\Automation.Framework\actions-runner\actions-runner-win-x64-2.334.0\_work'
[2026-06-09 13:17:55Z INFO StepsRunner] Which2: 'chcp'
[2026-06-09 13:17:55Z INFO StepsRunner] Location: 'C:\WINDOWS\system32\chcp.COM'
[2026-06-09 13:17:55Z INFO ProcessInvokerWrapper] Starting process:
[2026-06-09 13:17:55Z INFO ProcessInvokerWrapper]   File name: 'C:\WINDOWS\system32\chcp.COM'
[2026-06-09 13:17:55Z INFO ProcessInvokerWrapper]   Arguments: '65001'
[2026-06-09 13:17:55Z INFO ProcessInvokerWrapper]   Working directory: 'C:\Users\vvaka\VisualStudio\repos\WorldBank.Automation.Solution\src\Automation.Framework\actions-runner\actions-runner-win-x64-2.334.0\_work'
[2026-06-09 13:17:55Z INFO ProcessInvokerWrapper]   Require exit code zero: 'False'
[2026-06-09 13:17:55Z INFO ProcessInvokerWrapper]   Encoding web name:  ; code page: ''
[2026-06-09 13:17:55Z INFO ProcessInvokerWrapper]   Force kill process on cancellation: 'False'
[2026-06-09 13:17:55Z INFO ProcessInvokerWrapper]   Redirected STDIN: 'False'
[2026-06-09 13:17:55Z INFO ProcessInvokerWrapper]   Persist current code page: 'True'
[2026-06-09 13:17:55Z INFO ProcessInvokerWrapper]   Keep redirected STDIN open: 'False'
[2026-06-09 13:17:55Z INFO ProcessInvokerWrapper]   High priority process: 'False'
[2026-06-09 13:17:55Z INFO ProcessInvokerWrapper] Process started with process id 33084, waiting for process exit.
[2026-06-09 13:17:55Z INFO ProcessInvokerWrapper] STDOUT/STDERR stream read finished.
[2026-06-09 13:17:55Z INFO ProcessInvokerWrapper] STDOUT/STDERR stream read finished.
[2026-06-09 13:17:55Z INFO ProcessInvokerWrapper] Finished process 33084 with exit code 0, and elapsed time 00:00:00.0336349.
[2026-06-09 13:17:55Z INFO StepsRunner] Successfully returned to code page 65001 (UTF8)
[2026-06-09 13:17:55Z INFO HostContext] Well known directory 'Bin': 'C:\Users\vvaka\VisualStudio\repos\WorldBank.Automation.Solution\src\Automation.Framework\actions-runner\actions-runner-win-x64-2.334.0\bin'
[2026-06-09 13:17:55Z INFO HostContext] Well known directory 'Root': 'C:\Users\vvaka\VisualStudio\repos\WorldBank.Automation.Solution\src\Automation.Framework\actions-runner\actions-runner-win-x64-2.334.0'
[2026-06-09 13:17:55Z INFO HostContext] Well known directory 'Work': 'C:\Users\vvaka\VisualStudio\repos\WorldBank.Automation.Solution\src\Automation.Framework\actions-runner\actions-runner-win-x64-2.334.0\_work'
[2026-06-09 13:17:55Z INFO HostContext] Well known directory 'Actions': 'C:\Users\vvaka\VisualStudio\repos\WorldBank.Automation.Solution\src\Automation.Framework\actions-runner\actions-runner-win-x64-2.334.0\_work\_actions'
[2026-06-09 13:17:55Z INFO ActionManager] Load action that reference repository from 'C:\Users\vvaka\VisualStudio\repos\WorldBank.Automation.Solution\src\Automation.Framework\actions-runner\actions-runner-win-x64-2.334.0\_work\_actions\simple-elf\allure-report-action\master'
[2026-06-09 13:17:55Z INFO HostContext] Well known directory 'Bin': 'C:\Users\vvaka\VisualStudio\repos\WorldBank.Automation.Solution\src\Automation.Framework\actions-runner\actions-runner-win-x64-2.334.0\bin'
[2026-06-09 13:17:55Z INFO HostContext] Well known directory 'Root': 'C:\Users\vvaka\VisualStudio\repos\WorldBank.Automation.Solution\src\Automation.Framework\actions-runner\actions-runner-win-x64-2.334.0'
[2026-06-09 13:17:55Z INFO HostContext] Well known directory 'Work': 'C:\Users\vvaka\VisualStudio\repos\WorldBank.Automation.Solution\src\Automation.Framework\actions-runner\actions-runner-win-x64-2.334.0\_work'
[2026-06-09 13:17:55Z INFO HostContext] Well known directory 'Actions': 'C:\Users\vvaka\VisualStudio\repos\WorldBank.Automation.Solution\src\Automation.Framework\actions-runner\actions-runner-win-x64-2.334.0\_work\_actions'
[2026-06-09 13:17:55Z INFO ActionManifestManagerLegacy] Ignore action property author.
[2026-06-09 13:17:55Z INFO ActionManifestManagerLegacy] Ignore action property branding.
[2026-06-09 13:17:55Z INFO ActionManifestManagerLegacy] Loaded action.yml file: {
  "name": "Allure Report with history",
  "description": "Generate Allure Report with history",
  "inputs": {
    "type": 2,
    "map": [
      {
        "key": {
          "type": 0,
          "file": 4,
          "line": 8,
          "col": 3,
          "lit": "allure_results"
        },
        "value": {
          "type": 0,
          "file": 4,
          "line": 11,
          "col": 14,
          "lit": "allure-results"
        }
      },
      {
        "key": {
          "type": 0,
          "file": 4,
          "line": 12,
          "col": 3,
          "lit": "allure_report"
        },
        "value": {
          "type": 0,
          "file": 4,
          "line": 15,
          "col": 14,
          "lit": "allure-report"
        }
      },
      {
        "key": {
          "type": 0,
          "file": 4,
          "line": 16,
          "col": 3,
          "lit": "gh_pages"
        },
        "value": {
          "type": 0,
          "file": 4,
          "line": 19,
          "col": 14,
          "lit": "gh-pages"
        }
      },
      {
        "key": {
          "type": 0,
          "file": 4,
          "line": 20,
          "col": 3,
          "lit": "allure_history"
        },
        "value": {
          "type": 0,
          "file": 4,
          "line": 23,
          "col": 14,
          "lit": "allure-history"
        }
      },
      {
        "key": {
          "type": 0,
          "file": 4,
          "line": 24,
          "col": 3,
          "lit": "subfolder"
        },
        "value": {
          "type": 0,
          "file": 4,
          "line": 27,
          "col": 14,
          "lit": ""
        }
      },
      {
        "key": {
          "type": 0,
          "file": 4,
          "line": 28,
          "col": 3,
          "lit": "keep_reports"
        },
        "value": {
          "type": 0,
          "file": 4,
          "line": 31,
          "col": 14,
          "lit": "20"
        }
      },
      {
        "key": {
          "type": 0,
          "file": 4,
          "line": 32,
          "col": 3,
          "lit": "github_run_num"
        },
        "value": {
          "type": 3,
          "file": 4,
          "line": 35,
          "col": 14,
          "expr": "github.run_number"
        }
      },
      {
        "key": {
          "type": 0,
          "file": 4,
          "line": 36,
          "col": 3,
          "lit": "github_run_id"
        },
        "value": {
          "type": 3,
          "file": 4,
          "line": 39,
          "col": 14,
          "expr": "github.run_id"
        }
      },
      {
        "key": {
          "type": 0,
          "file": 4,
          "line": 40,
          "col": 3,
          "lit": "github_repo"
        },
        "value": {
          "type": 3,
          "file": 4,
          "line": 43,
          "col": 14,
          "expr": "github.repository"
        }
      },
      {
        "key": {
          "type": 0,
          "file": 4,
          "line": 44,
          "col": 3,
          "lit": "github_repo_owner"
        },
        "value": {
          "type": 3,
          "file": 4,
          "line": 47,
          "col": 14,
          "expr": "github.repository_owner"
        }
      },
      {
        "key": {
          "type": 0,
          "file": 4,
          "line": 48,
          "col": 3,
          "lit": "github_tests_repo"
        },
        "value": {
          "type": 3,
          "file": 4,
          "line": 51,
          "col": 14,
          "expr": "github.repository"
        }
      },
      {
        "key": {
          "type": 0,
          "file": 4,
          "line": 52,
          "col": 3,
          "lit": "report_url"
        },
        "value": {
          "type": 0,
          "file": 4,
          "line": 55,
          "col": 14,
          "lit": ""
        }
      },
      {
        "key": {
          "type": 0,
          "file": 4,
          "line": 56,
          "col": 3,
          "lit": "github_server_url"
        },
        "value": {
          "type": 3,
          "file": 4,
          "line": 59,
          "col": 14,
          "expr": "github.server_url"
        }
      },
      {
        "key": {
          "type": 0,
          "file": 4,
          "line": 60,
          "col": 3,
          "lit": "report_name"
        },
        "value": ""
      }
    ]
  },
  "execution": {
    "executionType": "container",
    "hasPre": false,
    "hasPost": false,
    "image": "Dockerfile",
    "entryPoint": null,
    "arguments": null,
    "environment": null,
    "pre": null,
    "post": null,
    "cleanupCondition": "always()",
    "initCondition": "always()"
  },
  "deprecated": null
}
[2026-06-09 13:17:55Z INFO ActionManager] Action container Dockerfile/image: Dockerfile.
[2026-06-09 13:17:55Z INFO HostContext] Well known directory 'Bin': 'C:\Users\vvaka\VisualStudio\repos\WorldBank.Automation.Solution\src\Automation.Framework\actions-runner\actions-runner-win-x64-2.334.0\bin'
[2026-06-09 13:17:55Z INFO HostContext] Well known directory 'Root': 'C:\Users\vvaka\VisualStudio\repos\WorldBank.Automation.Solution\src\Automation.Framework\actions-runner\actions-runner-win-x64-2.334.0'
[2026-06-09 13:17:55Z INFO HostContext] Well known directory 'Work': 'C:\Users\vvaka\VisualStudio\repos\WorldBank.Automation.Solution\src\Automation.Framework\actions-runner\actions-runner-win-x64-2.334.0\_work'
[2026-06-09 13:17:55Z INFO HostContext] Well known directory 'Temp': 'C:\Users\vvaka\VisualStudio\repos\WorldBank.Automation.Solution\src\Automation.Framework\actions-runner\actions-runner-win-x64-2.334.0\_work\_temp'
[2026-06-09 13:17:55Z INFO ExecutionContext] Write event payload to C:\Users\vvaka\VisualStudio\repos\WorldBank.Automation.Solution\src\Automation.Framework\actions-runner\actions-runner-win-x64-2.334.0\_work\_temp\_github_workflow\event.json
[2026-06-09 13:17:55Z INFO HostContext] Well known directory 'Bin': 'C:\Users\vvaka\VisualStudio\repos\WorldBank.Automation.Solution\src\Automation.Framework\actions-runner\actions-runner-win-x64-2.334.0\bin'
[2026-06-09 13:17:55Z INFO HostContext] Well known directory 'Root': 'C:\Users\vvaka\VisualStudio\repos\WorldBank.Automation.Solution\src\Automation.Framework\actions-runner\actions-runner-win-x64-2.334.0'
[2026-06-09 13:17:55Z INFO HostContext] Well known directory 'Work': 'C:\Users\vvaka\VisualStudio\repos\WorldBank.Automation.Solution\src\Automation.Framework\actions-runner\actions-runner-win-x64-2.334.0\_work'
[2026-06-09 13:17:55Z INFO HostContext] Well known directory 'Temp': 'C:\Users\vvaka\VisualStudio\repos\WorldBank.Automation.Solution\src\Automation.Framework\actions-runner\actions-runner-win-x64-2.334.0\_work\_temp'
[2026-06-09 13:17:55Z INFO ExtensionManager] Getting extensions for interface: 'GitHub.Runner.Worker.IFileCommandExtension'
[2026-06-09 13:17:55Z INFO JobServerQueue] Try to append 1 batches web console lines for record '684abd75-af81-4bec-bfa7-c13409868d90', success rate: 1/1.
[2026-06-09 13:17:55Z INFO ActionManifestManagerLegacy] Input 'subfolder': default value evaluate result: {
  "type": 0,
  "file": 4,
  "line": 27,
  "col": 14,
  "lit": ""
}
[2026-06-09 13:17:55Z INFO ActionManifestManagerLegacy] Input 'keep_reports': default value evaluate result: {
  "type": 0,
  "file": 4,
  "line": 31,
  "col": 14,
  "lit": "20"
}
[2026-06-09 13:17:55Z INFO ActionManifestManagerLegacy] Input 'github_run_num': default value evaluate result: {
  "type": 0,
  "file": 4,
  "line": 35,
  "col": 14,
  "lit": "6"
}
[2026-06-09 13:17:55Z INFO ActionManifestManagerLegacy] Input 'github_run_id': default value evaluate result: {
  "type": 0,
  "file": 4,
  "line": 39,
  "col": 14,
  "lit": "27208817433"
}
[2026-06-09 13:17:55Z INFO ActionManifestManagerLegacy] Input 'github_repo': default value evaluate result: {
  "type": 0,
  "file": 4,
  "line": 43,
  "col": 14,
  "lit": "ViktorVakareev/WorldBank-Core-Automation-Playwrite"
}
[2026-06-09 13:17:55Z INFO ActionManifestManagerLegacy] Input 'github_repo_owner': default value evaluate result: {
  "type": 0,
  "file": 4,
  "line": 47,
  "col": 14,
  "lit": "ViktorVakareev"
}
[2026-06-09 13:17:55Z INFO ActionManifestManagerLegacy] Input 'github_tests_repo': default value evaluate result: {
  "type": 0,
  "file": 4,
  "line": 51,
  "col": 14,
  "lit": "ViktorVakareev/WorldBank-Core-Automation-Playwrite"
}
[2026-06-09 13:17:55Z INFO ActionManifestManagerLegacy] Input 'report_url': default value evaluate result: {
  "type": 0,
  "file": 4,
  "line": 55,
  "col": 14,
  "lit": ""
}
[2026-06-09 13:17:55Z INFO ActionManifestManagerLegacy] Input 'github_server_url': default value evaluate result: {
  "type": 0,
  "file": 4,
  "line": 59,
  "col": 14,
  "lit": "https://github.com"
}
[2026-06-09 13:17:55Z INFO ActionManifestManagerLegacy] Input 'report_name': default value evaluate result: ""
[2026-06-09 13:17:55Z INFO ExtensionManager] Getting extensions for interface: 'GitHub.Runner.Worker.IActionCommandExtension'
[2026-06-09 13:17:55Z INFO ActionCommandManager] Register action command extension for command internal-set-repo-path
[2026-06-09 13:17:55Z INFO ActionCommandManager] Register action command extension for command set-env
[2026-06-09 13:17:55Z INFO ActionCommandManager] Register action command extension for command set-output
[2026-06-09 13:17:55Z INFO ActionCommandManager] Register action command extension for command save-state
[2026-06-09 13:17:55Z INFO ActionCommandManager] Register action command extension for command add-path
[2026-06-09 13:17:55Z INFO ActionCommandManager] Register action command extension for command add-mask
[2026-06-09 13:17:55Z INFO ActionCommandManager] Register action command extension for command add-matcher
[2026-06-09 13:17:55Z INFO ActionCommandManager] Register action command extension for command remove-matcher
[2026-06-09 13:17:55Z INFO ActionCommandManager] Register action command extension for command warning
[2026-06-09 13:17:55Z INFO ActionCommandManager] Register action command extension for command error
[2026-06-09 13:17:55Z INFO ActionCommandManager] Register action command extension for command notice
[2026-06-09 13:17:55Z INFO ActionCommandManager] Register action command extension for command debug
[2026-06-09 13:17:55Z INFO ActionCommandManager] Register action command extension for command group
[2026-06-09 13:17:55Z INFO ActionCommandManager] Register action command extension for command endgroup
[2026-06-09 13:17:55Z INFO ActionCommandManager] Register action command extension for command echo
[2026-06-09 13:17:55Z INFO CreateStepSummaryCommand] Step Summary file (C:\Users\vvaka\VisualStudio\repos\WorldBank.Automation.Solution\src\Automation.Framework\actions-runner\actions-runner-win-x64-2.334.0\_work\_temp\_runner_file_commands\step_summary_eec6476f-7196-4403-84b7-bd3ca95e9fe0) is empty; skipping attachment upload
[2026-06-09 13:17:55Z ERR  StepsRunner] Caught exception from step: System.NotSupportedException: Container action is only supported on Linux
   at GitHub.Runner.Worker.Handlers.ContainerActionHandler.RunAsync(ActionRunStage stage)
   at GitHub.Runner.Worker.ActionRunner.RunAsync()
   at GitHub.Runner.Worker.StepsRunner.RunStepAsync(IStep step, CancellationToken jobCancellationToken)
[2026-06-09 13:17:55Z INFO StepsRunner] Step result: Failed
[2026-06-09 13:17:55Z INFO ExecutionContext] Publish step telemetry for current step {
  "action": "simple-elf/allure-report-action",
  "ref": "master",
  "type": "repository",
  "stage": "Main",
  "stepId": "614b9be1-2c95-4e9e-b2c9-7d57765a4edb",
  "stepContextName": "allure-report",
  "result": "failed",
  "errorMessages": [
    "Container action is only supported on Linux"
  ],
  "executionTimeInSeconds": 1,
  "startTime": "2026-06-09T13:17:55.6544674Z",
  "finishTime": "2026-06-09T13:17:55.7168683Z"
}.
[2026-06-09 13:17:55Z INFO StepsRunner] Update job result with current step result 'Failed'.
[2026-06-09 13:17:55Z INFO StepsRunner] Current state: job state = 'Failed'
[2026-06-09 13:17:55Z INFO StepsRunner] Processing step: DisplayName='🚀 Deploy Allure Report to GitHub Pages'
[2026-06-09 13:17:55Z INFO StepsRunner] Evaluating: always()
[2026-06-09 13:17:55Z INFO StepsRunner] Result: true
[2026-06-09 13:17:55Z INFO StepsRunner] Starting the step.
[2026-06-09 13:17:55Z INFO HostContext] Well known directory 'Bin': 'C:\Users\vvaka\VisualStudio\repos\WorldBank.Automation.Solution\src\Automation.Framework\actions-runner\actions-runner-win-x64-2.334.0\bin'
[2026-06-09 13:17:55Z INFO HostContext] Well known directory 'Root': 'C:\Users\vvaka\VisualStudio\repos\WorldBank.Automation.Solution\src\Automation.Framework\actions-runner\actions-runner-win-x64-2.334.0'
[2026-06-09 13:17:55Z INFO HostContext] Well known directory 'Work': 'C:\Users\vvaka\VisualStudio\repos\WorldBank.Automation.Solution\src\Automation.Framework\actions-runner\actions-runner-win-x64-2.334.0\_work'
[2026-06-09 13:17:55Z INFO StepsRunner] Which2: 'chcp'
[2026-06-09 13:17:55Z INFO StepsRunner] Location: 'C:\WINDOWS\system32\chcp.COM'
[2026-06-09 13:17:55Z INFO ProcessInvokerWrapper] Starting process:
[2026-06-09 13:17:55Z INFO ProcessInvokerWrapper]   File name: 'C:\WINDOWS\system32\chcp.COM'
[2026-06-09 13:17:55Z INFO ProcessInvokerWrapper]   Arguments: '65001'
[2026-06-09 13:17:55Z INFO ProcessInvokerWrapper]   Working directory: 'C:\Users\vvaka\VisualStudio\repos\WorldBank.Automation.Solution\src\Automation.Framework\actions-runner\actions-runner-win-x64-2.334.0\_work'
[2026-06-09 13:17:55Z INFO ProcessInvokerWrapper]   Require exit code zero: 'False'
[2026-06-09 13:17:55Z INFO ProcessInvokerWrapper]   Encoding web name:  ; code page: ''
[2026-06-09 13:17:55Z INFO ProcessInvokerWrapper]   Force kill process on cancellation: 'False'
[2026-06-09 13:17:55Z INFO ProcessInvokerWrapper]   Redirected STDIN: 'False'
[2026-06-09 13:17:55Z INFO ProcessInvokerWrapper]   Persist current code page: 'True'
[2026-06-09 13:17:55Z INFO ProcessInvokerWrapper]   Keep redirected STDIN open: 'False'
[2026-06-09 13:17:55Z INFO ProcessInvokerWrapper]   High priority process: 'False'
[2026-06-09 13:17:55Z INFO ProcessInvokerWrapper] Process started with process id 23496, waiting for process exit.
[2026-06-09 13:17:55Z INFO ProcessInvokerWrapper] STDOUT/STDERR stream read finished.
[2026-06-09 13:17:55Z INFO ProcessInvokerWrapper] STDOUT/STDERR stream read finished.
[2026-06-09 13:17:55Z INFO ProcessInvokerWrapper] Finished process 23496 with exit code 0, and elapsed time 00:00:00.0268050.
[2026-06-09 13:17:55Z INFO StepsRunner] Successfully returned to code page 65001 (UTF8)
[2026-06-09 13:17:55Z INFO HostContext] Well known directory 'Bin': 'C:\Users\vvaka\VisualStudio\repos\WorldBank.Automation.Solution\src\Automation.Framework\actions-runner\actions-runner-win-x64-2.334.0\bin'
[2026-06-09 13:17:55Z INFO HostContext] Well known directory 'Root': 'C:\Users\vvaka\VisualStudio\repos\WorldBank.Automation.Solution\src\Automation.Framework\actions-runner\actions-runner-win-x64-2.334.0'
[2026-06-09 13:17:55Z INFO HostContext] Well known directory 'Work': 'C:\Users\vvaka\VisualStudio\repos\WorldBank.Automation.Solution\src\Automation.Framework\actions-runner\actions-runner-win-x64-2.334.0\_work'
[2026-06-09 13:17:55Z INFO HostContext] Well known directory 'Actions': 'C:\Users\vvaka\VisualStudio\repos\WorldBank.Automation.Solution\src\Automation.Framework\actions-runner\actions-runner-win-x64-2.334.0\_work\_actions'
[2026-06-09 13:17:55Z INFO ActionManager] Load action that reference repository from 'C:\Users\vvaka\VisualStudio\repos\WorldBank.Automation.Solution\src\Automation.Framework\actions-runner\actions-runner-win-x64-2.334.0\_work\_actions\peaceiris\actions-gh-pages\v3'
[2026-06-09 13:17:55Z INFO HostContext] Well known directory 'Bin': 'C:\Users\vvaka\VisualStudio\repos\WorldBank.Automation.Solution\src\Automation.Framework\actions-runner\actions-runner-win-x64-2.334.0\bin'
[2026-06-09 13:17:55Z INFO HostContext] Well known directory 'Root': 'C:\Users\vvaka\VisualStudio\repos\WorldBank.Automation.Solution\src\Automation.Framework\actions-runner\actions-runner-win-x64-2.334.0'
[2026-06-09 13:17:55Z INFO HostContext] Well known directory 'Work': 'C:\Users\vvaka\VisualStudio\repos\WorldBank.Automation.Solution\src\Automation.Framework\actions-runner\actions-runner-win-x64-2.334.0\_work'
[2026-06-09 13:17:55Z INFO HostContext] Well known directory 'Actions': 'C:\Users\vvaka\VisualStudio\repos\WorldBank.Automation.Solution\src\Automation.Framework\actions-runner\actions-runner-win-x64-2.334.0\_work\_actions'
[2026-06-09 13:17:55Z INFO ActionManifestManagerLegacy] Ignore action property author.
[2026-06-09 13:17:55Z INFO ActionManifestManagerLegacy] Ignore action property branding.
[2026-06-09 13:17:55Z INFO ActionManifestManagerLegacy] Loaded action.yml file: {
  "name": "GitHub Pages action",
  "description": "GitHub Actions for GitHub Pages 🚀 Deploy static files and publish your site easily. Static-Site-Generators-friendly.",
  "inputs": {
    "type": 2,
    "map": [
      {
        "key": {
          "type": 0,
          "file": 5,
          "line": 11,
          "col": 3,
          "lit": "deploy_key"
        },
        "value": ""
      },
      {
        "key": {
          "type": 0,
          "file": 5,
          "line": 14,
          "col": 3,
          "lit": "github_token"
        },
        "value": ""
      },
      {
        "key": {
          "type": 0,
          "file": 5,
          "line": 17,
          "col": 3,
          "lit": "personal_token"
        },
        "value": ""
      },
      {
        "key": {
          "type": 0,
          "file": 5,
          "line": 20,
          "col": 3,
          "lit": "publish_branch"
        },
        "value": {
          "type": 0,
          "file": 5,
          "line": 23,
          "col": 14,
          "lit": "gh-pages"
        }
      },
      {
        "key": {
          "type": 0,
          "file": 5,
          "line": 24,
          "col": 3,
          "lit": "publish_dir"
        },
        "value": {
          "type": 0,
          "file": 5,
          "line": 27,
          "col": 14,
          "lit": "public"
        }
      },
      {
        "key": {
          "type": 0,
          "file": 5,
          "line": 28,
          "col": 3,
          "lit": "destination_dir"
        },
        "value": {
          "type": 0,
          "file": 5,
          "line": 31,
          "col": 14,
          "lit": ""
        }
      },
      {
        "key": {
          "type": 0,
          "file": 5,
          "line": 32,
          "col": 3,
          "lit": "external_repository"
        },
        "value": ""
      },
      {
        "key": {
          "type": 0,
          "file": 5,
          "line": 35,
          "col": 3,
          "lit": "allow_empty_commit"
        },
        "value": {
          "type": 0,
          "file": 5,
          "line": 38,
          "col": 14,
          "lit": "false"
        }
      },
      {
        "key": {
          "type": 0,
          "file": 5,
          "line": 39,
          "col": 3,
          "lit": "keep_files"
        },
        "value": {
          "type": 0,
          "file": 5,
          "line": 42,
          "col": 14,
          "lit": "false"
        }
      },
      {
        "key": {
          "type": 0,
          "file": 5,
          "line": 43,
          "col": 3,
          "lit": "force_orphan"
        },
        "value": {
          "type": 0,
          "file": 5,
          "line": 46,
          "col": 14,
          "lit": "false"
        }
      },
      {
        "key": {
          "type": 0,
          "file": 5,
          "line": 47,
          "col": 3,
          "lit": "user_name"
        },
        "value": ""
      },
      {
        "key": {
          "type": 0,
          "file": 5,
          "line": 50,
          "col": 3,
          "lit": "user_email"
        },
        "value": ""
      },
      {
        "key": {
          "type": 0,
          "file": 5,
          "line": 53,
          "col": 3,
          "lit": "commit_message"
        },
        "value": ""
      },
      {
        "key": {
          "type": 0,
          "file": 5,
          "line": 56,
          "col": 3,
          "lit": "full_commit_message"
        },
        "value": ""
      },
      {
        "key": {
          "type": 0,
          "file": 5,
          "line": 59,
          "col": 3,
          "lit": "tag_name"
        },
        "value": ""
      },
      {
        "key": {
          "type": 0,
          "file": 5,
          "line": 62,
          "col": 3,
          "lit": "tag_message"
        },
        "value": ""
      },
      {
        "key": {
          "type": 0,
          "file": 5,
          "line": 65,
          "col": 3,
          "lit": "enable_jekyll"
        },
        "value": {
          "type": 0,
          "file": 5,
          "line": 68,
          "col": 14,
          "lit": "false"
        }
      },
      {
        "key": {
          "type": 0,
          "file": 5,
          "line": 69,
          "col": 3,
          "lit": "disable_nojekyll"
        },
        "value": {
          "type": 0,
          "file": 5,
          "line": 72,
          "col": 14,
          "lit": "false"
        }
      },
      {
        "key": {
          "type": 0,
          "file": 5,
          "line": 73,
          "col": 3,
          "lit": "cname"
        },
        "value": ""
      },
      {
        "key": {
          "type": 0,
          "file": 5,
          "line": 76,
          "col": 3,
          "lit": "exclude_assets"
        },
        "value": {
          "type": 0,
          "file": 5,
          "line": 79,
          "col": 14,
          "lit": ".github"
        }
      }
    ]
  },
  "execution": {
    "executionType": "nodeJS",
    "hasPre": false,
    "hasPost": false,
    "script": "lib/index.js",
    "pre": null,
    "post": null,
    "nodeVersion": "node16",
    "cleanupCondition": "always()",
    "initCondition": "always()"
  },
  "deprecated": null
}
[2026-06-09 13:17:55Z INFO ActionManager] Action pre node.js file: N/A.
[2026-06-09 13:17:55Z INFO ActionManager] Action node.js file: lib/index.js.
[2026-06-09 13:17:55Z INFO ActionManager] Action post node.js file: N/A.
[2026-06-09 13:17:55Z INFO HostContext] Well known directory 'Bin': 'C:\Users\vvaka\VisualStudio\repos\WorldBank.Automation.Solution\src\Automation.Framework\actions-runner\actions-runner-win-x64-2.334.0\bin'
[2026-06-09 13:17:55Z INFO HostContext] Well known directory 'Root': 'C:\Users\vvaka\VisualStudio\repos\WorldBank.Automation.Solution\src\Automation.Framework\actions-runner\actions-runner-win-x64-2.334.0'
[2026-06-09 13:17:55Z INFO HostContext] Well known directory 'Work': 'C:\Users\vvaka\VisualStudio\repos\WorldBank.Automation.Solution\src\Automation.Framework\actions-runner\actions-runner-win-x64-2.334.0\_work'
[2026-06-09 13:17:55Z INFO HostContext] Well known directory 'Temp': 'C:\Users\vvaka\VisualStudio\repos\WorldBank.Automation.Solution\src\Automation.Framework\actions-runner\actions-runner-win-x64-2.334.0\_work\_temp'
[2026-06-09 13:17:55Z INFO ExecutionContext] Write event payload to C:\Users\vvaka\VisualStudio\repos\WorldBank.Automation.Solution\src\Automation.Framework\actions-runner\actions-runner-win-x64-2.334.0\_work\_temp\_github_workflow\event.json
[2026-06-09 13:17:55Z INFO HostContext] Well known directory 'Bin': 'C:\Users\vvaka\VisualStudio\repos\WorldBank.Automation.Solution\src\Automation.Framework\actions-runner\actions-runner-win-x64-2.334.0\bin'
[2026-06-09 13:17:55Z INFO HostContext] Well known directory 'Root': 'C:\Users\vvaka\VisualStudio\repos\WorldBank.Automation.Solution\src\Automation.Framework\actions-runner\actions-runner-win-x64-2.334.0'
[2026-06-09 13:17:55Z INFO HostContext] Well known directory 'Work': 'C:\Users\vvaka\VisualStudio\repos\WorldBank.Automation.Solution\src\Automation.Framework\actions-runner\actions-runner-win-x64-2.334.0\_work'
[2026-06-09 13:17:55Z INFO HostContext] Well known directory 'Temp': 'C:\Users\vvaka\VisualStudio\repos\WorldBank.Automation.Solution\src\Automation.Framework\actions-runner\actions-runner-win-x64-2.334.0\_work\_temp'
[2026-06-09 13:17:55Z INFO ExtensionManager] Getting extensions for interface: 'GitHub.Runner.Worker.IFileCommandExtension'
[2026-06-09 13:17:55Z INFO ActionManifestManagerLegacy] Input 'deploy_key': default value evaluate result: ""
[2026-06-09 13:17:55Z INFO ActionManifestManagerLegacy] Input 'personal_token': default value evaluate result: ""
[2026-06-09 13:17:55Z INFO ActionManifestManagerLegacy] Input 'destination_dir': default value evaluate result: {
  "type": 0,
  "file": 5,
  "line": 31,
  "col": 14,
  "lit": ""
}
[2026-06-09 13:17:55Z INFO ActionManifestManagerLegacy] Input 'external_repository': default value evaluate result: ""
[2026-06-09 13:17:55Z INFO ActionManifestManagerLegacy] Input 'allow_empty_commit': default value evaluate result: {
  "type": 0,
  "file": 5,
  "line": 38,
  "col": 14,
  "lit": "false"
}
[2026-06-09 13:17:55Z INFO ActionManifestManagerLegacy] Input 'keep_files': default value evaluate result: {
  "type": 0,
  "file": 5,
  "line": 42,
  "col": 14,
  "lit": "false"
}
[2026-06-09 13:17:55Z INFO ActionManifestManagerLegacy] Input 'force_orphan': default value evaluate result: {
  "type": 0,
  "file": 5,
  "line": 46,
  "col": 14,
  "lit": "false"
}
[2026-06-09 13:17:55Z INFO ActionManifestManagerLegacy] Input 'user_name': default value evaluate result: ""
[2026-06-09 13:17:55Z INFO ActionManifestManagerLegacy] Input 'user_email': default value evaluate result: ""
[2026-06-09 13:17:55Z INFO ActionManifestManagerLegacy] Input 'commit_message': default value evaluate result: ""
[2026-06-09 13:17:55Z INFO ActionManifestManagerLegacy] Input 'full_commit_message': default value evaluate result: ""
[2026-06-09 13:17:55Z INFO ActionManifestManagerLegacy] Input 'tag_name': default value evaluate result: ""
[2026-06-09 13:17:55Z INFO ActionManifestManagerLegacy] Input 'tag_message': default value evaluate result: ""
[2026-06-09 13:17:55Z INFO ActionManifestManagerLegacy] Input 'enable_jekyll': default value evaluate result: {
  "type": 0,
  "file": 5,
  "line": 68,
  "col": 14,
  "lit": "false"
}
[2026-06-09 13:17:55Z INFO ActionManifestManagerLegacy] Input 'disable_nojekyll': default value evaluate result: {
  "type": 0,
  "file": 5,
  "line": 72,
  "col": 14,
  "lit": "false"
}
[2026-06-09 13:17:55Z INFO ActionManifestManagerLegacy] Input 'cname': default value evaluate result: ""
[2026-06-09 13:17:55Z INFO ActionManifestManagerLegacy] Input 'exclude_assets': default value evaluate result: {
  "type": 0,
  "file": 5,
  "line": 79,
  "col": 14,
  "lit": ".github"
}
[2026-06-09 13:17:55Z INFO ExtensionManager] Getting extensions for interface: 'GitHub.Runner.Worker.IActionCommandExtension'
[2026-06-09 13:17:55Z INFO ActionCommandManager] Register action command extension for command internal-set-repo-path
[2026-06-09 13:17:55Z INFO ActionCommandManager] Register action command extension for command set-env
[2026-06-09 13:17:55Z INFO ActionCommandManager] Register action command extension for command set-output
[2026-06-09 13:17:55Z INFO ActionCommandManager] Register action command extension for command save-state
[2026-06-09 13:17:55Z INFO ActionCommandManager] Register action command extension for command add-path
[2026-06-09 13:17:55Z INFO ActionCommandManager] Register action command extension for command add-mask
[2026-06-09 13:17:55Z INFO ActionCommandManager] Register action command extension for command add-matcher
[2026-06-09 13:17:55Z INFO ActionCommandManager] Register action command extension for command remove-matcher
[2026-06-09 13:17:55Z INFO ActionCommandManager] Register action command extension for command warning
[2026-06-09 13:17:55Z INFO ActionCommandManager] Register action command extension for command error
[2026-06-09 13:17:55Z INFO ActionCommandManager] Register action command extension for command notice
[2026-06-09 13:17:55Z INFO ActionCommandManager] Register action command extension for command debug
[2026-06-09 13:17:55Z INFO ActionCommandManager] Register action command extension for command group
[2026-06-09 13:17:55Z INFO ActionCommandManager] Register action command extension for command endgroup
[2026-06-09 13:17:55Z INFO ActionCommandManager] Register action command extension for command echo
[2026-06-09 13:17:55Z INFO HostContext] Well known directory 'Bin': 'C:\Users\vvaka\VisualStudio\repos\WorldBank.Automation.Solution\src\Automation.Framework\actions-runner\actions-runner-win-x64-2.334.0\bin'
[2026-06-09 13:17:55Z INFO HostContext] Well known directory 'Root': 'C:\Users\vvaka\VisualStudio\repos\WorldBank.Automation.Solution\src\Automation.Framework\actions-runner\actions-runner-win-x64-2.334.0'
[2026-06-09 13:17:55Z INFO HostContext] Well known directory 'Externals': 'C:\Users\vvaka\VisualStudio\repos\WorldBank.Automation.Solution\src\Automation.Framework\actions-runner\actions-runner-win-x64-2.334.0\externals'
[2026-06-09 13:17:55Z INFO ProcessInvokerWrapper] Starting process:
[2026-06-09 13:17:55Z INFO ProcessInvokerWrapper]   File name: 'C:\Users\vvaka\VisualStudio\repos\WorldBank.Automation.Solution\src\Automation.Framework\actions-runner\actions-runner-win-x64-2.334.0\externals\node20\bin\node.exe'
[2026-06-09 13:17:55Z INFO ProcessInvokerWrapper]   Arguments: '"C:\Users\vvaka\VisualStudio\repos\WorldBank.Automation.Solution\src\Automation.Framework\actions-runner\actions-runner-win-x64-2.334.0\_work\_actions\peaceiris\actions-gh-pages\v3\lib/index.js"'
[2026-06-09 13:17:55Z INFO ProcessInvokerWrapper]   Working directory: 'C:\Users\vvaka\VisualStudio\repos\WorldBank.Automation.Solution\src\Automation.Framework\actions-runner\actions-runner-win-x64-2.334.0\_work\WorldBank-Core-Automation-Playwrite\WorldBank-Core-Automation-Playwrite'
[2026-06-09 13:17:55Z INFO ProcessInvokerWrapper]   Require exit code zero: 'False'
[2026-06-09 13:17:55Z INFO ProcessInvokerWrapper]   Encoding web name: utf-8 ; code page: '65001'
[2026-06-09 13:17:55Z INFO ProcessInvokerWrapper]   Force kill process on cancellation: 'False'
[2026-06-09 13:17:55Z INFO ProcessInvokerWrapper]   Redirected STDIN: 'False'
[2026-06-09 13:17:55Z INFO ProcessInvokerWrapper]   Persist current code page: 'True'
[2026-06-09 13:17:55Z INFO ProcessInvokerWrapper]   Keep redirected STDIN open: 'False'
[2026-06-09 13:17:55Z INFO ProcessInvokerWrapper]   High priority process: 'False'
[2026-06-09 13:17:55Z INFO ProcessInvokerWrapper] Process started with process id 47836, waiting for process exit.
[2026-06-09 13:17:55Z INFO JobServerQueue] Got a step log file to send to results service.
[2026-06-09 13:17:55Z INFO JobServerQueue] Starting upload of step log file to results service ResultsLog, C:\Users\vvaka\VisualStudio\repos\WorldBank.Automation.Solution\src\Automation.Framework\actions-runner\actions-runner-win-x64-2.334.0\_diag\blocks\68dc7fdf-0a37-4d80-9fb0-60a06311ab83_684abd75-af81-4bec-bfa7-c13409868d90.1
[2026-06-09 13:17:55Z INFO JobServerQueue] Try to append 1 batches web console lines for record '614b9be1-2c95-4e9e-b2c9-7d57765a4edb', success rate: 1/1.
[2026-06-09 13:17:55Z INFO JobServerQueue] Try to append 1 batches web console lines for record '3b415b2b-4aab-4c75-9fd0-e7bd6acf1962', success rate: 1/1.
[2026-06-09 13:17:56Z INFO JobServerQueue] Try to upload 2 log files or attachments, success rate: 2/2.
[2026-06-09 13:17:56Z INFO JobServerQueue] Try to append 1 batches web console lines for record '3b415b2b-4aab-4c75-9fd0-e7bd6acf1962', success rate: 1/1.
[2026-06-09 13:17:56Z INFO JobServerQueue] Got a step log file to send to results service.
[2026-06-09 13:17:56Z INFO JobServerQueue] Starting upload of step log file to results service ResultsLog, C:\Users\vvaka\VisualStudio\repos\WorldBank.Automation.Solution\src\Automation.Framework\actions-runner\actions-runner-win-x64-2.334.0\_diag\blocks\68dc7fdf-0a37-4d80-9fb0-60a06311ab83_614b9be1-2c95-4e9e-b2c9-7d57765a4edb.1
[2026-06-09 13:17:56Z INFO JobServerQueue] Tried to upload 2 file(s) to results, success rate: 2/2.
[2026-06-09 13:17:57Z INFO JobServerQueue] Try to append 1 batches web console lines for record '3b415b2b-4aab-4c75-9fd0-e7bd6acf1962', success rate: 1/1.
[2026-06-09 13:17:57Z INFO JobServerQueue] Try to append 1 batches web console lines for record '3b415b2b-4aab-4c75-9fd0-e7bd6acf1962', success rate: 1/1.
[2026-06-09 13:17:57Z INFO JobServerQueue] Try to append 1 batches web console lines for record '3b415b2b-4aab-4c75-9fd0-e7bd6acf1962', success rate: 1/1.
[2026-06-09 13:17:58Z INFO JobServerQueue] Try to append 1 batches web console lines for record '3b415b2b-4aab-4c75-9fd0-e7bd6acf1962', success rate: 1/1.
[2026-06-09 13:17:58Z INFO JobServerQueue] Try to append 1 batches web console lines for record '3b415b2b-4aab-4c75-9fd0-e7bd6acf1962', success rate: 1/1.
[2026-06-09 13:17:58Z INFO ProcessInvokerWrapper] STDOUT/STDERR stream read finished.
[2026-06-09 13:17:58Z INFO ProcessInvokerWrapper] STDOUT/STDERR stream read finished.
[2026-06-09 13:17:58Z INFO ProcessInvokerWrapper] Finished process 47836 with exit code 0, and elapsed time 00:00:03.0740749.
[2026-06-09 13:17:58Z INFO CreateStepSummaryCommand] Step Summary file (C:\Users\vvaka\VisualStudio\repos\WorldBank.Automation.Solution\src\Automation.Framework\actions-runner\actions-runner-win-x64-2.334.0\_work\_temp\_runner_file_commands\step_summary_e7ca4005-50ad-4538-9973-4e1c3bae9049) is empty; skipping attachment upload
[2026-06-09 13:17:58Z INFO StepsRunner] Step result: 
[2026-06-09 13:17:58Z INFO ExecutionContext] Publish step telemetry for current step {
  "action": "peaceiris/actions-gh-pages",
  "ref": "v3",
  "type": "node20",
  "stage": "Main",
  "stepId": "3b415b2b-4aab-4c75-9fd0-e7bd6acf1962",
  "stepContextName": "__peaceiris_actions-gh-pages",
  "hasPreStep": false,
  "hasPostStep": false,
  "result": "succeeded",
  "errorMessages": [],
  "executionTimeInSeconds": 4,
  "startTime": "2026-06-09T13:17:55.7187623Z",
  "finishTime": "2026-06-09T13:17:58.8382951Z"
}.
[2026-06-09 13:17:58Z INFO StepsRunner] No need for updating job result with current step result 'Succeeded'.
[2026-06-09 13:17:58Z INFO StepsRunner] Current state: job state = 'Failed'
[2026-06-09 13:17:58Z INFO StepsRunner] Processing step: DisplayName='📊 Upload Test Results (On Failure)'
[2026-06-09 13:17:58Z INFO StepsRunner] Evaluating: always()
[2026-06-09 13:17:58Z INFO StepsRunner] Result: true
[2026-06-09 13:17:58Z INFO StepsRunner] Starting the step.
[2026-06-09 13:17:58Z INFO HostContext] Well known directory 'Bin': 'C:\Users\vvaka\VisualStudio\repos\WorldBank.Automation.Solution\src\Automation.Framework\actions-runner\actions-runner-win-x64-2.334.0\bin'
[2026-06-09 13:17:58Z INFO HostContext] Well known directory 'Root': 'C:\Users\vvaka\VisualStudio\repos\WorldBank.Automation.Solution\src\Automation.Framework\actions-runner\actions-runner-win-x64-2.334.0'
[2026-06-09 13:17:58Z INFO HostContext] Well known directory 'Work': 'C:\Users\vvaka\VisualStudio\repos\WorldBank.Automation.Solution\src\Automation.Framework\actions-runner\actions-runner-win-x64-2.334.0\_work'
[2026-06-09 13:17:58Z INFO StepsRunner] Which2: 'chcp'
[2026-06-09 13:17:58Z INFO StepsRunner] Location: 'C:\WINDOWS\system32\chcp.COM'
[2026-06-09 13:17:58Z INFO ProcessInvokerWrapper] Starting process:
[2026-06-09 13:17:58Z INFO ProcessInvokerWrapper]   File name: 'C:\WINDOWS\system32\chcp.COM'
[2026-06-09 13:17:58Z INFO ProcessInvokerWrapper]   Arguments: '65001'
[2026-06-09 13:17:58Z INFO ProcessInvokerWrapper]   Working directory: 'C:\Users\vvaka\VisualStudio\repos\WorldBank.Automation.Solution\src\Automation.Framework\actions-runner\actions-runner-win-x64-2.334.0\_work'
[2026-06-09 13:17:58Z INFO ProcessInvokerWrapper]   Require exit code zero: 'False'
[2026-06-09 13:17:58Z INFO ProcessInvokerWrapper]   Encoding web name:  ; code page: ''
[2026-06-09 13:17:58Z INFO ProcessInvokerWrapper]   Force kill process on cancellation: 'False'
[2026-06-09 13:17:58Z INFO ProcessInvokerWrapper]   Redirected STDIN: 'False'
[2026-06-09 13:17:58Z INFO ProcessInvokerWrapper]   Persist current code page: 'True'
[2026-06-09 13:17:58Z INFO ProcessInvokerWrapper]   Keep redirected STDIN open: 'False'
[2026-06-09 13:17:58Z INFO ProcessInvokerWrapper]   High priority process: 'False'
[2026-06-09 13:17:58Z INFO ProcessInvokerWrapper] Process started with process id 58868, waiting for process exit.
[2026-06-09 13:17:58Z INFO ProcessInvokerWrapper] STDOUT/STDERR stream read finished.
[2026-06-09 13:17:58Z INFO ProcessInvokerWrapper] STDOUT/STDERR stream read finished.
[2026-06-09 13:17:58Z INFO ProcessInvokerWrapper] Finished process 58868 with exit code 0, and elapsed time 00:00:00.0293952.
[2026-06-09 13:17:58Z INFO StepsRunner] Successfully returned to code page 65001 (UTF8)
[2026-06-09 13:17:58Z INFO HostContext] Well known directory 'Bin': 'C:\Users\vvaka\VisualStudio\repos\WorldBank.Automation.Solution\src\Automation.Framework\actions-runner\actions-runner-win-x64-2.334.0\bin'
[2026-06-09 13:17:58Z INFO HostContext] Well known directory 'Root': 'C:\Users\vvaka\VisualStudio\repos\WorldBank.Automation.Solution\src\Automation.Framework\actions-runner\actions-runner-win-x64-2.334.0'
[2026-06-09 13:17:58Z INFO HostContext] Well known directory 'Work': 'C:\Users\vvaka\VisualStudio\repos\WorldBank.Automation.Solution\src\Automation.Framework\actions-runner\actions-runner-win-x64-2.334.0\_work'
[2026-06-09 13:17:58Z INFO HostContext] Well known directory 'Actions': 'C:\Users\vvaka\VisualStudio\repos\WorldBank.Automation.Solution\src\Automation.Framework\actions-runner\actions-runner-win-x64-2.334.0\_work\_actions'
[2026-06-09 13:17:58Z INFO ActionManager] Load action that reference repository from 'C:\Users\vvaka\VisualStudio\repos\WorldBank.Automation.Solution\src\Automation.Framework\actions-runner\actions-runner-win-x64-2.334.0\_work\_actions\actions\upload-artifact\v4'
[2026-06-09 13:17:58Z INFO HostContext] Well known directory 'Bin': 'C:\Users\vvaka\VisualStudio\repos\WorldBank.Automation.Solution\src\Automation.Framework\actions-runner\actions-runner-win-x64-2.334.0\bin'
[2026-06-09 13:17:58Z INFO HostContext] Well known directory 'Root': 'C:\Users\vvaka\VisualStudio\repos\WorldBank.Automation.Solution\src\Automation.Framework\actions-runner\actions-runner-win-x64-2.334.0'
[2026-06-09 13:17:58Z INFO HostContext] Well known directory 'Work': 'C:\Users\vvaka\VisualStudio\repos\WorldBank.Automation.Solution\src\Automation.Framework\actions-runner\actions-runner-win-x64-2.334.0\_work'
[2026-06-09 13:17:58Z INFO HostContext] Well known directory 'Actions': 'C:\Users\vvaka\VisualStudio\repos\WorldBank.Automation.Solution\src\Automation.Framework\actions-runner\actions-runner-win-x64-2.334.0\_work\_actions'
[2026-06-09 13:17:58Z INFO ActionManifestManagerLegacy] Ignore action property author.
[2026-06-09 13:17:58Z INFO ActionManifestManagerLegacy] Loaded action.yml file: {
  "name": "Upload a Build Artifact",
  "description": "Upload a build artifact that can be used by subsequent workflow steps",
  "inputs": {
    "type": 2,
    "map": [
      {
        "key": {
          "type": 0,
          "file": 6,
          "line": 5,
          "col": 3,
          "lit": "name"
        },
        "value": {
          "type": 0,
          "file": 6,
          "line": 7,
          "col": 14,
          "lit": "artifact"
        }
      },
      {
        "key": {
          "type": 0,
          "file": 6,
          "line": 8,
          "col": 3,
          "lit": "path"
        },
        "value": ""
      },
      {
        "key": {
          "type": 0,
          "file": 6,
          "line": 11,
          "col": 3,
          "lit": "if-no-files-found"
        },
        "value": {
          "type": 0,
          "file": 6,
          "line": 19,
          "col": 14,
          "lit": "warn"
        }
      },
      {
        "key": {
          "type": 0,
          "file": 6,
          "line": 20,
          "col": 3,
          "lit": "retention-days"
        },
        "value": ""
      },
      {
        "key": {
          "type": 0,
          "file": 6,
          "line": 26,
          "col": 3,
          "lit": "compression-level"
        },
        "value": {
          "type": 0,
          "file": 6,
          "line": 36,
          "col": 14,
          "lit": "6"
        }
      },
      {
        "key": {
          "type": 0,
          "file": 6,
          "line": 37,
          "col": 3,
          "lit": "overwrite"
        },
        "value": {
          "type": 0,
          "file": 6,
          "line": 42,
          "col": 14,
          "lit": "false"
        }
      },
      {
        "key": {
          "type": 0,
          "file": 6,
          "line": 43,
          "col": 3,
          "lit": "include-hidden-files"
        },
        "value": {
          "type": 0,
          "file": 6,
          "line": 47,
          "col": 14,
          "lit": "false"
        }
      }
    ]
  },
  "execution": {
    "executionType": "nodeJS",
    "hasPre": false,
    "hasPost": false,
    "script": "dist/upload/index.js",
    "pre": null,
    "post": null,
    "nodeVersion": "node20",
    "cleanupCondition": "always()",
    "initCondition": "always()"
  },
  "deprecated": null
}
[2026-06-09 13:17:58Z INFO ActionManager] Action pre node.js file: N/A.
[2026-06-09 13:17:58Z INFO ActionManager] Action node.js file: dist/upload/index.js.
[2026-06-09 13:17:58Z INFO ActionManager] Action post node.js file: N/A.
[2026-06-09 13:17:58Z INFO HostContext] Well known directory 'Bin': 'C:\Users\vvaka\VisualStudio\repos\WorldBank.Automation.Solution\src\Automation.Framework\actions-runner\actions-runner-win-x64-2.334.0\bin'
[2026-06-09 13:17:58Z INFO HostContext] Well known directory 'Root': 'C:\Users\vvaka\VisualStudio\repos\WorldBank.Automation.Solution\src\Automation.Framework\actions-runner\actions-runner-win-x64-2.334.0'
[2026-06-09 13:17:58Z INFO HostContext] Well known directory 'Work': 'C:\Users\vvaka\VisualStudio\repos\WorldBank.Automation.Solution\src\Automation.Framework\actions-runner\actions-runner-win-x64-2.334.0\_work'
[2026-06-09 13:17:58Z INFO HostContext] Well known directory 'Temp': 'C:\Users\vvaka\VisualStudio\repos\WorldBank.Automation.Solution\src\Automation.Framework\actions-runner\actions-runner-win-x64-2.334.0\_work\_temp'
[2026-06-09 13:17:58Z INFO ExecutionContext] Write event payload to C:\Users\vvaka\VisualStudio\repos\WorldBank.Automation.Solution\src\Automation.Framework\actions-runner\actions-runner-win-x64-2.334.0\_work\_temp\_github_workflow\event.json
[2026-06-09 13:17:58Z INFO HostContext] Well known directory 'Bin': 'C:\Users\vvaka\VisualStudio\repos\WorldBank.Automation.Solution\src\Automation.Framework\actions-runner\actions-runner-win-x64-2.334.0\bin'
[2026-06-09 13:17:58Z INFO HostContext] Well known directory 'Root': 'C:\Users\vvaka\VisualStudio\repos\WorldBank.Automation.Solution\src\Automation.Framework\actions-runner\actions-runner-win-x64-2.334.0'
[2026-06-09 13:17:58Z INFO HostContext] Well known directory 'Work': 'C:\Users\vvaka\VisualStudio\repos\WorldBank.Automation.Solution\src\Automation.Framework\actions-runner\actions-runner-win-x64-2.334.0\_work'
[2026-06-09 13:17:58Z INFO HostContext] Well known directory 'Temp': 'C:\Users\vvaka\VisualStudio\repos\WorldBank.Automation.Solution\src\Automation.Framework\actions-runner\actions-runner-win-x64-2.334.0\_work\_temp'
[2026-06-09 13:17:58Z INFO ExtensionManager] Getting extensions for interface: 'GitHub.Runner.Worker.IFileCommandExtension'
[2026-06-09 13:17:58Z INFO ActionManifestManagerLegacy] Input 'if-no-files-found': default value evaluate result: {
  "type": 0,
  "file": 6,
  "line": 19,
  "col": 14,
  "lit": "warn"
}
[2026-06-09 13:17:58Z INFO ActionManifestManagerLegacy] Input 'compression-level': default value evaluate result: {
  "type": 0,
  "file": 6,
  "line": 36,
  "col": 14,
  "lit": "6"
}
[2026-06-09 13:17:58Z INFO ActionManifestManagerLegacy] Input 'overwrite': default value evaluate result: {
  "type": 0,
  "file": 6,
  "line": 42,
  "col": 14,
  "lit": "false"
}
[2026-06-09 13:17:58Z INFO ActionManifestManagerLegacy] Input 'include-hidden-files': default value evaluate result: {
  "type": 0,
  "file": 6,
  "line": 47,
  "col": 14,
  "lit": "false"
}
[2026-06-09 13:17:58Z INFO ExtensionManager] Getting extensions for interface: 'GitHub.Runner.Worker.IActionCommandExtension'
[2026-06-09 13:17:58Z INFO ActionCommandManager] Register action command extension for command internal-set-repo-path
[2026-06-09 13:17:58Z INFO ActionCommandManager] Register action command extension for command set-env
[2026-06-09 13:17:58Z INFO ActionCommandManager] Register action command extension for command set-output
[2026-06-09 13:17:58Z INFO ActionCommandManager] Register action command extension for command save-state
[2026-06-09 13:17:58Z INFO ActionCommandManager] Register action command extension for command add-path
[2026-06-09 13:17:58Z INFO ActionCommandManager] Register action command extension for command add-mask
[2026-06-09 13:17:58Z INFO ActionCommandManager] Register action command extension for command add-matcher
[2026-06-09 13:17:58Z INFO ActionCommandManager] Register action command extension for command remove-matcher
[2026-06-09 13:17:58Z INFO ActionCommandManager] Register action command extension for command warning
[2026-06-09 13:17:58Z INFO ActionCommandManager] Register action command extension for command error
[2026-06-09 13:17:58Z INFO ActionCommandManager] Register action command extension for command notice
[2026-06-09 13:17:58Z INFO ActionCommandManager] Register action command extension for command debug
[2026-06-09 13:17:58Z INFO ActionCommandManager] Register action command extension for command group
[2026-06-09 13:17:58Z INFO ActionCommandManager] Register action command extension for command endgroup
[2026-06-09 13:17:58Z INFO ActionCommandManager] Register action command extension for command echo
[2026-06-09 13:17:58Z INFO HostContext] Well known directory 'Bin': 'C:\Users\vvaka\VisualStudio\repos\WorldBank.Automation.Solution\src\Automation.Framework\actions-runner\actions-runner-win-x64-2.334.0\bin'
[2026-06-09 13:17:58Z INFO HostContext] Well known directory 'Root': 'C:\Users\vvaka\VisualStudio\repos\WorldBank.Automation.Solution\src\Automation.Framework\actions-runner\actions-runner-win-x64-2.334.0'
[2026-06-09 13:17:58Z INFO HostContext] Well known directory 'Externals': 'C:\Users\vvaka\VisualStudio\repos\WorldBank.Automation.Solution\src\Automation.Framework\actions-runner\actions-runner-win-x64-2.334.0\externals'
[2026-06-09 13:17:58Z INFO ProcessInvokerWrapper] Starting process:
[2026-06-09 13:17:58Z INFO ProcessInvokerWrapper]   File name: 'C:\Users\vvaka\VisualStudio\repos\WorldBank.Automation.Solution\src\Automation.Framework\actions-runner\actions-runner-win-x64-2.334.0\externals\node20\bin\node.exe'
[2026-06-09 13:17:58Z INFO ProcessInvokerWrapper]   Arguments: '"C:\Users\vvaka\VisualStudio\repos\WorldBank.Automation.Solution\src\Automation.Framework\actions-runner\actions-runner-win-x64-2.334.0\_work\_actions\actions\upload-artifact\v4\dist/upload/index.js"'
[2026-06-09 13:17:58Z INFO ProcessInvokerWrapper]   Working directory: 'C:\Users\vvaka\VisualStudio\repos\WorldBank.Automation.Solution\src\Automation.Framework\actions-runner\actions-runner-win-x64-2.334.0\_work\WorldBank-Core-Automation-Playwrite\WorldBank-Core-Automation-Playwrite'
[2026-06-09 13:17:58Z INFO ProcessInvokerWrapper]   Require exit code zero: 'False'
[2026-06-09 13:17:58Z INFO ProcessInvokerWrapper]   Encoding web name: utf-8 ; code page: '65001'
[2026-06-09 13:17:58Z INFO ProcessInvokerWrapper]   Force kill process on cancellation: 'False'
[2026-06-09 13:17:58Z INFO ProcessInvokerWrapper]   Redirected STDIN: 'False'
[2026-06-09 13:17:58Z INFO ProcessInvokerWrapper]   Persist current code page: 'True'
[2026-06-09 13:17:58Z INFO ProcessInvokerWrapper]   Keep redirected STDIN open: 'False'
[2026-06-09 13:17:58Z INFO ProcessInvokerWrapper]   High priority process: 'False'
[2026-06-09 13:17:58Z INFO ProcessInvokerWrapper] Process started with process id 40824, waiting for process exit.
[2026-06-09 13:17:58Z INFO JobServerQueue] Got a step log file to send to results service.
[2026-06-09 13:17:58Z INFO JobServerQueue] Starting upload of step log file to results service ResultsLog, C:\Users\vvaka\VisualStudio\repos\WorldBank.Automation.Solution\src\Automation.Framework\actions-runner\actions-runner-win-x64-2.334.0\_diag\blocks\68dc7fdf-0a37-4d80-9fb0-60a06311ab83_3b415b2b-4aab-4c75-9fd0-e7bd6acf1962.1
[2026-06-09 13:17:59Z INFO JobServerQueue] Try to upload 1 log files or attachments, success rate: 1/1.
[2026-06-09 13:17:59Z INFO JobServerQueue] Try to append 1 batches web console lines for record '3b415b2b-4aab-4c75-9fd0-e7bd6acf1962', success rate: 1/1.
[2026-06-09 13:17:59Z INFO JobServerQueue] Try to append 1 batches web console lines for record '818b66a1-5cfc-485a-9b07-373f719132e3', success rate: 1/1.
[2026-06-09 13:17:59Z INFO ProcessInvokerWrapper] STDOUT/STDERR stream read finished.
[2026-06-09 13:17:59Z INFO ProcessInvokerWrapper] STDOUT/STDERR stream read finished.
[2026-06-09 13:17:59Z INFO ProcessInvokerWrapper] Finished process 40824 with exit code 0, and elapsed time 00:00:00.3577676.
[2026-06-09 13:17:59Z INFO CreateStepSummaryCommand] Step Summary file (C:\Users\vvaka\VisualStudio\repos\WorldBank.Automation.Solution\src\Automation.Framework\actions-runner\actions-runner-win-x64-2.334.0\_work\_temp\_runner_file_commands\step_summary_15bc181f-5c48-42ba-a95f-ff73f1744d77) is empty; skipping attachment upload
[2026-06-09 13:17:59Z INFO StepsRunner] Step result: 
[2026-06-09 13:17:59Z INFO ExecutionContext] Publish step telemetry for current step {
  "action": "actions/upload-artifact",
  "ref": "v4",
  "type": "node20",
  "stage": "Main",
  "stepId": "818b66a1-5cfc-485a-9b07-373f719132e3",
  "stepContextName": "__actions_upload-artifact",
  "hasPreStep": false,
  "hasPostStep": false,
  "result": "succeeded",
  "errorMessages": [
    "No files were found with the provided path: **/TestResults/*.trx. No artifacts will be uploaded."
  ],
  "executionTimeInSeconds": 1,
  "startTime": "2026-06-09T13:17:58.8399294Z",
  "finishTime": "2026-06-09T13:17:59.2426793Z"
}.
[2026-06-09 13:17:59Z INFO StepsRunner] No need for updating job result with current step result 'Succeeded'.
[2026-06-09 13:17:59Z INFO StepsRunner] Current state: job state = 'Failed'
[2026-06-09 13:17:59Z INFO StepsRunner] Processing step: DisplayName='Post 📥 Checkout Repository'
[2026-06-09 13:17:59Z INFO StepsRunner] Evaluating: always()
[2026-06-09 13:17:59Z INFO StepsRunner] Result: true
[2026-06-09 13:17:59Z INFO StepsRunner] Starting the step.
[2026-06-09 13:17:59Z INFO HostContext] Well known directory 'Bin': 'C:\Users\vvaka\VisualStudio\repos\WorldBank.Automation.Solution\src\Automation.Framework\actions-runner\actions-runner-win-x64-2.334.0\bin'
[2026-06-09 13:17:59Z INFO HostContext] Well known directory 'Root': 'C:\Users\vvaka\VisualStudio\repos\WorldBank.Automation.Solution\src\Automation.Framework\actions-runner\actions-runner-win-x64-2.334.0'
[2026-06-09 13:17:59Z INFO HostContext] Well known directory 'Work': 'C:\Users\vvaka\VisualStudio\repos\WorldBank.Automation.Solution\src\Automation.Framework\actions-runner\actions-runner-win-x64-2.334.0\_work'
[2026-06-09 13:17:59Z INFO StepsRunner] Which2: 'chcp'
[2026-06-09 13:17:59Z INFO StepsRunner] Location: 'C:\WINDOWS\system32\chcp.COM'
[2026-06-09 13:17:59Z INFO ProcessInvokerWrapper] Starting process:
[2026-06-09 13:17:59Z INFO ProcessInvokerWrapper]   File name: 'C:\WINDOWS\system32\chcp.COM'
[2026-06-09 13:17:59Z INFO ProcessInvokerWrapper]   Arguments: '65001'
[2026-06-09 13:17:59Z INFO ProcessInvokerWrapper]   Working directory: 'C:\Users\vvaka\VisualStudio\repos\WorldBank.Automation.Solution\src\Automation.Framework\actions-runner\actions-runner-win-x64-2.334.0\_work'
[2026-06-09 13:17:59Z INFO ProcessInvokerWrapper]   Require exit code zero: 'False'
[2026-06-09 13:17:59Z INFO ProcessInvokerWrapper]   Encoding web name:  ; code page: ''
[2026-06-09 13:17:59Z INFO ProcessInvokerWrapper]   Force kill process on cancellation: 'False'
[2026-06-09 13:17:59Z INFO ProcessInvokerWrapper]   Redirected STDIN: 'False'
[2026-06-09 13:17:59Z INFO ProcessInvokerWrapper]   Persist current code page: 'True'
[2026-06-09 13:17:59Z INFO ProcessInvokerWrapper]   Keep redirected STDIN open: 'False'
[2026-06-09 13:17:59Z INFO ProcessInvokerWrapper]   High priority process: 'False'
[2026-06-09 13:17:59Z INFO ProcessInvokerWrapper] Process started with process id 25256, waiting for process exit.
[2026-06-09 13:17:59Z INFO ProcessInvokerWrapper] STDOUT/STDERR stream read finished.
[2026-06-09 13:17:59Z INFO ProcessInvokerWrapper] STDOUT/STDERR stream read finished.
[2026-06-09 13:17:59Z INFO ProcessInvokerWrapper] Finished process 25256 with exit code 0, and elapsed time 00:00:00.0270262.
[2026-06-09 13:17:59Z INFO StepsRunner] Successfully returned to code page 65001 (UTF8)
[2026-06-09 13:17:59Z INFO HostContext] Well known directory 'Bin': 'C:\Users\vvaka\VisualStudio\repos\WorldBank.Automation.Solution\src\Automation.Framework\actions-runner\actions-runner-win-x64-2.334.0\bin'
[2026-06-09 13:17:59Z INFO HostContext] Well known directory 'Root': 'C:\Users\vvaka\VisualStudio\repos\WorldBank.Automation.Solution\src\Automation.Framework\actions-runner\actions-runner-win-x64-2.334.0'
[2026-06-09 13:17:59Z INFO HostContext] Well known directory 'Work': 'C:\Users\vvaka\VisualStudio\repos\WorldBank.Automation.Solution\src\Automation.Framework\actions-runner\actions-runner-win-x64-2.334.0\_work'
[2026-06-09 13:17:59Z INFO HostContext] Well known directory 'Actions': 'C:\Users\vvaka\VisualStudio\repos\WorldBank.Automation.Solution\src\Automation.Framework\actions-runner\actions-runner-win-x64-2.334.0\_work\_actions'
[2026-06-09 13:17:59Z INFO ActionManager] Load action that reference repository from 'C:\Users\vvaka\VisualStudio\repos\WorldBank.Automation.Solution\src\Automation.Framework\actions-runner\actions-runner-win-x64-2.334.0\_work\_actions\actions\checkout\v4'
[2026-06-09 13:17:59Z INFO HostContext] Well known directory 'Bin': 'C:\Users\vvaka\VisualStudio\repos\WorldBank.Automation.Solution\src\Automation.Framework\actions-runner\actions-runner-win-x64-2.334.0\bin'
[2026-06-09 13:17:59Z INFO HostContext] Well known directory 'Root': 'C:\Users\vvaka\VisualStudio\repos\WorldBank.Automation.Solution\src\Automation.Framework\actions-runner\actions-runner-win-x64-2.334.0'
[2026-06-09 13:17:59Z INFO HostContext] Well known directory 'Work': 'C:\Users\vvaka\VisualStudio\repos\WorldBank.Automation.Solution\src\Automation.Framework\actions-runner\actions-runner-win-x64-2.334.0\_work'
[2026-06-09 13:17:59Z INFO HostContext] Well known directory 'Actions': 'C:\Users\vvaka\VisualStudio\repos\WorldBank.Automation.Solution\src\Automation.Framework\actions-runner\actions-runner-win-x64-2.334.0\_work\_actions'
[2026-06-09 13:17:59Z INFO ActionManifestManagerLegacy] Loaded action.yml file: {
  "name": "Checkout",
  "description": "Checkout a Git repository at a particular version",
  "inputs": {
    "type": 2,
    "map": [
      {
        "key": {
          "type": 0,
          "file": 2,
          "line": 4,
          "col": 3,
          "lit": "repository"
        },
        "value": {
          "type": 3,
          "file": 2,
          "line": 6,
          "col": 14,
          "expr": "github.repository"
        }
      },
      {
        "key": {
          "type": 0,
          "file": 2,
          "line": 7,
          "col": 3,
          "lit": "ref"
        },
        "value": ""
      },
      {
        "key": {
          "type": 0,
          "file": 2,
          "line": 12,
          "col": 3,
          "lit": "token"
        },
        "value": {
          "type": 3,
          "file": 2,
          "line": 24,
          "col": 14,
          "expr": "github.token"
        }
      },
      {
        "key": {
          "type": 0,
          "file": 2,
          "line": 25,
          "col": 3,
          "lit": "ssh-key"
        },
        "value": ""
      },
      {
        "key": {
          "type": 0,
          "file": 2,
          "line": 37,
          "col": 3,
          "lit": "ssh-known-hosts"
        },
        "value": ""
      },
      {
        "key": {
          "type": 0,
          "file": 2,
          "line": 42,
          "col": 3,
          "lit": "ssh-strict"
        },
        "value": {
          "type": 0,
          "file": 2,
          "line": 47,
          "col": 14,
          "lit": "true"
        }
      },
      {
        "key": {
          "type": 0,
          "file": 2,
          "line": 48,
          "col": 3,
          "lit": "ssh-user"
        },
        "value": {
          "type": 0,
          "file": 2,
          "line": 51,
          "col": 14,
          "lit": "git"
        }
      },
      {
        "key": {
          "type": 0,
          "file": 2,
          "line": 52,
          "col": 3,
          "lit": "persist-credentials"
        },
        "value": {
          "type": 0,
          "file": 2,
          "line": 54,
          "col": 14,
          "lit": "true"
        }
      },
      {
        "key": {
          "type": 0,
          "file": 2,
          "line": 55,
          "col": 3,
          "lit": "path"
        },
        "value": ""
      },
      {
        "key": {
          "type": 0,
          "file": 2,
          "line": 57,
          "col": 3,
          "lit": "clean"
        },
        "value": {
          "type": 0,
          "file": 2,
          "line": 59,
          "col": 14,
          "lit": "true"
        }
      },
      {
        "key": {
          "type": 0,
          "file": 2,
          "line": 60,
          "col": 3,
          "lit": "filter"
        },
        "value": {
          "type": 0,
          "file": 2,
          "line": 64,
          "col": 14,
          "lit": ""
        }
      },
      {
        "key": {
          "type": 0,
          "file": 2,
          "line": 65,
          "col": 3,
          "lit": "sparse-checkout"
        },
        "value": {
          "type": 0,
          "file": 2,
          "line": 69,
          "col": 14,
          "lit": ""
        }
      },
      {
        "key": {
          "type": 0,
          "file": 2,
          "line": 70,
          "col": 3,
          "lit": "sparse-checkout-cone-mode"
        },
        "value": {
          "type": 0,
          "file": 2,
          "line": 73,
          "col": 14,
          "lit": "true"
        }
      },
      {
        "key": {
          "type": 0,
          "file": 2,
          "line": 74,
          "col": 3,
          "lit": "fetch-depth"
        },
        "value": {
          "type": 0,
          "file": 2,
          "line": 76,
          "col": 14,
          "lit": "1"
        }
      },
      {
        "key": {
          "type": 0,
          "file": 2,
          "line": 77,
          "col": 3,
          "lit": "fetch-tags"
        },
        "value": {
          "type": 0,
          "file": 2,
          "line": 79,
          "col": 14,
          "lit": "false"
        }
      },
      {
        "key": {
          "type": 0,
          "file": 2,
          "line": 80,
          "col": 3,
          "lit": "show-progress"
        },
        "value": {
          "type": 0,
          "file": 2,
          "line": 82,
          "col": 14,
          "lit": "true"
        }
      },
      {
        "key": {
          "type": 0,
          "file": 2,
          "line": 83,
          "col": 3,
          "lit": "lfs"
        },
        "value": {
          "type": 0,
          "file": 2,
          "line": 85,
          "col": 14,
          "lit": "false"
        }
      },
      {
        "key": {
          "type": 0,
          "file": 2,
          "line": 86,
          "col": 3,
          "lit": "submodules"
        },
        "value": {
          "type": 0,
          "file": 2,
          "line": 94,
          "col": 14,
          "lit": "false"
        }
      },
      {
        "key": {
          "type": 0,
          "file": 2,
          "line": 95,
          "col": 3,
          "lit": "set-safe-directory"
        },
        "value": {
          "type": 0,
          "file": 2,
          "line": 97,
          "col": 14,
          "lit": "true"
        }
      },
      {
        "key": {
          "type": 0,
          "file": 2,
          "line": 98,
          "col": 3,
          "lit": "github-server-url"
        },
        "value": ""
      }
    ]
  },
  "execution": {
    "executionType": "nodeJS",
    "hasPre": false,
    "hasPost": true,
    "script": "dist/index.js",
    "pre": null,
    "post": "dist/index.js",
    "nodeVersion": "node20",
    "cleanupCondition": "always()",
    "initCondition": "always()"
  },
  "deprecated": null
}
[2026-06-09 13:17:59Z INFO ActionManager] Action pre node.js file: N/A.
[2026-06-09 13:17:59Z INFO ActionManager] Action node.js file: dist/index.js.
[2026-06-09 13:17:59Z INFO ActionManager] Action post node.js file: dist/index.js.
[2026-06-09 13:17:59Z INFO HostContext] Well known directory 'Bin': 'C:\Users\vvaka\VisualStudio\repos\WorldBank.Automation.Solution\src\Automation.Framework\actions-runner\actions-runner-win-x64-2.334.0\bin'
[2026-06-09 13:17:59Z INFO HostContext] Well known directory 'Root': 'C:\Users\vvaka\VisualStudio\repos\WorldBank.Automation.Solution\src\Automation.Framework\actions-runner\actions-runner-win-x64-2.334.0'
[2026-06-09 13:17:59Z INFO HostContext] Well known directory 'Work': 'C:\Users\vvaka\VisualStudio\repos\WorldBank.Automation.Solution\src\Automation.Framework\actions-runner\actions-runner-win-x64-2.334.0\_work'
[2026-06-09 13:17:59Z INFO HostContext] Well known directory 'Temp': 'C:\Users\vvaka\VisualStudio\repos\WorldBank.Automation.Solution\src\Automation.Framework\actions-runner\actions-runner-win-x64-2.334.0\_work\_temp'
[2026-06-09 13:17:59Z INFO ExecutionContext] Write event payload to C:\Users\vvaka\VisualStudio\repos\WorldBank.Automation.Solution\src\Automation.Framework\actions-runner\actions-runner-win-x64-2.334.0\_work\_temp\_github_workflow\event.json
[2026-06-09 13:17:59Z INFO HostContext] Well known directory 'Bin': 'C:\Users\vvaka\VisualStudio\repos\WorldBank.Automation.Solution\src\Automation.Framework\actions-runner\actions-runner-win-x64-2.334.0\bin'
[2026-06-09 13:17:59Z INFO HostContext] Well known directory 'Root': 'C:\Users\vvaka\VisualStudio\repos\WorldBank.Automation.Solution\src\Automation.Framework\actions-runner\actions-runner-win-x64-2.334.0'
[2026-06-09 13:17:59Z INFO HostContext] Well known directory 'Work': 'C:\Users\vvaka\VisualStudio\repos\WorldBank.Automation.Solution\src\Automation.Framework\actions-runner\actions-runner-win-x64-2.334.0\_work'
[2026-06-09 13:17:59Z INFO HostContext] Well known directory 'Temp': 'C:\Users\vvaka\VisualStudio\repos\WorldBank.Automation.Solution\src\Automation.Framework\actions-runner\actions-runner-win-x64-2.334.0\_work\_temp'
[2026-06-09 13:17:59Z INFO ExtensionManager] Getting extensions for interface: 'GitHub.Runner.Worker.IFileCommandExtension'
[2026-06-09 13:17:59Z INFO ActionManifestManagerLegacy] Input 'repository': default value evaluate result: {
  "type": 0,
  "file": 2,
  "line": 6,
  "col": 14,
  "lit": "ViktorVakareev/WorldBank-Core-Automation-Playwrite"
}
[2026-06-09 13:17:59Z INFO ActionManifestManagerLegacy] Input 'ref': default value evaluate result: ""
[2026-06-09 13:17:59Z INFO ActionManifestManagerLegacy] Input 'token': default value evaluate result: {
  "type": 0,
  "file": 2,
  "line": 24,
  "col": 14,
  "lit": "***"
}
[2026-06-09 13:17:59Z INFO ActionManifestManagerLegacy] Input 'ssh-key': default value evaluate result: ""
[2026-06-09 13:17:59Z INFO ActionManifestManagerLegacy] Input 'ssh-known-hosts': default value evaluate result: ""
[2026-06-09 13:17:59Z INFO ActionManifestManagerLegacy] Input 'ssh-strict': default value evaluate result: {
  "type": 0,
  "file": 2,
  "line": 47,
  "col": 14,
  "lit": "true"
}
[2026-06-09 13:17:59Z INFO ActionManifestManagerLegacy] Input 'ssh-user': default value evaluate result: {
  "type": 0,
  "file": 2,
  "line": 51,
  "col": 14,
  "lit": "git"
}
[2026-06-09 13:17:59Z INFO ActionManifestManagerLegacy] Input 'persist-credentials': default value evaluate result: {
  "type": 0,
  "file": 2,
  "line": 54,
  "col": 14,
  "lit": "true"
}
[2026-06-09 13:17:59Z INFO ActionManifestManagerLegacy] Input 'path': default value evaluate result: ""
[2026-06-09 13:17:59Z INFO ActionManifestManagerLegacy] Input 'clean': default value evaluate result: {
  "type": 0,
  "file": 2,
  "line": 59,
  "col": 14,
  "lit": "true"
}
[2026-06-09 13:17:59Z INFO ActionManifestManagerLegacy] Input 'filter': default value evaluate result: {
  "type": 0,
  "file": 2,
  "line": 64,
  "col": 14,
  "lit": ""
}
[2026-06-09 13:17:59Z INFO ActionManifestManagerLegacy] Input 'sparse-checkout': default value evaluate result: {
  "type": 0,
  "file": 2,
  "line": 69,
  "col": 14,
  "lit": ""
}
[2026-06-09 13:17:59Z INFO ActionManifestManagerLegacy] Input 'sparse-checkout-cone-mode': default value evaluate result: {
  "type": 0,
  "file": 2,
  "line": 73,
  "col": 14,
  "lit": "true"
}
[2026-06-09 13:17:59Z INFO ActionManifestManagerLegacy] Input 'fetch-depth': default value evaluate result: {
  "type": 0,
  "file": 2,
  "line": 76,
  "col": 14,
  "lit": "1"
}
[2026-06-09 13:17:59Z INFO ActionManifestManagerLegacy] Input 'fetch-tags': default value evaluate result: {
  "type": 0,
  "file": 2,
  "line": 79,
  "col": 14,
  "lit": "false"
}
[2026-06-09 13:17:59Z INFO ActionManifestManagerLegacy] Input 'show-progress': default value evaluate result: {
  "type": 0,
  "file": 2,
  "line": 82,
  "col": 14,
  "lit": "true"
}
[2026-06-09 13:17:59Z INFO ActionManifestManagerLegacy] Input 'lfs': default value evaluate result: {
  "type": 0,
  "file": 2,
  "line": 85,
  "col": 14,
  "lit": "false"
}
[2026-06-09 13:17:59Z INFO ActionManifestManagerLegacy] Input 'submodules': default value evaluate result: {
  "type": 0,
  "file": 2,
  "line": 94,
  "col": 14,
  "lit": "false"
}
[2026-06-09 13:17:59Z INFO ActionManifestManagerLegacy] Input 'set-safe-directory': default value evaluate result: {
  "type": 0,
  "file": 2,
  "line": 97,
  "col": 14,
  "lit": "true"
}
[2026-06-09 13:17:59Z INFO ActionManifestManagerLegacy] Input 'github-server-url': default value evaluate result: ""
[2026-06-09 13:17:59Z INFO ExtensionManager] Getting extensions for interface: 'GitHub.Runner.Worker.IActionCommandExtension'
[2026-06-09 13:17:59Z INFO ActionCommandManager] Register action command extension for command internal-set-repo-path
[2026-06-09 13:17:59Z INFO ActionCommandManager] Register action command extension for command set-env
[2026-06-09 13:17:59Z INFO ActionCommandManager] Register action command extension for command set-output
[2026-06-09 13:17:59Z INFO ActionCommandManager] Register action command extension for command save-state
[2026-06-09 13:17:59Z INFO ActionCommandManager] Register action command extension for command add-path
[2026-06-09 13:17:59Z INFO ActionCommandManager] Register action command extension for command add-mask
[2026-06-09 13:17:59Z INFO ActionCommandManager] Register action command extension for command add-matcher
[2026-06-09 13:17:59Z INFO ActionCommandManager] Register action command extension for command remove-matcher
[2026-06-09 13:17:59Z INFO ActionCommandManager] Register action command extension for command warning
[2026-06-09 13:17:59Z INFO ActionCommandManager] Register action command extension for command error
[2026-06-09 13:17:59Z INFO ActionCommandManager] Register action command extension for command notice
[2026-06-09 13:17:59Z INFO ActionCommandManager] Register action command extension for command debug
[2026-06-09 13:17:59Z INFO ActionCommandManager] Register action command extension for command group
[2026-06-09 13:17:59Z INFO ActionCommandManager] Register action command extension for command endgroup
[2026-06-09 13:17:59Z INFO ActionCommandManager] Register action command extension for command echo
[2026-06-09 13:17:59Z INFO HostContext] Well known directory 'Bin': 'C:\Users\vvaka\VisualStudio\repos\WorldBank.Automation.Solution\src\Automation.Framework\actions-runner\actions-runner-win-x64-2.334.0\bin'
[2026-06-09 13:17:59Z INFO HostContext] Well known directory 'Root': 'C:\Users\vvaka\VisualStudio\repos\WorldBank.Automation.Solution\src\Automation.Framework\actions-runner\actions-runner-win-x64-2.334.0'
[2026-06-09 13:17:59Z INFO HostContext] Well known directory 'Externals': 'C:\Users\vvaka\VisualStudio\repos\WorldBank.Automation.Solution\src\Automation.Framework\actions-runner\actions-runner-win-x64-2.334.0\externals'
[2026-06-09 13:17:59Z INFO ProcessInvokerWrapper] Starting process:
[2026-06-09 13:17:59Z INFO ProcessInvokerWrapper]   File name: 'C:\Users\vvaka\VisualStudio\repos\WorldBank.Automation.Solution\src\Automation.Framework\actions-runner\actions-runner-win-x64-2.334.0\externals\node20\bin\node.exe'
[2026-06-09 13:17:59Z INFO ProcessInvokerWrapper]   Arguments: '"C:\Users\vvaka\VisualStudio\repos\WorldBank.Automation.Solution\src\Automation.Framework\actions-runner\actions-runner-win-x64-2.334.0\_work\_actions\actions\checkout\v4\dist/index.js"'
[2026-06-09 13:17:59Z INFO ProcessInvokerWrapper]   Working directory: 'C:\Users\vvaka\VisualStudio\repos\WorldBank.Automation.Solution\src\Automation.Framework\actions-runner\actions-runner-win-x64-2.334.0\_work\WorldBank-Core-Automation-Playwrite\WorldBank-Core-Automation-Playwrite'
[2026-06-09 13:17:59Z INFO ProcessInvokerWrapper]   Require exit code zero: 'False'
[2026-06-09 13:17:59Z INFO ProcessInvokerWrapper]   Encoding web name: utf-8 ; code page: '65001'
[2026-06-09 13:17:59Z INFO ProcessInvokerWrapper]   Force kill process on cancellation: 'False'
[2026-06-09 13:17:59Z INFO ProcessInvokerWrapper]   Redirected STDIN: 'False'
[2026-06-09 13:17:59Z INFO ProcessInvokerWrapper]   Persist current code page: 'True'
[2026-06-09 13:17:59Z INFO ProcessInvokerWrapper]   Keep redirected STDIN open: 'False'
[2026-06-09 13:17:59Z INFO ProcessInvokerWrapper]   High priority process: 'False'
[2026-06-09 13:17:59Z INFO JobServerQueue] Try to append 1 batches web console lines for record '818b66a1-5cfc-485a-9b07-373f719132e3', success rate: 1/1.
[2026-06-09 13:17:59Z INFO JobServerQueue] Try to append 1 batches web console lines for record '86c2f879-dd0e-462c-9e86-1c07b28f038a', success rate: 1/1.
[2026-06-09 13:17:59Z INFO JobServerQueue] Tried to upload 1 file(s) to results, success rate: 1/1.
[2026-06-09 13:17:59Z INFO ProcessInvokerWrapper] Process started with process id 59812, waiting for process exit.
[2026-06-09 13:17:59Z INFO AddMaskCommandExtension] Add new secret mask with length of 32
[2026-06-09 13:17:59Z INFO JobServerQueue] Try to append 1 batches web console lines for record '86c2f879-dd0e-462c-9e86-1c07b28f038a', success rate: 1/1.
[2026-06-09 13:17:59Z INFO JobServerQueue] Try to append 1 batches web console lines for record '86c2f879-dd0e-462c-9e86-1c07b28f038a', success rate: 1/1.
[2026-06-09 13:18:00Z INFO JobServerQueue] Try to upload 1 log files or attachments, success rate: 1/1.
[2026-06-09 13:18:00Z INFO JobServerQueue] Got a step log file to send to results service.
[2026-06-09 13:18:00Z INFO JobServerQueue] Starting upload of step log file to results service ResultsLog, C:\Users\vvaka\VisualStudio\repos\WorldBank.Automation.Solution\src\Automation.Framework\actions-runner\actions-runner-win-x64-2.334.0\_diag\blocks\68dc7fdf-0a37-4d80-9fb0-60a06311ab83_818b66a1-5cfc-485a-9b07-373f719132e3.1
[2026-06-09 13:18:00Z INFO JobServerQueue] Tried to upload 1 file(s) to results, success rate: 1/1.
[2026-06-09 13:18:00Z INFO JobServerQueue] Try to append 1 batches web console lines for record '86c2f879-dd0e-462c-9e86-1c07b28f038a', success rate: 1/1.
[2026-06-09 13:18:02Z INFO JobServerQueue] Try to append 1 batches web console lines for record '86c2f879-dd0e-462c-9e86-1c07b28f038a', success rate: 1/1.
[2026-06-09 13:18:02Z INFO ProcessInvokerWrapper] STDOUT/STDERR stream read finished.
[2026-06-09 13:18:02Z INFO ProcessInvokerWrapper] STDOUT/STDERR stream read finished.
[2026-06-09 13:18:02Z INFO ProcessInvokerWrapper] Finished process 59812 with exit code 0, and elapsed time 00:00:03.6260538.
[2026-06-09 13:18:02Z INFO CreateStepSummaryCommand] Step Summary file (C:\Users\vvaka\VisualStudio\repos\WorldBank.Automation.Solution\src\Automation.Framework\actions-runner\actions-runner-win-x64-2.334.0\_work\_temp\_runner_file_commands\step_summary_c1d9e6b5-8ac5-4d3d-aec7-a2c9812883d8) is empty; skipping attachment upload
[2026-06-09 13:18:02Z INFO StepsRunner] Step result: 
[2026-06-09 13:18:02Z INFO ExecutionContext] Publish step telemetry for current step {
  "action": "actions/checkout",
  "ref": "v4",
  "type": "node20",
  "stage": "Post",
  "stepId": "86c2f879-dd0e-462c-9e86-1c07b28f038a",
  "result": "succeeded",
  "errorMessages": [],
  "executionTimeInSeconds": 4,
  "startTime": "2026-06-09T13:17:59.2449214Z",
  "finishTime": "2026-06-09T13:18:02.9621598Z"
}.
[2026-06-09 13:18:02Z INFO StepsRunner] No need for updating job result with current step result 'Succeeded'.
[2026-06-09 13:18:02Z INFO StepsRunner] Current state: job state = 'Failed'
[2026-06-09 13:18:02Z INFO JobRunner] Finalize job.
[2026-06-09 13:18:02Z INFO HostContext] Well known directory 'Bin': 'C:\Users\vvaka\VisualStudio\repos\WorldBank.Automation.Solution\src\Automation.Framework\actions-runner\actions-runner-win-x64-2.334.0\bin'
[2026-06-09 13:18:02Z INFO HostContext] Well known directory 'Root': 'C:\Users\vvaka\VisualStudio\repos\WorldBank.Automation.Solution\src\Automation.Framework\actions-runner\actions-runner-win-x64-2.334.0'
[2026-06-09 13:18:02Z INFO HostContext] Well known directory 'Diag': 'C:\Users\vvaka\VisualStudio\repos\WorldBank.Automation.Solution\src\Automation.Framework\actions-runner\actions-runner-win-x64-2.334.0\_diag'
[2026-06-09 13:18:02Z INFO HostContext] Well known directory 'Bin': 'C:\Users\vvaka\VisualStudio\repos\WorldBank.Automation.Solution\src\Automation.Framework\actions-runner\actions-runner-win-x64-2.334.0\bin'
[2026-06-09 13:18:02Z INFO HostContext] Well known directory 'Root': 'C:\Users\vvaka\VisualStudio\repos\WorldBank.Automation.Solution\src\Automation.Framework\actions-runner\actions-runner-win-x64-2.334.0'
[2026-06-09 13:18:02Z INFO HostContext] Well known directory 'Diag': 'C:\Users\vvaka\VisualStudio\repos\WorldBank.Automation.Solution\src\Automation.Framework\actions-runner\actions-runner-win-x64-2.334.0\_diag'
[2026-06-09 13:18:02Z INFO JobExtension] Initialize Env context
[2026-06-09 13:18:02Z INFO JobExtension] Initialize steps context
[2026-06-09 13:18:02Z INFO JobExtension] Total accessible running process: 437.
[2026-06-09 13:18:02Z INFO JobExtension] Inspecting process environment variables. PID: 60452 (svchost)
[2026-06-09 13:18:02Z INFO JobExtension] Inspecting process environment variables. PID: 22984 (SearchProtocolHost)
[2026-06-09 13:18:03Z INFO JobServerQueue] Try to append 1 batches web console lines for record '2b74396c-cc30-4b33-a888-8c796aedb58e', success rate: 1/1.
[2026-06-09 13:18:03Z INFO JobExtension] Inspecting process environment variables. PID: 60884 (sppsvc)
[2026-06-09 13:18:03Z WARN JobExtension] Ignore exception during read process environment variables: Access is denied.
[2026-06-09 13:18:03Z INFO JobExtension] Wait for all connectivity checks to finish.
[2026-06-09 13:18:03Z INFO JobExtension] Connectivity check result: GitHub.Runner.Worker.JobExtension+CheckResult
[2026-06-09 13:18:03Z INFO JobExtension] Connectivity check result: GitHub.Runner.Worker.JobExtension+CheckResult
[2026-06-09 13:18:03Z INFO JobExtension] Connectivity check result: GitHub.Runner.Worker.JobExtension+CheckResult
[2026-06-09 13:18:03Z INFO ExecutionContext] Publish step telemetry for current step {
  "action": "complete_job",
  "type": "runner",
  "stage": "Post",
  "stepId": "2b74396c-cc30-4b33-a888-8c796aedb58e",
  "result": "succeeded",
  "errorMessages": [
    "Node.js 20 actions are deprecated. The following actions are running on Node.js 20 and may not work as expected: actions/checkout@v4, actions/upload-artifact@v4, peaceiris/actions-gh-pages@v3. Actions will be forced to run with Node.js 24 by default starti"
  ],
  "executionTimeInSeconds": 1,
  "startTime": "2026-06-09T13:18:02.9680328Z",
  "finishTime": "2026-06-09T13:18:03.0121079Z"
}.
[2026-06-09 13:18:03Z INFO JobRunner] Job result after all job steps finish: Failed
[2026-06-09 13:18:03Z INFO JobRunner] Completing the job execution context.
[2026-06-09 13:18:03Z INFO JobRunner] Shutting down the job server queue.
[2026-06-09 13:18:03Z INFO JobServerQueue] Fire signal to shutdown all queues.
[2026-06-09 13:18:03Z INFO JobServerQueue] All queue process task stopped.
[2026-06-09 13:18:03Z INFO JobServerQueue] Try to append 1 batches web console lines for record '2b74396c-cc30-4b33-a888-8c796aedb58e', success rate: 1/1.
[2026-06-09 13:18:03Z INFO JobServerQueue] Web console line queue drained.
[2026-06-09 13:18:03Z INFO JobServerQueue] Uploading 3 files in one shot.
[2026-06-09 13:18:03Z INFO JobServerQueue] Try to upload 3 log files or attachments, success rate: 3/3.
[2026-06-09 13:18:03Z INFO JobServerQueue] File upload queue drained.
[2026-06-09 13:18:03Z INFO JobServerQueue] Starting results-based upload queue...
[2026-06-09 13:18:03Z INFO JobServerQueue] Uploading 3 file(s) in one shot through results service.
[2026-06-09 13:18:03Z INFO JobServerQueue] Got a step log file to send to results service.
[2026-06-09 13:18:03Z INFO JobServerQueue] Starting upload of step log file to results service ResultsLog, C:\Users\vvaka\VisualStudio\repos\WorldBank.Automation.Solution\src\Automation.Framework\actions-runner\actions-runner-win-x64-2.334.0\_diag\blocks\68dc7fdf-0a37-4d80-9fb0-60a06311ab83_86c2f879-dd0e-462c-9e86-1c07b28f038a.1
[2026-06-09 13:18:04Z INFO JobServerQueue] Got a step log file to send to results service.
[2026-06-09 13:18:04Z INFO JobServerQueue] Starting upload of step log file to results service ResultsLog, C:\Users\vvaka\VisualStudio\repos\WorldBank.Automation.Solution\src\Automation.Framework\actions-runner\actions-runner-win-x64-2.334.0\_diag\blocks\68dc7fdf-0a37-4d80-9fb0-60a06311ab83_2b74396c-cc30-4b33-a888-8c796aedb58e.1
[2026-06-09 13:18:04Z INFO JobServerQueue] Got a job log file to send to results service.
[2026-06-09 13:18:04Z INFO JobServerQueue] Starting upload of job log file to results service ResultsLog, C:\Users\vvaka\VisualStudio\repos\WorldBank.Automation.Solution\src\Automation.Framework\actions-runner\actions-runner-win-x64-2.334.0\_diag\blocks\68dc7fdf-0a37-4d80-9fb0-60a06311ab83_dfceb768-ea3c-5a3d-93f5-04fc129f1131.1
[2026-06-09 13:18:05Z INFO JobServerQueue] Tried to upload 3 file(s) to results, success rate: 3/3.
[2026-06-09 13:18:05Z INFO JobServerQueue] Results upload queue drained.
[2026-06-09 13:18:05Z INFO JobServerQueue] Timeline update queue drained.
[2026-06-09 13:18:05Z INFO JobServerQueue] Disposing job server ...
[2026-06-09 13:18:05Z INFO JobServerQueue] Disposing results server ...
[2026-06-09 13:18:05Z INFO JobServerQueue] All queue process tasks have been stopped, and all queues are drained.
[2026-06-09 13:18:05Z INFO TempDirectoryManager] Cleaning runner temp folder: C:\Users\vvaka\VisualStudio\repos\WorldBank.Automation.Solution\src\Automation.Framework\actions-runner\actions-runner-win-x64-2.334.0\_work\_temp
[2026-06-09 13:18:05Z INFO HostContext] Well known directory 'Bin': 'C:\Users\vvaka\VisualStudio\repos\WorldBank.Automation.Solution\src\Automation.Framework\actions-runner\actions-runner-win-x64-2.334.0\bin'
[2026-06-09 13:18:05Z INFO HostContext] Well known directory 'Root': 'C:\Users\vvaka\VisualStudio\repos\WorldBank.Automation.Solution\src\Automation.Framework\actions-runner\actions-runner-win-x64-2.334.0'
[2026-06-09 13:18:05Z INFO HostContext] Well known directory 'Diag': 'C:\Users\vvaka\VisualStudio\repos\WorldBank.Automation.Solution\src\Automation.Framework\actions-runner\actions-runner-win-x64-2.334.0\_diag'
[2026-06-09 13:18:05Z INFO HostContext] Well known config file 'Telemetry': 'C:\Users\vvaka\VisualStudio\repos\WorldBank.Automation.Solution\src\Automation.Framework\actions-runner\actions-runner-win-x64-2.334.0\_diag\.telemetry'
[2026-06-09 13:18:05Z INFO JobRunner] Raising job completed against run service
[2026-06-09 13:18:05Z INFO Worker] Job completed.
